filepath,label
BAD/ASLLVD_BAD__ASL_2006_10_10_scene3-2096-2115_camera1.mov,BAD
BAD/ASLLVD_BAD__ASL_2006_10_10_scene3-2096-2115_camera1_aug_brightness_contrast.mp4,BAD
BAD/ASLLVD_BAD__ASL_2006_10_10_scene3-2096-2115_camera1_aug_horizontal_flip.mp4,BAD
BAD/ASLLVD_BAD__ASL_2006_10_10_scene3-2096-2115_camera1_aug_slight_rotation.mp4,BAD
BAD/ASLLVD_BAD__ASL_2006_10_10_scene3-2096-2115_camera1_aug_temporal.mp4,BAD
BAD/ASLLVD_BAD__ASL_2008_01_11_scene29-1327-1358_camera1.mov,BAD
BAD/ASLLVD_BAD__ASL_2008_01_11_scene29-1327-1358_camera1_aug_brightness_contrast.mp4,BAD
BAD/ASLLVD_BAD__ASL_2008_01_11_scene29-1327-1358_camera1_aug_horizontal_flip.mp4,BAD
BAD/ASLLVD_BAD__ASL_2008_01_11_scene29-1327-1358_camera1_aug_slight_rotation.mp4,BAD
BAD/ASLLVD_BAD__ASL_2008_01_11_scene29-1327-1358_camera1_aug_temporal.mp4,BAD
BAD/ASLLVD_BAD__ASL_2008_05_12_scene19-932-951_camera1.mov,BAD
BAD/ASLLVD_BAD__ASL_2008_05_12_scene19-932-951_camera1_aug_brightness_contrast.mp4,BAD
BAD/ASLLVD_BAD__ASL_2008_05_12_scene19-932-951_camera1_aug_horizontal_flip.mp4,BAD
BAD/ASLLVD_BAD__ASL_2008_05_12_scene19-932-951_camera1_aug_slight_rotation.mp4,BAD
BAD/ASLLVD_BAD__ASL_2008_05_12_scene19-932-951_camera1_aug_temporal.mp4,BAD
BAD/ASLLVD_BAD__ASL_2011_06_08_scene15-3745-3762_camera1.mov,BAD
BAD/ASLLVD_BAD__ASL_2011_06_08_scene15-3745-3762_camera1_aug_brightness_contrast.mp4,BAD
BAD/ASLLVD_BAD__ASL_2011_06_08_scene15-3745-3762_camera1_aug_horizontal_flip.mp4,BAD
BAD/ASLLVD_BAD__ASL_2011_06_08_scene15-3745-3762_camera1_aug_slight_rotation.mp4,BAD
BAD/ASLLVD_BAD__ASL_2011_06_08_scene15-3745-3762_camera1_aug_temporal.mp4,BAD
BAD/desktop.ini,BAD
BAD/desktop_aug_brightness_contrast.mp4,BAD
BAD/desktop_aug_horizontal_flip.mp4,BAD
BAD/desktop_aug_slight_rotation.mp4,BAD
BAD/desktop_aug_temporal.mp4,BAD
BAD/msasl_bad_ASL_1_Set_2_Supplemental_Vocabulary.mp4.mkv,BAD
BAD/msasl_bad_ASL_1_Set_2_Supplemental_Vocabulary.mp4_aug_brightness_contrast.mp4,BAD
BAD/msasl_bad_ASL_1_Set_2_Supplemental_Vocabulary.mp4_aug_horizontal_flip.mp4,BAD
BAD/msasl_bad_ASL_1_Set_2_Supplemental_Vocabulary.mp4_aug_slight_rotation.mp4,BAD
BAD/msasl_bad_ASL_1_Set_2_Supplemental_Vocabulary.mp4_aug_temporal.mp4,BAD
BAD/msasl_bad_ASL_Bad_.mp4.mkv,BAD
BAD/msasl_bad_ASL_Bad_.mp4_aug_brightness_contrast.mp4,BAD
BAD/msasl_bad_ASL_Bad_.mp4_aug_horizontal_flip.mp4,BAD
BAD/msasl_bad_ASL_Bad_.mp4_aug_slight_rotation.mp4,BAD
BAD/msasl_bad_ASL_Bad_.mp4_aug_temporal.mp4,BAD
BAD/msasl_bad_ASL_Basic_Classroom_Signs.mp4.mkv,BAD
BAD/msasl_bad_ASL_Basic_Classroom_Signs.mp4_aug_brightness_contrast.mp4,BAD
BAD/msasl_bad_ASL_Basic_Classroom_Signs.mp4_aug_horizontal_flip.mp4,BAD
BAD/msasl_bad_ASL_Basic_Classroom_Signs.mp4_aug_slight_rotation.mp4,BAD
BAD/msasl_bad_ASL_Basic_Classroom_Signs.mp4_aug_temporal.mp4,BAD
BAD/msasl_bad_ASL_I_-_Unit_11.mp4.mkv,BAD
BAD/msasl_bad_ASL_I_-_Unit_11.mp4_aug_brightness_contrast.mp4,BAD
BAD/msasl_bad_ASL_I_-_Unit_11.mp4_aug_horizontal_flip.mp4,BAD
BAD/msasl_bad_ASL_I_-_Unit_11.mp4_aug_slight_rotation.mp4,BAD
BAD/msasl_bad_ASL_I_-_Unit_11.mp4_aug_temporal.mp4,BAD
BAD/msasl_bad_ASL_Level_2_Unit_11_Vocabulary.mp4,BAD
BAD/msasl_bad_ASL_Level_2_Unit_11_Vocabulary_aug_brightness_contrast.mp4,BAD
BAD/msasl_bad_ASL_Level_2_Unit_11_Vocabulary_aug_horizontal_flip.mp4,BAD
BAD/msasl_bad_ASL_Level_2_Unit_11_Vocabulary_aug_slight_rotation.mp4,BAD
BAD/msasl_bad_ASL_Level_2_Unit_11_Vocabulary_aug_temporal.mp4,BAD
BAD/msasl_bad_ASL_Vocabulary_Opposites.mp4.mkv,BAD
BAD/msasl_bad_ASL_Vocabulary_Opposites.mp4_aug_brightness_contrast.mp4,BAD
BAD/msasl_bad_ASL_Vocabulary_Opposites.mp4_aug_horizontal_flip.mp4,BAD
BAD/msasl_bad_ASL_Vocabulary_Opposites.mp4_aug_slight_rotation.mp4,BAD
BAD/msasl_bad_ASL_Vocabulary_Opposites.mp4_aug_temporal.mp4,BAD
BAD/msasl_bad_Aug_to_Oct_Voc_Captions.mp4.mkv,BAD
BAD/msasl_bad_Aug_to_Oct_Voc_Captions.mp4_aug_brightness_contrast.mp4,BAD
BAD/msasl_bad_Aug_to_Oct_Voc_Captions.mp4_aug_horizontal_flip.mp4,BAD
BAD/msasl_bad_Aug_to_Oct_Voc_Captions.mp4_aug_slight_rotation.mp4,BAD
BAD/msasl_bad_Aug_to_Oct_Voc_Captions.mp4_aug_temporal.mp4,BAD
BAD/msasl_bad_BAD(1).mp4,BAD
BAD/msasl_bad_BAD(1)_aug_brightness_contrast.mp4,BAD
BAD/msasl_bad_BAD(1)_aug_horizontal_flip.mp4,BAD
BAD/msasl_bad_BAD(1)_aug_slight_rotation.mp4,BAD
BAD/msasl_bad_BAD(1)_aug_temporal.mp4,BAD
BAD/msasl_bad_BAD(2).mp4.mkv,BAD
BAD/msasl_bad_BAD(2).mp4_aug_brightness_contrast.mp4,BAD
BAD/msasl_bad_BAD(2).mp4_aug_horizontal_flip.mp4,BAD
BAD/msasl_bad_BAD(2).mp4_aug_slight_rotation.mp4,BAD
BAD/msasl_bad_BAD(2).mp4_aug_temporal.mp4,BAD
BAD/msasl_bad_Characters_vocabulary.mp4.mkv,BAD
BAD/msasl_bad_Characters_vocabulary.mp4_aug_brightness_contrast.mp4,BAD
BAD/msasl_bad_Characters_vocabulary.mp4_aug_horizontal_flip.mp4,BAD
BAD/msasl_bad_Characters_vocabulary.mp4_aug_slight_rotation.mp4,BAD
BAD/msasl_bad_Characters_vocabulary.mp4_aug_temporal.mp4,BAD
BAD/msasl_bad_Food_unit_(first_three_pages).mp4,BAD
BAD/msasl_bad_Food_unit_(first_three_pages)_aug_brightness_contrast.mp4,BAD
BAD/msasl_bad_Food_unit_(first_three_pages)_aug_horizontal_flip.mp4,BAD
BAD/msasl_bad_Food_unit_(first_three_pages)_aug_slight_rotation.mp4,BAD
BAD/msasl_bad_Food_unit_(first_three_pages)_aug_temporal.mp4,BAD
BAD/msasl_bad_Learn_ASL_Signing_about_feelings_and_emotions.mp4.webm,BAD
BAD/msasl_bad_Learn_ASL_Signing_about_feelings_and_emotions.mp4_aug_brightness_contrast.mp4,BAD
BAD/msasl_bad_Learn_ASL_Signing_about_feelings_and_emotions.mp4_aug_horizontal_flip.mp4,BAD
BAD/msasl_bad_Learn_ASL_Signing_about_feelings_and_emotions.mp4_aug_slight_rotation.mp4,BAD
BAD/msasl_bad_Learn_ASL_Signing_about_feelings_and_emotions.mp4_aug_temporal.mp4,BAD
BAD/msasl_bad_Medical_Vocabulary_in_ASL_for_EMS_employees.mp4.mkv,BAD
BAD/msasl_bad_Medical_Vocabulary_in_ASL_for_EMS_employees.mp4_aug_brightness_contrast.mp4,BAD
BAD/msasl_bad_Medical_Vocabulary_in_ASL_for_EMS_employees.mp4_aug_horizontal_flip.mp4,BAD
BAD/msasl_bad_Medical_Vocabulary_in_ASL_for_EMS_employees.mp4_aug_slight_rotation.mp4,BAD
BAD/msasl_bad_Medical_Vocabulary_in_ASL_for_EMS_employees.mp4_aug_temporal.mp4,BAD
BAD/msasl_bad_Robber_and_the_Geek_Vocab_video_for_ASL_class.mp4,BAD
BAD/msasl_bad_Robber_and_the_Geek_Vocab_video_for_ASL_class_aug_brightness_contrast.mp4,BAD
BAD/msasl_bad_Robber_and_the_Geek_Vocab_video_for_ASL_class_aug_horizontal_flip.mp4,BAD
BAD/msasl_bad_Robber_and_the_Geek_Vocab_video_for_ASL_class_aug_slight_rotation.mp4,BAD
BAD/msasl_bad_Robber_and_the_Geek_Vocab_video_for_ASL_class_aug_temporal.mp4,BAD
BAD/msasl_bad_SN_Unit_1_Video_Vocab_Review.mp4.mkv,BAD
BAD/msasl_bad_SN_Unit_1_Video_Vocab_Review.mp4_aug_brightness_contrast.mp4,BAD
BAD/msasl_bad_SN_Unit_1_Video_Vocab_Review.mp4_aug_horizontal_flip.mp4,BAD
BAD/msasl_bad_SN_Unit_1_Video_Vocab_Review.mp4_aug_slight_rotation.mp4,BAD
BAD/msasl_bad_SN_Unit_1_Video_Vocab_Review.mp4_aug_temporal.mp4,BAD
BAD/msasl_bad_SWIC_Community_Ed_-_Class_Two.mp4.mkv,BAD
BAD/msasl_bad_SWIC_Community_Ed_-_Class_Two.mp4_aug_brightness_contrast.mp4,BAD
BAD/msasl_bad_SWIC_Community_Ed_-_Class_Two.mp4_aug_horizontal_flip.mp4,BAD
BAD/msasl_bad_SWIC_Community_Ed_-_Class_Two.mp4_aug_slight_rotation.mp4,BAD
BAD/msasl_bad_SWIC_Community_Ed_-_Class_Two.mp4_aug_temporal.mp4,BAD
BAD/msasl_bad_Signing_Naturally_Unit_14_Vocabulary_(UpdatedShorter_Version).mp4.mkv,BAD
BAD/msasl_bad_Signing_Naturally_Unit_14_Vocabulary_(UpdatedShorter_Version).mp4_aug_brightness_contrast.mp4,BAD
BAD/msasl_bad_Signing_Naturally_Unit_14_Vocabulary_(UpdatedShorter_Version).mp4_aug_horizontal_flip.mp4,BAD
BAD/msasl_bad_Signing_Naturally_Unit_14_Vocabulary_(UpdatedShorter_Version).mp4_aug_slight_rotation.mp4,BAD
BAD/msasl_bad_Signing_Naturally_Unit_14_Vocabulary_(UpdatedShorter_Version).mp4_aug_temporal.mp4,BAD
BAD/msasl_bad_Signing_Naturally_Unit_14_Vocabulary_Signed_by_Dr_Wooten.mp4.mkv,BAD
BAD/msasl_bad_Signing_Naturally_Unit_14_Vocabulary_Signed_by_Dr_Wooten.mp4_aug_brightness_contrast.mp4,BAD
BAD/msasl_bad_Signing_Naturally_Unit_14_Vocabulary_Signed_by_Dr_Wooten.mp4_aug_horizontal_flip.mp4,BAD
BAD/msasl_bad_Signing_Naturally_Unit_14_Vocabulary_Signed_by_Dr_Wooten.mp4_aug_slight_rotation.mp4,BAD
BAD/msasl_bad_Signing_Naturally_Unit_14_Vocabulary_Signed_by_Dr_Wooten.mp4_aug_temporal.mp4,BAD
BAD/msasl_bad_The_First_100_Signs_You_Need_to_Know.mp4,BAD
BAD/msasl_bad_The_First_100_Signs_You_Need_to_Know_aug_brightness_contrast.mp4,BAD
BAD/msasl_bad_The_First_100_Signs_You_Need_to_Know_aug_horizontal_flip.mp4,BAD
BAD/msasl_bad_The_First_100_Signs_You_Need_to_Know_aug_slight_rotation.mp4,BAD
BAD/msasl_bad_The_First_100_Signs_You_Need_to_Know_aug_temporal.mp4,BAD
BAD/msasl_bad_Unit_04_Vocabulary.mp4.webm,BAD
BAD/msasl_bad_Unit_04_Vocabulary.mp4_aug_brightness_contrast.mp4,BAD
BAD/msasl_bad_Unit_04_Vocabulary.mp4_aug_horizontal_flip.mp4,BAD
BAD/msasl_bad_Unit_04_Vocabulary.mp4_aug_slight_rotation.mp4,BAD
BAD/msasl_bad_Unit_04_Vocabulary.mp4_aug_temporal.mp4,BAD
BAD/msasl_bad_Unit_1_vocabulary_part_1.mp4.mkv,BAD
BAD/msasl_bad_Unit_1_vocabulary_part_1.mp4_aug_brightness_contrast.mp4,BAD
BAD/msasl_bad_Unit_1_vocabulary_part_1.mp4_aug_horizontal_flip.mp4,BAD
BAD/msasl_bad_Unit_1_vocabulary_part_1.mp4_aug_slight_rotation.mp4,BAD
BAD/msasl_bad_Unit_1_vocabulary_part_1.mp4_aug_temporal.mp4,BAD
BAD/msasl_bad_Unit_22_-_Common_Words_in_ASL_(Part_One).mp4,BAD
BAD/msasl_bad_Unit_22_-_Common_Words_in_ASL_(Part_One)_aug_brightness_contrast.mp4,BAD
BAD/msasl_bad_Unit_22_-_Common_Words_in_ASL_(Part_One)_aug_horizontal_flip.mp4,BAD
BAD/msasl_bad_Unit_22_-_Common_Words_in_ASL_(Part_One)_aug_slight_rotation.mp4,BAD
BAD/msasl_bad_Unit_22_-_Common_Words_in_ASL_(Part_One)_aug_temporal.mp4,BAD
BAD/msasl_bad_Unit_4.mp4.mkv,BAD
BAD/msasl_bad_Unit_4.mp4_aug_brightness_contrast.mp4,BAD
BAD/msasl_bad_Unit_4.mp4_aug_horizontal_flip.mp4,BAD
BAD/msasl_bad_Unit_4.mp4_aug_slight_rotation.mp4,BAD
BAD/msasl_bad_Unit_4.mp4_aug_temporal.mp4,BAD
BAD/msasl_bad_Useful_vocab.mp4,BAD
BAD/msasl_bad_Useful_vocab_aug_brightness_contrast.mp4,BAD
BAD/msasl_bad_Useful_vocab_aug_horizontal_flip.mp4,BAD
BAD/msasl_bad_Useful_vocab_aug_slight_rotation.mp4,BAD
BAD/msasl_bad_Useful_vocab_aug_temporal.mp4,BAD
BAD/msasl_bad_bad.mp4,BAD
BAD/msasl_bad_bad_aug_brightness_contrast.mp4,BAD
BAD/msasl_bad_bad_aug_horizontal_flip.mp4,BAD
BAD/msasl_bad_bad_aug_slight_rotation.mp4,BAD
BAD/msasl_bad_bad_aug_temporal.mp4,BAD
BAD/wlasl_04708.mp4,BAD
BAD/wlasl_04708_aug_brightness_contrast.mp4,BAD
BAD/wlasl_04708_aug_horizontal_flip.mp4,BAD
BAD/wlasl_04708_aug_slight_rotation.mp4,BAD
BAD/wlasl_04708_aug_temporal.mp4,BAD
BAD/wlasl_04709.mp4,BAD
BAD/wlasl_04709_aug_brightness_contrast.mp4,BAD
BAD/wlasl_04709_aug_horizontal_flip.mp4,BAD
BAD/wlasl_04709_aug_slight_rotation.mp4,BAD
BAD/wlasl_04709_aug_temporal.mp4,BAD
BAD/wlasl_04712.mp4,BAD
BAD/wlasl_04712_aug_brightness_contrast.mp4,BAD
BAD/wlasl_04712_aug_horizontal_flip.mp4,BAD
BAD/wlasl_04712_aug_slight_rotation.mp4,BAD
BAD/wlasl_04712_aug_temporal.mp4,BAD
BAD/wlasl_04713.mp4,BAD
BAD/wlasl_04713_aug_brightness_contrast.mp4,BAD
BAD/wlasl_04713_aug_horizontal_flip.mp4,BAD
BAD/wlasl_04713_aug_slight_rotation.mp4,BAD
BAD/wlasl_04713_aug_temporal.mp4,BAD
BAD/wlasl_04715.mp4,BAD
BAD/wlasl_04715_aug_brightness_contrast.mp4,BAD
BAD/wlasl_04715_aug_horizontal_flip.mp4,BAD
BAD/wlasl_04715_aug_slight_rotation.mp4,BAD
BAD/wlasl_04715_aug_temporal.mp4,BAD
BAD/wlasl_04717.mp4,BAD
BAD/wlasl_04717_aug_brightness_contrast.mp4,BAD
BAD/wlasl_04717_aug_horizontal_flip.mp4,BAD
BAD/wlasl_04717_aug_slight_rotation.mp4,BAD
BAD/wlasl_04717_aug_temporal.mp4,BAD
BAD/wlasl_04718.mp4,BAD
BAD/wlasl_04718_aug_brightness_contrast.mp4,BAD
BAD/wlasl_04718_aug_horizontal_flip.mp4,BAD
BAD/wlasl_04718_aug_slight_rotation.mp4,BAD
BAD/wlasl_04718_aug_temporal.mp4,BAD
BAD/wlasl_69219.mp4,BAD
BAD/wlasl_69219_aug_brightness_contrast.mp4,BAD
BAD/wlasl_69219_aug_horizontal_flip.mp4,BAD
BAD/wlasl_69219_aug_slight_rotation.mp4,BAD
BAD/wlasl_69219_aug_temporal.mp4,BAD
BIG/ASLLVD_BIG__ASL_2008_01_11_scene42-425-450_camera1.mov,BIG
BIG/ASLLVD_BIG__ASL_2008_01_11_scene42-425-450_camera1_aug_brightness_contrast.mp4,BIG
BIG/ASLLVD_BIG__ASL_2008_01_11_scene42-425-450_camera1_aug_horizontal_flip.mp4,BIG
BIG/ASLLVD_BIG__ASL_2008_01_11_scene42-425-450_camera1_aug_slight_rotation.mp4,BIG
BIG/ASLLVD_BIG__ASL_2008_01_11_scene42-425-450_camera1_aug_temporal.mp4,BIG
BIG/ASLLVD_BIG__ASL_2008_02_01_scene4-1570-1615_camera1.mov,BIG
BIG/ASLLVD_BIG__ASL_2008_02_01_scene4-1570-1615_camera1_aug_brightness_contrast.mp4,BIG
BIG/ASLLVD_BIG__ASL_2008_02_01_scene4-1570-1615_camera1_aug_horizontal_flip.mp4,BIG
BIG/ASLLVD_BIG__ASL_2008_02_01_scene4-1570-1615_camera1_aug_slight_rotation.mp4,BIG
BIG/ASLLVD_BIG__ASL_2008_02_01_scene4-1570-1615_camera1_aug_temporal.mp4,BIG
BIG/ASLLVD_BIG__ASL_2008_02_01_scene43-3522-3555_camera1.mov,BIG
BIG/ASLLVD_BIG__ASL_2008_02_01_scene43-3522-3555_camera1_aug_brightness_contrast.mp4,BIG
BIG/ASLLVD_BIG__ASL_2008_02_01_scene43-3522-3555_camera1_aug_horizontal_flip.mp4,BIG
BIG/ASLLVD_BIG__ASL_2008_02_01_scene43-3522-3555_camera1_aug_slight_rotation.mp4,BIG
BIG/ASLLVD_BIG__ASL_2008_02_01_scene43-3522-3555_camera1_aug_temporal.mp4,BIG
BIG/ASLLVD_BIG__ASL_2008_05_12_scene26-2976-2995_camera1.mov,BIG
BIG/ASLLVD_BIG__ASL_2008_05_12_scene26-2976-2995_camera1_aug_brightness_contrast.mp4,BIG
BIG/ASLLVD_BIG__ASL_2008_05_12_scene26-2976-2995_camera1_aug_horizontal_flip.mp4,BIG
BIG/ASLLVD_BIG__ASL_2008_05_12_scene26-2976-2995_camera1_aug_slight_rotation.mp4,BIG
BIG/ASLLVD_BIG__ASL_2008_05_12_scene26-2976-2995_camera1_aug_temporal.mp4,BIG
BIG/ASLLVD_BIG__ASL_2008_05_29_scene16-2432-2446_camera1.mov,BIG
BIG/ASLLVD_BIG__ASL_2008_05_29_scene16-2432-2446_camera1_aug_brightness_contrast.mp4,BIG
BIG/ASLLVD_BIG__ASL_2008_05_29_scene16-2432-2446_camera1_aug_horizontal_flip.mp4,BIG
BIG/ASLLVD_BIG__ASL_2008_05_29_scene16-2432-2446_camera1_aug_slight_rotation.mp4,BIG
BIG/ASLLVD_BIG__ASL_2008_05_29_scene16-2432-2446_camera1_aug_temporal.mp4,BIG
BIG/ASLLVD_BIG__ASL_2008_08_13_scene36-3432-3453_camera1.mov,BIG
BIG/ASLLVD_BIG__ASL_2008_08_13_scene36-3432-3453_camera1_aug_brightness_contrast.mp4,BIG
BIG/ASLLVD_BIG__ASL_2008_08_13_scene36-3432-3453_camera1_aug_horizontal_flip.mp4,BIG
BIG/ASLLVD_BIG__ASL_2008_08_13_scene36-3432-3453_camera1_aug_slight_rotation.mp4,BIG
BIG/ASLLVD_BIG__ASL_2008_08_13_scene36-3432-3453_camera1_aug_temporal.mp4,BIG
BIG/ASLLVD_BIG__ASL_2008_08_13_scene4-2337-2365_camera1.mov,BIG
BIG/ASLLVD_BIG__ASL_2008_08_13_scene4-2337-2365_camera1_aug_brightness_contrast.mp4,BIG
BIG/ASLLVD_BIG__ASL_2008_08_13_scene4-2337-2365_camera1_aug_horizontal_flip.mp4,BIG
BIG/ASLLVD_BIG__ASL_2008_08_13_scene4-2337-2365_camera1_aug_slight_rotation.mp4,BIG
BIG/ASLLVD_BIG__ASL_2008_08_13_scene4-2337-2365_camera1_aug_temporal.mp4,BIG
BIG/ASLLVD_BIG__ASL_2011_06_08_scene21-3602-3615_camera1.mov,BIG
BIG/ASLLVD_BIG__ASL_2011_06_08_scene21-3602-3615_camera1_aug_brightness_contrast.mp4,BIG
BIG/ASLLVD_BIG__ASL_2011_06_08_scene21-3602-3615_camera1_aug_horizontal_flip.mp4,BIG
BIG/ASLLVD_BIG__ASL_2011_06_08_scene21-3602-3615_camera1_aug_slight_rotation.mp4,BIG
BIG/ASLLVD_BIG__ASL_2011_06_08_scene21-3602-3615_camera1_aug_temporal.mp4,BIG
BIG/ASLLVD_BIG__ASL_2011_06_14_scene25-4894-4925_camera1.mov,BIG
BIG/ASLLVD_BIG__ASL_2011_06_14_scene25-4894-4925_camera1_aug_brightness_contrast.mp4,BIG
BIG/ASLLVD_BIG__ASL_2011_06_14_scene25-4894-4925_camera1_aug_horizontal_flip.mp4,BIG
BIG/ASLLVD_BIG__ASL_2011_06_14_scene25-4894-4925_camera1_aug_slight_rotation.mp4,BIG
BIG/ASLLVD_BIG__ASL_2011_06_14_scene25-4894-4925_camera1_aug_temporal.mp4,BIG
BIG/ASLLVD_BIG__ASL_2011_06_14_scene46-4741-4768_camera1.mov,BIG
BIG/ASLLVD_BIG__ASL_2011_06_14_scene46-4741-4768_camera1_aug_brightness_contrast.mp4,BIG
BIG/ASLLVD_BIG__ASL_2011_06_14_scene46-4741-4768_camera1_aug_horizontal_flip.mp4,BIG
BIG/ASLLVD_BIG__ASL_2011_06_14_scene46-4741-4768_camera1_aug_slight_rotation.mp4,BIG
BIG/ASLLVD_BIG__ASL_2011_06_14_scene46-4741-4768_camera1_aug_temporal.mp4,BIG
BIG/desktop.ini,BIG
BIG/desktop_aug_brightness_contrast.mp4,BIG
BIG/desktop_aug_horizontal_flip.mp4,BIG
BIG/desktop_aug_slight_rotation.mp4,BIG
BIG/desktop_aug_temporal.mp4,BIG
BIG/msasl_big_ASL1_Class_19_New_SIGNS.mp4.mkv,BIG
BIG/msasl_big_ASL1_Class_19_New_SIGNS.mp4_aug_brightness_contrast.mp4,BIG
BIG/msasl_big_ASL1_Class_19_New_SIGNS.mp4_aug_horizontal_flip.mp4,BIG
BIG/msasl_big_ASL1_Class_19_New_SIGNS.mp4_aug_slight_rotation.mp4,BIG
BIG/msasl_big_ASL1_Class_19_New_SIGNS.mp4_aug_temporal.mp4,BIG
BIG/msasl_big_ASL2_Class_11_SIGNS.mp4.mkv,BIG
BIG/msasl_big_ASL2_Class_11_SIGNS.mp4_aug_brightness_contrast.mp4,BIG
BIG/msasl_big_ASL2_Class_11_SIGNS.mp4_aug_horizontal_flip.mp4,BIG
BIG/msasl_big_ASL2_Class_11_SIGNS.mp4_aug_slight_rotation.mp4,BIG
BIG/msasl_big_ASL2_Class_11_SIGNS.mp4_aug_temporal.mp4,BIG
BIG/msasl_big_ASL_1_Unit_3_Vocabulary.mp4.mkv,BIG
BIG/msasl_big_ASL_1_Unit_3_Vocabulary.mp4_aug_brightness_contrast.mp4,BIG
BIG/msasl_big_ASL_1_Unit_3_Vocabulary.mp4_aug_horizontal_flip.mp4,BIG
BIG/msasl_big_ASL_1_Unit_3_Vocabulary.mp4_aug_slight_rotation.mp4,BIG
BIG/msasl_big_ASL_1_Unit_3_Vocabulary.mp4_aug_temporal.mp4,BIG
BIG/msasl_big_ASL_Big_.mp4,BIG
BIG/msasl_big_ASL_Big__aug_brightness_contrast.mp4,BIG
BIG/msasl_big_ASL_Big__aug_horizontal_flip.mp4,BIG
BIG/msasl_big_ASL_Big__aug_slight_rotation.mp4,BIG
BIG/msasl_big_ASL_Big__aug_temporal.mp4,BIG
BIG/msasl_big_ASL_I_Unit_7_Bingo_Vocabulary.mp4,BIG
BIG/msasl_big_ASL_I_Unit_7_Bingo_Vocabulary_aug_brightness_contrast.mp4,BIG
BIG/msasl_big_ASL_I_Unit_7_Bingo_Vocabulary_aug_horizontal_flip.mp4,BIG
BIG/msasl_big_ASL_I_Unit_7_Bingo_Vocabulary_aug_slight_rotation.mp4,BIG
BIG/msasl_big_ASL_I_Unit_7_Bingo_Vocabulary_aug_temporal.mp4,BIG
BIG/msasl_big_ASL_Vocabulary_Opposites.mp4,BIG
BIG/msasl_big_ASL_Vocabulary_Opposites_aug_brightness_contrast.mp4,BIG
BIG/msasl_big_ASL_Vocabulary_Opposites_aug_horizontal_flip.mp4,BIG
BIG/msasl_big_ASL_Vocabulary_Opposites_aug_slight_rotation.mp4,BIG
BIG/msasl_big_ASL_Vocabulary_Opposites_aug_temporal.mp4,BIG
BIG/msasl_big_ASL_Vocabulary_Opposites.mp4.mkv,BIG
BIG/msasl_big_ASL_Vocabulary_Opposites.mp4_aug_brightness_contrast.mp4,BIG
BIG/msasl_big_ASL_Vocabulary_Opposites.mp4_aug_horizontal_flip.mp4,BIG
BIG/msasl_big_ASL_Vocabulary_Opposites.mp4_aug_slight_rotation.mp4,BIG
BIG/msasl_big_ASL_Vocabulary_Opposites.mp4_aug_temporal.mp4,BIG
BIG/msasl_big_BIG(1).mp4.mkv,BIG
BIG/msasl_big_BIG(1).mp4_aug_brightness_contrast.mp4,BIG
BIG/msasl_big_BIG(1).mp4_aug_horizontal_flip.mp4,BIG
BIG/msasl_big_BIG(1).mp4_aug_slight_rotation.mp4,BIG
BIG/msasl_big_BIG(1).mp4_aug_temporal.mp4,BIG
BIG/msasl_big_BIG.mp4,BIG
BIG/msasl_big_BIG_aug_brightness_contrast.mp4,BIG
BIG/msasl_big_BIG_aug_horizontal_flip.mp4,BIG
BIG/msasl_big_BIG_aug_slight_rotation.mp4,BIG
BIG/msasl_big_BIG_aug_temporal.mp4,BIG
BIG/msasl_big_Family_Voc_Unit.mp4.mkv,BIG
BIG/msasl_big_Family_Voc_Unit.mp4_aug_brightness_contrast.mp4,BIG
BIG/msasl_big_Family_Voc_Unit.mp4_aug_horizontal_flip.mp4,BIG
BIG/msasl_big_Family_Voc_Unit.mp4_aug_slight_rotation.mp4,BIG
BIG/msasl_big_Family_Voc_Unit.mp4_aug_temporal.mp4,BIG
BIG/msasl_big_First_100_ADJECTIVES.mp4.mkv,BIG
BIG/msasl_big_First_100_ADJECTIVES.mp4_aug_brightness_contrast.mp4,BIG
BIG/msasl_big_First_100_ADJECTIVES.mp4_aug_horizontal_flip.mp4,BIG
BIG/msasl_big_First_100_ADJECTIVES.mp4_aug_slight_rotation.mp4,BIG
BIG/msasl_big_First_100_ADJECTIVES.mp4_aug_temporal.mp4,BIG
BIG/msasl_big_LARGE(1).mp4.webm,BIG
BIG/msasl_big_LARGE(1).mp4_aug_brightness_contrast.mp4,BIG
BIG/msasl_big_LARGE(1).mp4_aug_horizontal_flip.mp4,BIG
BIG/msasl_big_LARGE(1).mp4_aug_slight_rotation.mp4,BIG
BIG/msasl_big_LARGE(1).mp4_aug_temporal.mp4,BIG
BIG/msasl_big_LARGE.mp4.mkv,BIG
BIG/msasl_big_LARGE.mp4_aug_brightness_contrast.mp4,BIG
BIG/msasl_big_LARGE.mp4_aug_horizontal_flip.mp4,BIG
BIG/msasl_big_LARGE.mp4_aug_slight_rotation.mp4,BIG
BIG/msasl_big_LARGE.mp4_aug_temporal.mp4,BIG
BIG/msasl_big_Lesson_1_Vocabulary_-_A_Basic_Course_(ABC)_in_ASL.mp4.mkv,BIG
BIG/msasl_big_Lesson_1_Vocabulary_-_A_Basic_Course_(ABC)_in_ASL.mp4_aug_brightness_contrast.mp4,BIG
BIG/msasl_big_Lesson_1_Vocabulary_-_A_Basic_Course_(ABC)_in_ASL.mp4_aug_horizontal_flip.mp4,BIG
BIG/msasl_big_Lesson_1_Vocabulary_-_A_Basic_Course_(ABC)_in_ASL.mp4_aug_slight_rotation.mp4,BIG
BIG/msasl_big_Lesson_1_Vocabulary_-_A_Basic_Course_(ABC)_in_ASL.mp4_aug_temporal.mp4,BIG
BIG/msasl_big_Mr_Miseners_ASL_lesson_1_vocab_review.mp4.mkv,BIG
BIG/msasl_big_Mr_Miseners_ASL_lesson_1_vocab_review.mp4_aug_brightness_contrast.mp4,BIG
BIG/msasl_big_Mr_Miseners_ASL_lesson_1_vocab_review.mp4_aug_horizontal_flip.mp4,BIG
BIG/msasl_big_Mr_Miseners_ASL_lesson_1_vocab_review.mp4_aug_slight_rotation.mp4,BIG
BIG/msasl_big_Mr_Miseners_ASL_lesson_1_vocab_review.mp4_aug_temporal.mp4,BIG
BIG/msasl_big_Opinion_about_Places_Vocabulary_ASL_-_American_Sign_Language.mp4.mkv,BIG
BIG/msasl_big_Opinion_about_Places_Vocabulary_ASL_-_American_Sign_Language.mp4_aug_brightness_contrast.mp4,BIG
BIG/msasl_big_Opinion_about_Places_Vocabulary_ASL_-_American_Sign_Language.mp4_aug_horizontal_flip.mp4,BIG
BIG/msasl_big_Opinion_about_Places_Vocabulary_ASL_-_American_Sign_Language.mp4_aug_slight_rotation.mp4,BIG
BIG/msasl_big_Opinion_about_Places_Vocabulary_ASL_-_American_Sign_Language.mp4_aug_temporal.mp4,BIG
BIG/msasl_big_The_First_100_Signs_You_Need_to_Know.mp4.webm,BIG
BIG/msasl_big_The_First_100_Signs_You_Need_to_Know.mp4_aug_brightness_contrast.mp4,BIG
BIG/msasl_big_The_First_100_Signs_You_Need_to_Know.mp4_aug_horizontal_flip.mp4,BIG
BIG/msasl_big_The_First_100_Signs_You_Need_to_Know.mp4_aug_slight_rotation.mp4,BIG
BIG/msasl_big_The_First_100_Signs_You_Need_to_Know.mp4_aug_temporal.mp4,BIG
BIG/msasl_big_Types_of_Housing.mp4.mkv,BIG
BIG/msasl_big_Types_of_Housing.mp4_aug_brightness_contrast.mp4,BIG
BIG/msasl_big_Types_of_Housing.mp4_aug_horizontal_flip.mp4,BIG
BIG/msasl_big_Types_of_Housing.mp4_aug_slight_rotation.mp4,BIG
BIG/msasl_big_Types_of_Housing.mp4_aug_temporal.mp4,BIG
BIG/msasl_big_Unit_10_Vocabulary.mp4,BIG
BIG/msasl_big_Unit_10_Vocabulary_aug_brightness_contrast.mp4,BIG
BIG/msasl_big_Unit_10_Vocabulary_aug_horizontal_flip.mp4,BIG
BIG/msasl_big_Unit_10_Vocabulary_aug_slight_rotation.mp4,BIG
BIG/msasl_big_Unit_10_Vocabulary_aug_temporal.mp4,BIG
BIG/msasl_big_Unit_10_Vocabulary_-_Part_2mp4.mp4.mkv,BIG
BIG/msasl_big_Unit_10_Vocabulary_-_Part_2mp4.mp4_aug_brightness_contrast.mp4,BIG
BIG/msasl_big_Unit_10_Vocabulary_-_Part_2mp4.mp4_aug_horizontal_flip.mp4,BIG
BIG/msasl_big_Unit_10_Vocabulary_-_Part_2mp4.mp4_aug_slight_rotation.mp4,BIG
BIG/msasl_big_Unit_10_Vocabulary_-_Part_2mp4.mp4_aug_temporal.mp4,BIG
BIG/msasl_big_Unit_16_Vocabulary_(ASL_1)_-_w_CC.mp4,BIG
BIG/msasl_big_Unit_16_Vocabulary_(ASL_1)_-_w_CC_aug_brightness_contrast.mp4,BIG
BIG/msasl_big_Unit_16_Vocabulary_(ASL_1)_-_w_CC_aug_horizontal_flip.mp4,BIG
BIG/msasl_big_Unit_16_Vocabulary_(ASL_1)_-_w_CC_aug_slight_rotation.mp4,BIG
BIG/msasl_big_Unit_16_Vocabulary_(ASL_1)_-_w_CC_aug_temporal.mp4,BIG
BIG/msasl_big_Unit_22_-_Common_Words_in_ASL_(Part_One).mp4,BIG
BIG/msasl_big_Unit_22_-_Common_Words_in_ASL_(Part_One)_aug_brightness_contrast.mp4,BIG
BIG/msasl_big_Unit_22_-_Common_Words_in_ASL_(Part_One)_aug_horizontal_flip.mp4,BIG
BIG/msasl_big_Unit_22_-_Common_Words_in_ASL_(Part_One)_aug_slight_rotation.mp4,BIG
BIG/msasl_big_Unit_22_-_Common_Words_in_ASL_(Part_One)_aug_temporal.mp4,BIG
BIG/msasl_big_big_-_ASL_sign_for_big.mp4.webm,BIG
BIG/msasl_big_big_-_ASL_sign_for_big.mp4_aug_brightness_contrast.mp4,BIG
BIG/msasl_big_big_-_ASL_sign_for_big.mp4_aug_horizontal_flip.mp4,BIG
BIG/msasl_big_big_-_ASL_sign_for_big.mp4_aug_slight_rotation.mp4,BIG
BIG/msasl_big_big_-_ASL_sign_for_big.mp4_aug_temporal.mp4,BIG
BIG/msasl_big_large_(non_inflected_version).mp4.mkv,BIG
BIG/msasl_big_large_(non_inflected_version).mp4_aug_brightness_contrast.mp4,BIG
BIG/msasl_big_large_(non_inflected_version).mp4_aug_horizontal_flip.mp4,BIG
BIG/msasl_big_large_(non_inflected_version).mp4_aug_slight_rotation.mp4,BIG
BIG/msasl_big_large_(non_inflected_version).mp4_aug_temporal.mp4,BIG
BLUE/ASLLVD_BLUE__ASL_2006_10_10_scene4-1154-1185_camera1.mov,BLUE
BLUE/ASLLVD_BLUE__ASL_2006_10_10_scene4-1154-1185_camera1_aug_brightness_contrast.mp4,BLUE
BLUE/ASLLVD_BLUE__ASL_2006_10_10_scene4-1154-1185_camera1_aug_horizontal_flip.mp4,BLUE
BLUE/ASLLVD_BLUE__ASL_2006_10_10_scene4-1154-1185_camera1_aug_slight_rotation.mp4,BLUE
BLUE/ASLLVD_BLUE__ASL_2006_10_10_scene4-1154-1185_camera1_aug_temporal.mp4,BLUE
BLUE/ASLLVD_BLUE__ASL_2008_01_11_scene48-850-875_camera1.mov,BLUE
BLUE/ASLLVD_BLUE__ASL_2008_01_11_scene48-850-875_camera1_aug_brightness_contrast.mp4,BLUE
BLUE/ASLLVD_BLUE__ASL_2008_01_11_scene48-850-875_camera1_aug_horizontal_flip.mp4,BLUE
BLUE/ASLLVD_BLUE__ASL_2008_01_11_scene48-850-875_camera1_aug_slight_rotation.mp4,BLUE
BLUE/ASLLVD_BLUE__ASL_2008_01_11_scene48-850-875_camera1_aug_temporal.mp4,BLUE
BLUE/ASLLVD_BLUE__ASL_2008_05_12_scene30-1207-1240_camera1.mov,BLUE
BLUE/ASLLVD_BLUE__ASL_2008_05_12_scene30-1207-1240_camera1_aug_brightness_contrast.mp4,BLUE
BLUE/ASLLVD_BLUE__ASL_2008_05_12_scene30-1207-1240_camera1_aug_horizontal_flip.mp4,BLUE
BLUE/ASLLVD_BLUE__ASL_2008_05_12_scene30-1207-1240_camera1_aug_slight_rotation.mp4,BLUE
BLUE/ASLLVD_BLUE__ASL_2008_05_12_scene30-1207-1240_camera1_aug_temporal.mp4,BLUE
BLUE/ASLLVD_BLUE__ASL_2011_06_08_scene22-2610-2639_camera1.mov,BLUE
BLUE/ASLLVD_BLUE__ASL_2011_06_08_scene22-2610-2639_camera1_aug_brightness_contrast.mp4,BLUE
BLUE/ASLLVD_BLUE__ASL_2011_06_08_scene22-2610-2639_camera1_aug_horizontal_flip.mp4,BLUE
BLUE/ASLLVD_BLUE__ASL_2011_06_08_scene22-2610-2639_camera1_aug_slight_rotation.mp4,BLUE
BLUE/ASLLVD_BLUE__ASL_2011_06_08_scene22-2610-2639_camera1_aug_temporal.mp4,BLUE
BLUE/ASLLVD_BLUE__ASL_2011_06_08_scene22-3420-3451_camera1.mov,BLUE
BLUE/ASLLVD_BLUE__ASL_2011_06_08_scene22-3420-3451_camera1_aug_brightness_contrast.mp4,BLUE
BLUE/ASLLVD_BLUE__ASL_2011_06_08_scene22-3420-3451_camera1_aug_horizontal_flip.mp4,BLUE
BLUE/ASLLVD_BLUE__ASL_2011_06_08_scene22-3420-3451_camera1_aug_slight_rotation.mp4,BLUE
BLUE/ASLLVD_BLUE__ASL_2011_06_08_scene22-3420-3451_camera1_aug_temporal.mp4,BLUE
BLUE/ASLLVD_BLUE__ASL_2011_07_19_scene3-1560-1586_camera1.mov,BLUE
BLUE/ASLLVD_BLUE__ASL_2011_07_19_scene3-1560-1586_camera1_aug_brightness_contrast.mp4,BLUE
BLUE/ASLLVD_BLUE__ASL_2011_07_19_scene3-1560-1586_camera1_aug_horizontal_flip.mp4,BLUE
BLUE/ASLLVD_BLUE__ASL_2011_07_19_scene3-1560-1586_camera1_aug_slight_rotation.mp4,BLUE
BLUE/ASLLVD_BLUE__ASL_2011_07_19_scene3-1560-1586_camera1_aug_temporal.mp4,BLUE
BLUE/desktop.ini,BLUE
BLUE/desktop_aug_brightness_contrast.mp4,BLUE
BLUE/desktop_aug_horizontal_flip.mp4,BLUE
BLUE/desktop_aug_slight_rotation.mp4,BLUE
BLUE/desktop_aug_temporal.mp4,BLUE
BLUE/msasl_blue_ASL1_Class_15_New_SIGNS.mp4.mkv,BLUE
BLUE/msasl_blue_ASL1_Class_15_New_SIGNS.mp4_aug_brightness_contrast.mp4,BLUE
BLUE/msasl_blue_ASL1_Class_15_New_SIGNS.mp4_aug_horizontal_flip.mp4,BLUE
BLUE/msasl_blue_ASL1_Class_15_New_SIGNS.mp4_aug_slight_rotation.mp4,BLUE
BLUE/msasl_blue_ASL1_Class_15_New_SIGNS.mp4_aug_temporal.mp4,BLUE
BLUE/msasl_blue_ASL_1_Set_1_Supplemental_Vocabulary.mp4.mkv,BLUE
BLUE/msasl_blue_ASL_1_Set_1_Supplemental_Vocabulary.mp4_aug_brightness_contrast.mp4,BLUE
BLUE/msasl_blue_ASL_1_Set_1_Supplemental_Vocabulary.mp4_aug_horizontal_flip.mp4,BLUE
BLUE/msasl_blue_ASL_1_Set_1_Supplemental_Vocabulary.mp4_aug_slight_rotation.mp4,BLUE
BLUE/msasl_blue_ASL_1_Set_1_Supplemental_Vocabulary.mp4_aug_temporal.mp4,BLUE
BLUE/msasl_blue_ASL_1_Unit_1_Vocabulary.mp4.mkv,BLUE
BLUE/msasl_blue_ASL_1_Unit_1_Vocabulary.mp4_aug_brightness_contrast.mp4,BLUE
BLUE/msasl_blue_ASL_1_Unit_1_Vocabulary.mp4_aug_horizontal_flip.mp4,BLUE
BLUE/msasl_blue_ASL_1_Unit_1_Vocabulary.mp4_aug_slight_rotation.mp4,BLUE
BLUE/msasl_blue_ASL_1_Unit_1_Vocabulary.mp4_aug_temporal.mp4,BLUE
BLUE/msasl_blue_ASL_Blue_.mp4,BLUE
BLUE/msasl_blue_ASL_Blue__aug_brightness_contrast.mp4,BLUE
BLUE/msasl_blue_ASL_Blue__aug_horizontal_flip.mp4,BLUE
BLUE/msasl_blue_ASL_Blue__aug_slight_rotation.mp4,BLUE
BLUE/msasl_blue_ASL_Blue__aug_temporal.mp4,BLUE
BLUE/msasl_blue_ASL_Color_SIGN_.mp4.mkv,BLUE
BLUE/msasl_blue_ASL_Color_SIGN_.mp4_aug_brightness_contrast.mp4,BLUE
BLUE/msasl_blue_ASL_Color_SIGN_.mp4_aug_horizontal_flip.mp4,BLUE
BLUE/msasl_blue_ASL_Color_SIGN_.mp4_aug_slight_rotation.mp4,BLUE
BLUE/msasl_blue_ASL_Color_SIGN_.mp4_aug_temporal.mp4,BLUE
BLUE/msasl_blue_ASL_Colors_Clothes_Lesson.mp4.webm,BLUE
BLUE/msasl_blue_ASL_Colors_Clothes_Lesson.mp4_aug_brightness_contrast.mp4,BLUE
BLUE/msasl_blue_ASL_Colors_Clothes_Lesson.mp4_aug_horizontal_flip.mp4,BLUE
BLUE/msasl_blue_ASL_Colors_Clothes_Lesson.mp4_aug_slight_rotation.mp4,BLUE
BLUE/msasl_blue_ASL_Colors_Clothes_Lesson.mp4_aug_temporal.mp4,BLUE
BLUE/msasl_blue_ASL_Dictionary_Colors.mp4.mkv,BLUE
BLUE/msasl_blue_ASL_Dictionary_Colors.mp4_aug_brightness_contrast.mp4,BLUE
BLUE/msasl_blue_ASL_Dictionary_Colors.mp4_aug_horizontal_flip.mp4,BLUE
BLUE/msasl_blue_ASL_Dictionary_Colors.mp4_aug_slight_rotation.mp4,BLUE
BLUE/msasl_blue_ASL_Dictionary_Colors.mp4_aug_temporal.mp4,BLUE
BLUE/msasl_blue_ASL_I_-_Unit_1_Vocabulary.mp4,BLUE
BLUE/msasl_blue_ASL_I_-_Unit_1_Vocabulary_aug_brightness_contrast.mp4,BLUE
BLUE/msasl_blue_ASL_I_-_Unit_1_Vocabulary_aug_horizontal_flip.mp4,BLUE
BLUE/msasl_blue_ASL_I_-_Unit_1_Vocabulary_aug_slight_rotation.mp4,BLUE
BLUE/msasl_blue_ASL_I_-_Unit_1_Vocabulary_aug_temporal.mp4,BLUE
BLUE/msasl_blue_ASL_I_-_Unit_4_Vocabulary_Review.mp4,BLUE
BLUE/msasl_blue_ASL_I_-_Unit_4_Vocabulary_Review_aug_brightness_contrast.mp4,BLUE
BLUE/msasl_blue_ASL_I_-_Unit_4_Vocabulary_Review_aug_horizontal_flip.mp4,BLUE
BLUE/msasl_blue_ASL_I_-_Unit_4_Vocabulary_Review_aug_slight_rotation.mp4,BLUE
BLUE/msasl_blue_ASL_I_-_Unit_4_Vocabulary_Review_aug_temporal.mp4,BLUE
BLUE/msasl_blue_ASL_Level_1_Unit_3_Vocabulary.mp4,BLUE
BLUE/msasl_blue_ASL_Level_1_Unit_3_Vocabulary_aug_brightness_contrast.mp4,BLUE
BLUE/msasl_blue_ASL_Level_1_Unit_3_Vocabulary_aug_horizontal_flip.mp4,BLUE
BLUE/msasl_blue_ASL_Level_1_Unit_3_Vocabulary_aug_slight_rotation.mp4,BLUE
BLUE/msasl_blue_ASL_Level_1_Unit_3_Vocabulary_aug_temporal.mp4,BLUE
BLUE/msasl_blue_ASL_Signs_for_family_and_basic_school_related_words.mp4,BLUE
BLUE/msasl_blue_ASL_Signs_for_family_and_basic_school_related_words_aug_brightness_contrast.mp4,BLUE
BLUE/msasl_blue_ASL_Signs_for_family_and_basic_school_related_words_aug_horizontal_flip.mp4,BLUE
BLUE/msasl_blue_ASL_Signs_for_family_and_basic_school_related_words_aug_slight_rotation.mp4,BLUE
BLUE/msasl_blue_ASL_Signs_for_family_and_basic_school_related_words_aug_temporal.mp4,BLUE
BLUE/msasl_blue_ASL_UNIT_1_VOCAB_signing_naturally.mp4,BLUE
BLUE/msasl_blue_ASL_UNIT_1_VOCAB_signing_naturally_aug_brightness_contrast.mp4,BLUE
BLUE/msasl_blue_ASL_UNIT_1_VOCAB_signing_naturally_aug_horizontal_flip.mp4,BLUE
BLUE/msasl_blue_ASL_UNIT_1_VOCAB_signing_naturally_aug_slight_rotation.mp4,BLUE
BLUE/msasl_blue_ASL_UNIT_1_VOCAB_signing_naturally_aug_temporal.mp4,BLUE
BLUE/msasl_blue_Aug_to_Oct_Voc_Captions.mp4.mkv,BLUE
BLUE/msasl_blue_Aug_to_Oct_Voc_Captions.mp4_aug_brightness_contrast.mp4,BLUE
BLUE/msasl_blue_Aug_to_Oct_Voc_Captions.mp4_aug_horizontal_flip.mp4,BLUE
BLUE/msasl_blue_Aug_to_Oct_Voc_Captions.mp4_aug_slight_rotation.mp4,BLUE
BLUE/msasl_blue_Aug_to_Oct_Voc_Captions.mp4_aug_temporal.mp4,BLUE
BLUE/msasl_blue_BLUE(2).mp4,BLUE
BLUE/msasl_blue_BLUE(2)_aug_brightness_contrast.mp4,BLUE
BLUE/msasl_blue_BLUE(2)_aug_horizontal_flip.mp4,BLUE
BLUE/msasl_blue_BLUE(2)_aug_slight_rotation.mp4,BLUE
BLUE/msasl_blue_BLUE(2)_aug_temporal.mp4,BLUE
BLUE/msasl_blue_BLUE(4).mp4,BLUE
BLUE/msasl_blue_BLUE(4)_aug_brightness_contrast.mp4,BLUE
BLUE/msasl_blue_BLUE(4)_aug_horizontal_flip.mp4,BLUE
BLUE/msasl_blue_BLUE(4)_aug_slight_rotation.mp4,BLUE
BLUE/msasl_blue_BLUE(4)_aug_temporal.mp4,BLUE
BLUE/msasl_blue_BLUE(5).mp4.mkv,BLUE
BLUE/msasl_blue_BLUE(5).mp4_aug_brightness_contrast.mp4,BLUE
BLUE/msasl_blue_BLUE(5).mp4_aug_horizontal_flip.mp4,BLUE
BLUE/msasl_blue_BLUE(5).mp4_aug_slight_rotation.mp4,BLUE
BLUE/msasl_blue_BLUE(5).mp4_aug_temporal.mp4,BLUE
BLUE/msasl_blue_BLUE(6).mp4.mkv,BLUE
BLUE/msasl_blue_BLUE(6).mp4_aug_brightness_contrast.mp4,BLUE
BLUE/msasl_blue_BLUE(6).mp4_aug_horizontal_flip.mp4,BLUE
BLUE/msasl_blue_BLUE(6).mp4_aug_slight_rotation.mp4,BLUE
BLUE/msasl_blue_BLUE(6).mp4_aug_temporal.mp4,BLUE
BLUE/msasl_blue_BLUE.mp4.webm,BLUE
BLUE/msasl_blue_BLUE.mp4_aug_brightness_contrast.mp4,BLUE
BLUE/msasl_blue_BLUE.mp4_aug_horizontal_flip.mp4,BLUE
BLUE/msasl_blue_BLUE.mp4_aug_slight_rotation.mp4,BLUE
BLUE/msasl_blue_BLUE.mp4_aug_temporal.mp4,BLUE
BLUE/msasl_blue_BLUE_COLOR_ASL.mp4.mkv,BLUE
BLUE/msasl_blue_BLUE_COLOR_ASL.mp4_aug_brightness_contrast.mp4,BLUE
BLUE/msasl_blue_BLUE_COLOR_ASL.mp4_aug_horizontal_flip.mp4,BLUE
BLUE/msasl_blue_BLUE_COLOR_ASL.mp4_aug_slight_rotation.mp4,BLUE
BLUE/msasl_blue_BLUE_COLOR_ASL.mp4_aug_temporal.mp4,BLUE
BLUE/msasl_blue_Blue.mp4.mkv,BLUE
BLUE/msasl_blue_Blue.mp4_aug_brightness_contrast.mp4,BLUE
BLUE/msasl_blue_Blue.mp4_aug_horizontal_flip.mp4,BLUE
BLUE/msasl_blue_Blue.mp4_aug_slight_rotation.mp4,BLUE
BLUE/msasl_blue_Blue.mp4_aug_temporal.mp4,BLUE
BLUE/msasl_blue_Blue_in_Sign_Language_ASL_Dictionary_for_kids.mp4.webm,BLUE
BLUE/msasl_blue_Blue_in_Sign_Language_ASL_Dictionary_for_kids.mp4_aug_brightness_contrast.mp4,BLUE
BLUE/msasl_blue_Blue_in_Sign_Language_ASL_Dictionary_for_kids.mp4_aug_horizontal_flip.mp4,BLUE
BLUE/msasl_blue_Blue_in_Sign_Language_ASL_Dictionary_for_kids.mp4_aug_slight_rotation.mp4,BLUE
BLUE/msasl_blue_Blue_in_Sign_Language_ASL_Dictionary_for_kids.mp4_aug_temporal.mp4,BLUE
BLUE/msasl_blue_COLORS_-_This_is_part_of_Unit_4_Vocabulary_ASL.mp4.mkv,BLUE
BLUE/msasl_blue_COLORS_-_This_is_part_of_Unit_4_Vocabulary_ASL.mp4_aug_brightness_contrast.mp4,BLUE
BLUE/msasl_blue_COLORS_-_This_is_part_of_Unit_4_Vocabulary_ASL.mp4_aug_horizontal_flip.mp4,BLUE
BLUE/msasl_blue_COLORS_-_This_is_part_of_Unit_4_Vocabulary_ASL.mp4_aug_slight_rotation.mp4,BLUE
BLUE/msasl_blue_COLORS_-_This_is_part_of_Unit_4_Vocabulary_ASL.mp4_aug_temporal.mp4,BLUE
BLUE/msasl_blue_Color_Signs_in_ASL.mp4.mkv,BLUE
BLUE/msasl_blue_Color_Signs_in_ASL.mp4_aug_brightness_contrast.mp4,BLUE
BLUE/msasl_blue_Color_Signs_in_ASL.mp4_aug_horizontal_flip.mp4,BLUE
BLUE/msasl_blue_Color_Signs_in_ASL.mp4_aug_slight_rotation.mp4,BLUE
BLUE/msasl_blue_Color_Signs_in_ASL.mp4_aug_temporal.mp4,BLUE
BLUE/msasl_blue_Color_Vocabulary.mp4.mkv,BLUE
BLUE/msasl_blue_Color_Vocabulary.mp4_aug_brightness_contrast.mp4,BLUE
BLUE/msasl_blue_Color_Vocabulary.mp4_aug_horizontal_flip.mp4,BLUE
BLUE/msasl_blue_Color_Vocabulary.mp4_aug_slight_rotation.mp4,BLUE
BLUE/msasl_blue_Color_Vocabulary.mp4_aug_temporal.mp4,BLUE
BLUE/msasl_blue_Colors_and_Springtime_signs_in_ASL.mp4.mkv,BLUE
BLUE/msasl_blue_Colors_and_Springtime_signs_in_ASL.mp4_aug_brightness_contrast.mp4,BLUE
BLUE/msasl_blue_Colors_and_Springtime_signs_in_ASL.mp4_aug_horizontal_flip.mp4,BLUE
BLUE/msasl_blue_Colors_and_Springtime_signs_in_ASL.mp4_aug_slight_rotation.mp4,BLUE
BLUE/msasl_blue_Colors_and_Springtime_signs_in_ASL.mp4_aug_temporal.mp4,BLUE
BLUE/msasl_blue_First_100_ADJECTIVES.mp4.mkv,BLUE
BLUE/msasl_blue_First_100_ADJECTIVES.mp4_aug_brightness_contrast.mp4,BLUE
BLUE/msasl_blue_First_100_ADJECTIVES.mp4_aug_horizontal_flip.mp4,BLUE
BLUE/msasl_blue_First_100_ADJECTIVES.mp4_aug_slight_rotation.mp4,BLUE
BLUE/msasl_blue_First_100_ADJECTIVES.mp4_aug_temporal.mp4,BLUE
BLUE/msasl_blue_Learn_American_Sign_Language_Basic_Vocabulary.mp4,BLUE
BLUE/msasl_blue_Learn_American_Sign_Language_Basic_Vocabulary_aug_brightness_contrast.mp4,BLUE
BLUE/msasl_blue_Learn_American_Sign_Language_Basic_Vocabulary_aug_horizontal_flip.mp4,BLUE
BLUE/msasl_blue_Learn_American_Sign_Language_Basic_Vocabulary_aug_slight_rotation.mp4,BLUE
BLUE/msasl_blue_Learn_American_Sign_Language_Basic_Vocabulary_aug_temporal.mp4,BLUE
BLUE/msasl_blue_Lesson_3_Vocabulary_-_A_Basic_Course_(ABC)_in_ASL.mp4.mkv,BLUE
BLUE/msasl_blue_Lesson_3_Vocabulary_-_A_Basic_Course_(ABC)_in_ASL.mp4_aug_brightness_contrast.mp4,BLUE
BLUE/msasl_blue_Lesson_3_Vocabulary_-_A_Basic_Course_(ABC)_in_ASL.mp4_aug_horizontal_flip.mp4,BLUE
BLUE/msasl_blue_Lesson_3_Vocabulary_-_A_Basic_Course_(ABC)_in_ASL.mp4_aug_slight_rotation.mp4,BLUE
BLUE/msasl_blue_Lesson_3_Vocabulary_-_A_Basic_Course_(ABC)_in_ASL.mp4_aug_temporal.mp4,BLUE
BLUE/msasl_blue_Mastering_ASL_Unit_3_Vocabulary_signed_by_Dr_Wooten.mp4.mkv,BLUE
BLUE/msasl_blue_Mastering_ASL_Unit_3_Vocabulary_signed_by_Dr_Wooten.mp4_aug_brightness_contrast.mp4,BLUE
BLUE/msasl_blue_Mastering_ASL_Unit_3_Vocabulary_signed_by_Dr_Wooten.mp4_aug_horizontal_flip.mp4,BLUE
BLUE/msasl_blue_Mastering_ASL_Unit_3_Vocabulary_signed_by_Dr_Wooten.mp4_aug_slight_rotation.mp4,BLUE
BLUE/msasl_blue_Mastering_ASL_Unit_3_Vocabulary_signed_by_Dr_Wooten.mp4_aug_temporal.mp4,BLUE
BLUE/msasl_blue_SN_Unit_1_-_Colors.mp4,BLUE
BLUE/msasl_blue_SN_Unit_1_-_Colors_aug_brightness_contrast.mp4,BLUE
BLUE/msasl_blue_SN_Unit_1_-_Colors_aug_horizontal_flip.mp4,BLUE
BLUE/msasl_blue_SN_Unit_1_-_Colors_aug_slight_rotation.mp4,BLUE
BLUE/msasl_blue_SN_Unit_1_-_Colors_aug_temporal.mp4,BLUE
BLUE/msasl_blue_SN_Unit_1_Video_Vocab_Review.mp4.mkv,BLUE
BLUE/msasl_blue_SN_Unit_1_Video_Vocab_Review.mp4_aug_brightness_contrast.mp4,BLUE
BLUE/msasl_blue_SN_Unit_1_Video_Vocab_Review.mp4_aug_horizontal_flip.mp4,BLUE
BLUE/msasl_blue_SN_Unit_1_Video_Vocab_Review.mp4_aug_slight_rotation.mp4,BLUE
BLUE/msasl_blue_SN_Unit_1_Video_Vocab_Review.mp4_aug_temporal.mp4,BLUE
BLUE/msasl_blue_Signing_Naturally_Unit_1_Vocabulary.mp4.webm,BLUE
BLUE/msasl_blue_Signing_Naturally_Unit_1_Vocabulary.mp4_aug_brightness_contrast.mp4,BLUE
BLUE/msasl_blue_Signing_Naturally_Unit_1_Vocabulary.mp4_aug_horizontal_flip.mp4,BLUE
BLUE/msasl_blue_Signing_Naturally_Unit_1_Vocabulary.mp4_aug_slight_rotation.mp4,BLUE
BLUE/msasl_blue_Signing_Naturally_Unit_1_Vocabulary.mp4_aug_temporal.mp4,BLUE
BLUE/msasl_blue_Unit_04_Vocabulary.mp4.webm,BLUE
BLUE/msasl_blue_Unit_04_Vocabulary.mp4_aug_brightness_contrast.mp4,BLUE
BLUE/msasl_blue_Unit_04_Vocabulary.mp4_aug_horizontal_flip.mp4,BLUE
BLUE/msasl_blue_Unit_04_Vocabulary.mp4_aug_slight_rotation.mp4,BLUE
BLUE/msasl_blue_Unit_04_Vocabulary.mp4_aug_temporal.mp4,BLUE
BLUE/msasl_blue_Unit_4_Vocabularymp4.mp4.mkv,BLUE
BLUE/msasl_blue_Unit_4_Vocabularymp4.mp4_aug_brightness_contrast.mp4,BLUE
BLUE/msasl_blue_Unit_4_Vocabularymp4.mp4_aug_horizontal_flip.mp4,BLUE
BLUE/msasl_blue_Unit_4_Vocabularymp4.mp4_aug_slight_rotation.mp4,BLUE
BLUE/msasl_blue_Unit_4_Vocabularymp4.mp4_aug_temporal.mp4,BLUE
BLUE/msasl_blue_blue-color.mp4.mkv,BLUE
BLUE/msasl_blue_blue-color.mp4_aug_brightness_contrast.mp4,BLUE
BLUE/msasl_blue_blue-color.mp4_aug_horizontal_flip.mp4,BLUE
BLUE/msasl_blue_blue-color.mp4_aug_slight_rotation.mp4,BLUE
BLUE/msasl_blue_blue-color.mp4_aug_temporal.mp4,BLUE
BLUE/msasl_blue_blue_-_ASL_sign_for_blue.mp4,BLUE
BLUE/msasl_blue_blue_-_ASL_sign_for_blue_aug_brightness_contrast.mp4,BLUE
BLUE/msasl_blue_blue_-_ASL_sign_for_blue_aug_horizontal_flip.mp4,BLUE
BLUE/msasl_blue_blue_-_ASL_sign_for_blue_aug_slight_rotation.mp4,BLUE
BLUE/msasl_blue_blue_-_ASL_sign_for_blue_aug_temporal.mp4,BLUE
BLUE/msasl_blue_blue_in_American_Sign_Language.mp4.mkv,BLUE
BLUE/msasl_blue_blue_in_American_Sign_Language.mp4_aug_brightness_contrast.mp4,BLUE
BLUE/msasl_blue_blue_in_American_Sign_Language.mp4_aug_horizontal_flip.mp4,BLUE
BLUE/msasl_blue_blue_in_American_Sign_Language.mp4_aug_slight_rotation.mp4,BLUE
BLUE/msasl_blue_blue_in_American_Sign_Language.mp4_aug_temporal.mp4,BLUE
BLUE/wlasl_06832.mp4,BLUE
BLUE/wlasl_06832_aug_brightness_contrast.mp4,BLUE
BLUE/wlasl_06832_aug_horizontal_flip.mp4,BLUE
BLUE/wlasl_06832_aug_slight_rotation.mp4,BLUE
BLUE/wlasl_06832_aug_temporal.mp4,BLUE
BLUE/wlasl_06833.mp4,BLUE
BLUE/wlasl_06833_aug_brightness_contrast.mp4,BLUE
BLUE/wlasl_06833_aug_horizontal_flip.mp4,BLUE
BLUE/wlasl_06833_aug_slight_rotation.mp4,BLUE
BLUE/wlasl_06833_aug_temporal.mp4,BLUE
BLUE/wlasl_06834.mp4,BLUE
BLUE/wlasl_06834_aug_brightness_contrast.mp4,BLUE
BLUE/wlasl_06834_aug_horizontal_flip.mp4,BLUE
BLUE/wlasl_06834_aug_slight_rotation.mp4,BLUE
BLUE/wlasl_06834_aug_temporal.mp4,BLUE
BLUE/wlasl_06835.mp4,BLUE
BLUE/wlasl_06835_aug_brightness_contrast.mp4,BLUE
BLUE/wlasl_06835_aug_horizontal_flip.mp4,BLUE
BLUE/wlasl_06835_aug_slight_rotation.mp4,BLUE
BLUE/wlasl_06835_aug_temporal.mp4,BLUE
BLUE/wlasl_06839.mp4,BLUE
BLUE/wlasl_06839_aug_brightness_contrast.mp4,BLUE
BLUE/wlasl_06839_aug_horizontal_flip.mp4,BLUE
BLUE/wlasl_06839_aug_slight_rotation.mp4,BLUE
BLUE/wlasl_06839_aug_temporal.mp4,BLUE
BLUE/wlasl_69238.mp4,BLUE
BLUE/wlasl_69238_aug_brightness_contrast.mp4,BLUE
BLUE/wlasl_69238_aug_horizontal_flip.mp4,BLUE
BLUE/wlasl_69238_aug_slight_rotation.mp4,BLUE
BLUE/wlasl_69238_aug_temporal.mp4,BLUE
BROTHER/ASLLVD_BROTHER__ASL_2006_10_10_scene4-626-666_camera1.mov,BROTHER
BROTHER/ASLLVD_BROTHER__ASL_2006_10_10_scene4-626-666_camera1_aug_brightness_contrast.mp4,BROTHER
BROTHER/ASLLVD_BROTHER__ASL_2006_10_10_scene4-626-666_camera1_aug_horizontal_flip.mp4,BROTHER
BROTHER/ASLLVD_BROTHER__ASL_2006_10_10_scene4-626-666_camera1_aug_slight_rotation.mp4,BROTHER
BROTHER/ASLLVD_BROTHER__ASL_2006_10_10_scene4-626-666_camera1_aug_temporal.mp4,BROTHER
BROTHER/ASLLVD_BROTHER__ASL_2008_01_11_scene57-975-1031_camera1.mov,BROTHER
BROTHER/ASLLVD_BROTHER__ASL_2008_01_11_scene57-975-1031_camera1_aug_brightness_contrast.mp4,BROTHER
BROTHER/ASLLVD_BROTHER__ASL_2008_01_11_scene57-975-1031_camera1_aug_horizontal_flip.mp4,BROTHER
BROTHER/ASLLVD_BROTHER__ASL_2008_01_11_scene57-975-1031_camera1_aug_slight_rotation.mp4,BROTHER
BROTHER/ASLLVD_BROTHER__ASL_2008_01_11_scene57-975-1031_camera1_aug_temporal.mp4,BROTHER
BROTHER/ASLLVD_BROTHER__ASL_2008_05_12_scene35-1827-1861_camera1.mov,BROTHER
BROTHER/ASLLVD_BROTHER__ASL_2008_05_12_scene35-1827-1861_camera1_aug_brightness_contrast.mp4,BROTHER
BROTHER/ASLLVD_BROTHER__ASL_2008_05_12_scene35-1827-1861_camera1_aug_horizontal_flip.mp4,BROTHER
BROTHER/ASLLVD_BROTHER__ASL_2008_05_12_scene35-1827-1861_camera1_aug_slight_rotation.mp4,BROTHER
BROTHER/ASLLVD_BROTHER__ASL_2008_05_12_scene35-1827-1861_camera1_aug_temporal.mp4,BROTHER
BROTHER/ASLLVD_BROTHER__ASL_2010_08_10_scene1-3820-3880_camera1.mov,BROTHER
BROTHER/ASLLVD_BROTHER__ASL_2010_08_10_scene1-3820-3880_camera1_aug_brightness_contrast.mp4,BROTHER
BROTHER/ASLLVD_BROTHER__ASL_2010_08_10_scene1-3820-3880_camera1_aug_horizontal_flip.mp4,BROTHER
BROTHER/ASLLVD_BROTHER__ASL_2010_08_10_scene1-3820-3880_camera1_aug_slight_rotation.mp4,BROTHER
BROTHER/ASLLVD_BROTHER__ASL_2010_08_10_scene1-3820-3880_camera1_aug_temporal.mp4,BROTHER
BROTHER/ASLLVD_BROTHER__ASL_2010_08_10_scene1-4005-4055_camera1.mov,BROTHER
BROTHER/ASLLVD_BROTHER__ASL_2010_08_10_scene1-4005-4055_camera1_aug_brightness_contrast.mp4,BROTHER
BROTHER/ASLLVD_BROTHER__ASL_2010_08_10_scene1-4005-4055_camera1_aug_horizontal_flip.mp4,BROTHER
BROTHER/ASLLVD_BROTHER__ASL_2010_08_10_scene1-4005-4055_camera1_aug_slight_rotation.mp4,BROTHER
BROTHER/ASLLVD_BROTHER__ASL_2010_08_10_scene1-4005-4055_camera1_aug_temporal.mp4,BROTHER
BROTHER/ASLLVD_BROTHER__ASL_2010_08_10_scene1-4200-4250_camera1.mov,BROTHER
BROTHER/ASLLVD_BROTHER__ASL_2010_08_10_scene1-4200-4250_camera1_aug_brightness_contrast.mp4,BROTHER
BROTHER/ASLLVD_BROTHER__ASL_2010_08_10_scene1-4200-4250_camera1_aug_horizontal_flip.mp4,BROTHER
BROTHER/ASLLVD_BROTHER__ASL_2010_08_10_scene1-4200-4250_camera1_aug_slight_rotation.mp4,BROTHER
BROTHER/ASLLVD_BROTHER__ASL_2010_08_10_scene1-4200-4250_camera1_aug_temporal.mp4,BROTHER
BROTHER/ASLLVD_BROTHER__ASL_2010_08_10_scene1-4385-4436_camera1.mov,BROTHER
BROTHER/ASLLVD_BROTHER__ASL_2010_08_10_scene1-4385-4436_camera1_aug_brightness_contrast.mp4,BROTHER
BROTHER/ASLLVD_BROTHER__ASL_2010_08_10_scene1-4385-4436_camera1_aug_horizontal_flip.mp4,BROTHER
BROTHER/ASLLVD_BROTHER__ASL_2010_08_10_scene1-4385-4436_camera1_aug_slight_rotation.mp4,BROTHER
BROTHER/ASLLVD_BROTHER__ASL_2010_08_10_scene1-4385-4436_camera1_aug_temporal.mp4,BROTHER
BROTHER/ASLLVD_BROTHER__ASL_2011_06_08_scene23-12449-12471_camera1.mov,BROTHER
BROTHER/ASLLVD_BROTHER__ASL_2011_06_08_scene23-12449-12471_camera1_aug_brightness_contrast.mp4,BROTHER
BROTHER/ASLLVD_BROTHER__ASL_2011_06_08_scene23-12449-12471_camera1_aug_horizontal_flip.mp4,BROTHER
BROTHER/ASLLVD_BROTHER__ASL_2011_06_08_scene23-12449-12471_camera1_aug_slight_rotation.mp4,BROTHER
BROTHER/ASLLVD_BROTHER__ASL_2011_06_08_scene23-12449-12471_camera1_aug_temporal.mp4,BROTHER
BROTHER/ASLLVD_BROTHER__ASL_2011_06_08_scene23-14003-14025_camera1.mov,BROTHER
BROTHER/ASLLVD_BROTHER__ASL_2011_06_08_scene23-14003-14025_camera1_aug_brightness_contrast.mp4,BROTHER
BROTHER/ASLLVD_BROTHER__ASL_2011_06_08_scene23-14003-14025_camera1_aug_horizontal_flip.mp4,BROTHER
BROTHER/ASLLVD_BROTHER__ASL_2011_06_08_scene23-14003-14025_camera1_aug_slight_rotation.mp4,BROTHER
BROTHER/ASLLVD_BROTHER__ASL_2011_06_08_scene23-14003-14025_camera1_aug_temporal.mp4,BROTHER
BROTHER/ASLLVD_BROTHER__ASL_2011_06_08_scene23-14314-14336_camera1.mov,BROTHER
BROTHER/ASLLVD_BROTHER__ASL_2011_06_08_scene23-14314-14336_camera1_aug_brightness_contrast.mp4,BROTHER
BROTHER/ASLLVD_BROTHER__ASL_2011_06_08_scene23-14314-14336_camera1_aug_horizontal_flip.mp4,BROTHER
BROTHER/ASLLVD_BROTHER__ASL_2011_06_08_scene23-14314-14336_camera1_aug_slight_rotation.mp4,BROTHER
BROTHER/ASLLVD_BROTHER__ASL_2011_06_08_scene23-14314-14336_camera1_aug_temporal.mp4,BROTHER
BROTHER/ASLLVD_BROTHER__ASL_2011_06_08_scene23-15482-15528_camera1.mov,BROTHER
BROTHER/ASLLVD_BROTHER__ASL_2011_06_08_scene23-15482-15528_camera1_aug_brightness_contrast.mp4,BROTHER
BROTHER/ASLLVD_BROTHER__ASL_2011_06_08_scene23-15482-15528_camera1_aug_horizontal_flip.mp4,BROTHER
BROTHER/ASLLVD_BROTHER__ASL_2011_06_08_scene23-15482-15528_camera1_aug_slight_rotation.mp4,BROTHER
BROTHER/ASLLVD_BROTHER__ASL_2011_06_08_scene23-15482-15528_camera1_aug_temporal.mp4,BROTHER
BROTHER/ASLLVD_BROTHER__ASL_2011_06_14_scene3-3356-3372_camera1.mov,BROTHER
BROTHER/ASLLVD_BROTHER__ASL_2011_06_14_scene3-3356-3372_camera1_aug_brightness_contrast.mp4,BROTHER
BROTHER/ASLLVD_BROTHER__ASL_2011_06_14_scene3-3356-3372_camera1_aug_horizontal_flip.mp4,BROTHER
BROTHER/ASLLVD_BROTHER__ASL_2011_06_14_scene3-3356-3372_camera1_aug_slight_rotation.mp4,BROTHER
BROTHER/ASLLVD_BROTHER__ASL_2011_06_14_scene3-3356-3372_camera1_aug_temporal.mp4,BROTHER
BROTHER/desktop.ini,BROTHER
BROTHER/desktop_aug_brightness_contrast.mp4,BROTHER
BROTHER/desktop_aug_horizontal_flip.mp4,BROTHER
BROTHER/desktop_aug_slight_rotation.mp4,BROTHER
BROTHER/desktop_aug_temporal.mp4,BROTHER
BROTHER/msasl_brother_ASL_-_Immediate_Family.mp4.mkv,BROTHER
BROTHER/msasl_brother_ASL_-_Immediate_Family.mp4_aug_brightness_contrast.mp4,BROTHER
BROTHER/msasl_brother_ASL_-_Immediate_Family.mp4_aug_horizontal_flip.mp4,BROTHER
BROTHER/msasl_brother_ASL_-_Immediate_Family.mp4_aug_slight_rotation.mp4,BROTHER
BROTHER/msasl_brother_ASL_-_Immediate_Family.mp4_aug_temporal.mp4,BROTHER
BROTHER/msasl_brother_ASL_1_Unit_4_Vocabulary(1).mp4.mkv,BROTHER
BROTHER/msasl_brother_ASL_1_Unit_4_Vocabulary(1).mp4_aug_brightness_contrast.mp4,BROTHER
BROTHER/msasl_brother_ASL_1_Unit_4_Vocabulary(1).mp4_aug_horizontal_flip.mp4,BROTHER
BROTHER/msasl_brother_ASL_1_Unit_4_Vocabulary(1).mp4_aug_slight_rotation.mp4,BROTHER
BROTHER/msasl_brother_ASL_1_Unit_4_Vocabulary(1).mp4_aug_temporal.mp4,BROTHER
BROTHER/msasl_brother_ASL_1_Unit_4_Vocabulary.mp4.mkv,BROTHER
BROTHER/msasl_brother_ASL_1_Unit_4_Vocabulary.mp4_aug_brightness_contrast.mp4,BROTHER
BROTHER/msasl_brother_ASL_1_Unit_4_Vocabulary.mp4_aug_horizontal_flip.mp4,BROTHER
BROTHER/msasl_brother_ASL_1_Unit_4_Vocabulary.mp4_aug_slight_rotation.mp4,BROTHER
BROTHER/msasl_brother_ASL_1_Unit_4_Vocabulary.mp4_aug_temporal.mp4,BROTHER
BROTHER/msasl_brother_ASL_Brother_.mp4,BROTHER
BROTHER/msasl_brother_ASL_Brother__aug_brightness_contrast.mp4,BROTHER
BROTHER/msasl_brother_ASL_Brother__aug_horizontal_flip.mp4,BROTHER
BROTHER/msasl_brother_ASL_Brother__aug_slight_rotation.mp4,BROTHER
BROTHER/msasl_brother_ASL_Brother__aug_temporal.mp4,BROTHER
BROTHER/msasl_brother_ASL_FAMILY.mp4,BROTHER
BROTHER/msasl_brother_ASL_FAMILY_aug_brightness_contrast.mp4,BROTHER
BROTHER/msasl_brother_ASL_FAMILY_aug_horizontal_flip.mp4,BROTHER
BROTHER/msasl_brother_ASL_FAMILY_aug_slight_rotation.mp4,BROTHER
BROTHER/msasl_brother_ASL_FAMILY_aug_temporal.mp4,BROTHER
BROTHER/msasl_brother_ASL_Family_Signs.mp4.webm,BROTHER
BROTHER/msasl_brother_ASL_Family_Signs.mp4_aug_brightness_contrast.mp4,BROTHER
BROTHER/msasl_brother_ASL_Family_Signs.mp4_aug_horizontal_flip.mp4,BROTHER
BROTHER/msasl_brother_ASL_Family_Signs.mp4_aug_slight_rotation.mp4,BROTHER
BROTHER/msasl_brother_ASL_Family_Signs.mp4_aug_temporal.mp4,BROTHER
BROTHER/msasl_brother_ASL_I_-_Unit_5_Vocabulary_Review.mp4,BROTHER
BROTHER/msasl_brother_ASL_I_-_Unit_5_Vocabulary_Review_aug_brightness_contrast.mp4,BROTHER
BROTHER/msasl_brother_ASL_I_-_Unit_5_Vocabulary_Review_aug_horizontal_flip.mp4,BROTHER
BROTHER/msasl_brother_ASL_I_-_Unit_5_Vocabulary_Review_aug_slight_rotation.mp4,BROTHER
BROTHER/msasl_brother_ASL_I_-_Unit_5_Vocabulary_Review_aug_temporal.mp4,BROTHER
BROTHER/msasl_brother_ASL_Signs_for_family_and_basic_school_related_words.mp4,BROTHER
BROTHER/msasl_brother_ASL_Signs_for_family_and_basic_school_related_words_aug_brightness_contrast.mp4,BROTHER
BROTHER/msasl_brother_ASL_Signs_for_family_and_basic_school_related_words_aug_horizontal_flip.mp4,BROTHER
BROTHER/msasl_brother_ASL_Signs_for_family_and_basic_school_related_words_aug_slight_rotation.mp4,BROTHER
BROTHER/msasl_brother_ASL_Signs_for_family_and_basic_school_related_words_aug_temporal.mp4,BROTHER
BROTHER/msasl_brother_ASL_Vocabulary_(Spring_2018).mp4.webm,BROTHER
BROTHER/msasl_brother_ASL_Vocabulary_(Spring_2018).mp4_aug_brightness_contrast.mp4,BROTHER
BROTHER/msasl_brother_ASL_Vocabulary_(Spring_2018).mp4_aug_horizontal_flip.mp4,BROTHER
BROTHER/msasl_brother_ASL_Vocabulary_(Spring_2018).mp4_aug_slight_rotation.mp4,BROTHER
BROTHER/msasl_brother_ASL_Vocabulary_(Spring_2018).mp4_aug_temporal.mp4,BROTHER
BROTHER/msasl_brother_ASL_conversation_class_2.mp4.mkv,BROTHER
BROTHER/msasl_brother_ASL_conversation_class_2.mp4_aug_brightness_contrast.mp4,BROTHER
BROTHER/msasl_brother_ASL_conversation_class_2.mp4_aug_horizontal_flip.mp4,BROTHER
BROTHER/msasl_brother_ASL_conversation_class_2.mp4_aug_slight_rotation.mp4,BROTHER
BROTHER/msasl_brother_ASL_conversation_class_2.mp4_aug_temporal.mp4,BROTHER
BROTHER/msasl_brother_American_Sign_Language_(ASL)_Family_Signs_-_Part_One.mp4.webm,BROTHER
BROTHER/msasl_brother_American_Sign_Language_(ASL)_Family_Signs_-_Part_One.mp4_aug_brightness_contrast.mp4,BROTHER
BROTHER/msasl_brother_American_Sign_Language_(ASL)_Family_Signs_-_Part_One.mp4_aug_horizontal_flip.mp4,BROTHER
BROTHER/msasl_brother_American_Sign_Language_(ASL)_Family_Signs_-_Part_One.mp4_aug_slight_rotation.mp4,BROTHER
BROTHER/msasl_brother_American_Sign_Language_(ASL)_Family_Signs_-_Part_One.mp4_aug_temporal.mp4,BROTHER
BROTHER/msasl_brother_Asl_1_Unit_2_Vocab.mp4.mkv,BROTHER
BROTHER/msasl_brother_Asl_1_Unit_2_Vocab.mp4_aug_brightness_contrast.mp4,BROTHER
BROTHER/msasl_brother_Asl_1_Unit_2_Vocab.mp4_aug_horizontal_flip.mp4,BROTHER
BROTHER/msasl_brother_Asl_1_Unit_2_Vocab.mp4_aug_slight_rotation.mp4,BROTHER
BROTHER/msasl_brother_Asl_1_Unit_2_Vocab.mp4_aug_temporal.mp4,BROTHER
BROTHER/msasl_brother_BROTHER(2).mp4,BROTHER
BROTHER/msasl_brother_BROTHER(2)_aug_brightness_contrast.mp4,BROTHER
BROTHER/msasl_brother_BROTHER(2)_aug_horizontal_flip.mp4,BROTHER
BROTHER/msasl_brother_BROTHER(2)_aug_slight_rotation.mp4,BROTHER
BROTHER/msasl_brother_BROTHER(2)_aug_temporal.mp4,BROTHER
BROTHER/msasl_brother_Basic_ASL_Vocabulary_for_Babies.mp4,BROTHER
BROTHER/msasl_brother_Basic_ASL_Vocabulary_for_Babies_aug_brightness_contrast.mp4,BROTHER
BROTHER/msasl_brother_Basic_ASL_Vocabulary_for_Babies_aug_horizontal_flip.mp4,BROTHER
BROTHER/msasl_brother_Basic_ASL_Vocabulary_for_Babies_aug_slight_rotation.mp4,BROTHER
BROTHER/msasl_brother_Basic_ASL_Vocabulary_for_Babies_aug_temporal.mp4,BROTHER
BROTHER/msasl_brother_Basic_Sign_Language_for_Caregivers_(family).mp4.mkv,BROTHER
BROTHER/msasl_brother_Basic_Sign_Language_for_Caregivers_(family).mp4_aug_brightness_contrast.mp4,BROTHER
BROTHER/msasl_brother_Basic_Sign_Language_for_Caregivers_(family).mp4_aug_horizontal_flip.mp4,BROTHER
BROTHER/msasl_brother_Basic_Sign_Language_for_Caregivers_(family).mp4_aug_slight_rotation.mp4,BROTHER
BROTHER/msasl_brother_Basic_Sign_Language_for_Caregivers_(family).mp4_aug_temporal.mp4,BROTHER
BROTHER/msasl_brother_Family_Signs_in_ASL_-_American_Sign_Language.mp4.webm,BROTHER
BROTHER/msasl_brother_Family_Signs_in_ASL_-_American_Sign_Language.mp4_aug_brightness_contrast.mp4,BROTHER
BROTHER/msasl_brother_Family_Signs_in_ASL_-_American_Sign_Language.mp4_aug_horizontal_flip.mp4,BROTHER
BROTHER/msasl_brother_Family_Signs_in_ASL_-_American_Sign_Language.mp4_aug_slight_rotation.mp4,BROTHER
BROTHER/msasl_brother_Family_Signs_in_ASL_-_American_Sign_Language.mp4_aug_temporal.mp4,BROTHER
BROTHER/msasl_brother_Family_Voc_Unit.mp4.mkv,BROTHER
BROTHER/msasl_brother_Family_Voc_Unit.mp4_aug_brightness_contrast.mp4,BROTHER
BROTHER/msasl_brother_Family_Voc_Unit.mp4_aug_horizontal_flip.mp4,BROTHER
BROTHER/msasl_brother_Family_Voc_Unit.mp4_aug_slight_rotation.mp4,BROTHER
BROTHER/msasl_brother_Family_Voc_Unit.mp4_aug_temporal.mp4,BROTHER
BROTHER/msasl_brother_Family_Vocabulary.mp4.mkv,BROTHER
BROTHER/msasl_brother_Family_Vocabulary.mp4_aug_brightness_contrast.mp4,BROTHER
BROTHER/msasl_brother_Family_Vocabulary.mp4_aug_horizontal_flip.mp4,BROTHER
BROTHER/msasl_brother_Family_Vocabulary.mp4_aug_slight_rotation.mp4,BROTHER
BROTHER/msasl_brother_Family_Vocabulary.mp4_aug_temporal.mp4,BROTHER
BROTHER/msasl_brother_How_to_sign_Brother_-_ASL_Vocabulary_Series(1).mp4,BROTHER
BROTHER/msasl_brother_How_to_sign_Brother_-_ASL_Vocabulary_Series(1)_aug_brightness_contrast.mp4,BROTHER
BROTHER/msasl_brother_How_to_sign_Brother_-_ASL_Vocabulary_Series(1)_aug_horizontal_flip.mp4,BROTHER
BROTHER/msasl_brother_How_to_sign_Brother_-_ASL_Vocabulary_Series(1)_aug_slight_rotation.mp4,BROTHER
BROTHER/msasl_brother_How_to_sign_Brother_-_ASL_Vocabulary_Series(1)_aug_temporal.mp4,BROTHER
BROTHER/msasl_brother_How_to_sign_Brother_-_ASL_Vocabulary_Series.mp4.mkv,BROTHER
BROTHER/msasl_brother_How_to_sign_Brother_-_ASL_Vocabulary_Series.mp4_aug_brightness_contrast.mp4,BROTHER
BROTHER/msasl_brother_How_to_sign_Brother_-_ASL_Vocabulary_Series.mp4_aug_horizontal_flip.mp4,BROTHER
BROTHER/msasl_brother_How_to_sign_Brother_-_ASL_Vocabulary_Series.mp4_aug_slight_rotation.mp4,BROTHER
BROTHER/msasl_brother_How_to_sign_Brother_-_ASL_Vocabulary_Series.mp4_aug_temporal.mp4,BROTHER
BROTHER/msasl_brother_Kindergarten_ASL_Vocabulary_-_1.mp4.mkv,BROTHER
BROTHER/msasl_brother_Kindergarten_ASL_Vocabulary_-_1.mp4_aug_brightness_contrast.mp4,BROTHER
BROTHER/msasl_brother_Kindergarten_ASL_Vocabulary_-_1.mp4_aug_horizontal_flip.mp4,BROTHER
BROTHER/msasl_brother_Kindergarten_ASL_Vocabulary_-_1.mp4_aug_slight_rotation.mp4,BROTHER
BROTHER/msasl_brother_Kindergarten_ASL_Vocabulary_-_1.mp4_aug_temporal.mp4,BROTHER
BROTHER/msasl_brother_Lesson_2_Vocabulary_-_A_Basic_Course_(ABC)_in_ASL.mp4.mkv,BROTHER
BROTHER/msasl_brother_Lesson_2_Vocabulary_-_A_Basic_Course_(ABC)_in_ASL.mp4_aug_brightness_contrast.mp4,BROTHER
BROTHER/msasl_brother_Lesson_2_Vocabulary_-_A_Basic_Course_(ABC)_in_ASL.mp4_aug_horizontal_flip.mp4,BROTHER
BROTHER/msasl_brother_Lesson_2_Vocabulary_-_A_Basic_Course_(ABC)_in_ASL.mp4_aug_slight_rotation.mp4,BROTHER
BROTHER/msasl_brother_Lesson_2_Vocabulary_-_A_Basic_Course_(ABC)_in_ASL.mp4_aug_temporal.mp4,BROTHER
BROTHER/msasl_brother_Level_1_Unit_5_Vocabulary.mp4,BROTHER
BROTHER/msasl_brother_Level_1_Unit_5_Vocabulary_aug_brightness_contrast.mp4,BROTHER
BROTHER/msasl_brother_Level_1_Unit_5_Vocabulary_aug_horizontal_flip.mp4,BROTHER
BROTHER/msasl_brother_Level_1_Unit_5_Vocabulary_aug_slight_rotation.mp4,BROTHER
BROTHER/msasl_brother_Level_1_Unit_5_Vocabulary_aug_temporal.mp4,BROTHER
BROTHER/msasl_brother_Mastering_ASL_Unit_4_Vocabulary_signed_by_Dr_Wooten.mp4,BROTHER
BROTHER/msasl_brother_Mastering_ASL_Unit_4_Vocabulary_signed_by_Dr_Wooten_aug_brightness_contrast.mp4,BROTHER
BROTHER/msasl_brother_Mastering_ASL_Unit_4_Vocabulary_signed_by_Dr_Wooten_aug_horizontal_flip.mp4,BROTHER
BROTHER/msasl_brother_Mastering_ASL_Unit_4_Vocabulary_signed_by_Dr_Wooten_aug_slight_rotation.mp4,BROTHER
BROTHER/msasl_brother_Mastering_ASL_Unit_4_Vocabulary_signed_by_Dr_Wooten_aug_temporal.mp4,BROTHER
BROTHER/msasl_brother_People_Signs_in_ASL.mp4,BROTHER
BROTHER/msasl_brother_People_Signs_in_ASL_aug_brightness_contrast.mp4,BROTHER
BROTHER/msasl_brother_People_Signs_in_ASL_aug_horizontal_flip.mp4,BROTHER
BROTHER/msasl_brother_People_Signs_in_ASL_aug_slight_rotation.mp4,BROTHER
BROTHER/msasl_brother_People_Signs_in_ASL_aug_temporal.mp4,BROTHER
BROTHER/msasl_brother_SWIC_Community_Ed_-_Class_One.mp4,BROTHER
BROTHER/msasl_brother_SWIC_Community_Ed_-_Class_One_aug_brightness_contrast.mp4,BROTHER
BROTHER/msasl_brother_SWIC_Community_Ed_-_Class_One_aug_horizontal_flip.mp4,BROTHER
BROTHER/msasl_brother_SWIC_Community_Ed_-_Class_One_aug_slight_rotation.mp4,BROTHER
BROTHER/msasl_brother_SWIC_Community_Ed_-_Class_One_aug_temporal.mp4,BROTHER
BROTHER/msasl_brother_Unit_01_Vocabulary.mp4,BROTHER
BROTHER/msasl_brother_Unit_01_Vocabulary_aug_brightness_contrast.mp4,BROTHER
BROTHER/msasl_brother_Unit_01_Vocabulary_aug_horizontal_flip.mp4,BROTHER
BROTHER/msasl_brother_Unit_01_Vocabulary_aug_slight_rotation.mp4,BROTHER
BROTHER/msasl_brother_Unit_01_Vocabulary_aug_temporal.mp4,BROTHER
BROTHER/msasl_brother_Unit_1_Vocabulary(3).mp4,BROTHER
BROTHER/msasl_brother_Unit_1_Vocabulary(3)_aug_brightness_contrast.mp4,BROTHER
BROTHER/msasl_brother_Unit_1_Vocabulary(3)_aug_horizontal_flip.mp4,BROTHER
BROTHER/msasl_brother_Unit_1_Vocabulary(3)_aug_slight_rotation.mp4,BROTHER
BROTHER/msasl_brother_Unit_1_Vocabulary(3)_aug_temporal.mp4,BROTHER
BROTHER/msasl_brother_Unit_4_vocabulary_pg_1-3.mp4,BROTHER
BROTHER/msasl_brother_Unit_4_vocabulary_pg_1-3_aug_brightness_contrast.mp4,BROTHER
BROTHER/msasl_brother_Unit_4_vocabulary_pg_1-3_aug_horizontal_flip.mp4,BROTHER
BROTHER/msasl_brother_Unit_4_vocabulary_pg_1-3_aug_slight_rotation.mp4,BROTHER
BROTHER/msasl_brother_Unit_4_vocabulary_pg_1-3_aug_temporal.mp4,BROTHER
BROTHER/msasl_brother_brother_-_ASL_sign_for_brother.mp4.mkv,BROTHER
BROTHER/msasl_brother_brother_-_ASL_sign_for_brother.mp4_aug_brightness_contrast.mp4,BROTHER
BROTHER/msasl_brother_brother_-_ASL_sign_for_brother.mp4_aug_horizontal_flip.mp4,BROTHER
BROTHER/msasl_brother_brother_-_ASL_sign_for_brother.mp4_aug_slight_rotation.mp4,BROTHER
BROTHER/msasl_brother_brother_-_ASL_sign_for_brother.mp4_aug_temporal.mp4,BROTHER
BROTHER/wlasl_07932.mp4,BROTHER
BROTHER/wlasl_07932_aug_brightness_contrast.mp4,BROTHER
BROTHER/wlasl_07932_aug_horizontal_flip.mp4,BROTHER
BROTHER/wlasl_07932_aug_slight_rotation.mp4,BROTHER
BROTHER/wlasl_07932_aug_temporal.mp4,BROTHER
BROTHER/wlasl_07933.mp4,BROTHER
BROTHER/wlasl_07933_aug_brightness_contrast.mp4,BROTHER
BROTHER/wlasl_07933_aug_horizontal_flip.mp4,BROTHER
BROTHER/wlasl_07933_aug_slight_rotation.mp4,BROTHER
BROTHER/wlasl_07933_aug_temporal.mp4,BROTHER
BROTHER/wlasl_07934.mp4,BROTHER
BROTHER/wlasl_07934_aug_brightness_contrast.mp4,BROTHER
BROTHER/wlasl_07934_aug_horizontal_flip.mp4,BROTHER
BROTHER/wlasl_07934_aug_slight_rotation.mp4,BROTHER
BROTHER/wlasl_07934_aug_temporal.mp4,BROTHER
BROTHER/wlasl_07935.mp4,BROTHER
BROTHER/wlasl_07935_aug_brightness_contrast.mp4,BROTHER
BROTHER/wlasl_07935_aug_horizontal_flip.mp4,BROTHER
BROTHER/wlasl_07935_aug_slight_rotation.mp4,BROTHER
BROTHER/wlasl_07935_aug_temporal.mp4,BROTHER
BROTHER/wlasl_07936.mp4,BROTHER
BROTHER/wlasl_07936_aug_brightness_contrast.mp4,BROTHER
BROTHER/wlasl_07936_aug_horizontal_flip.mp4,BROTHER
BROTHER/wlasl_07936_aug_slight_rotation.mp4,BROTHER
BROTHER/wlasl_07936_aug_temporal.mp4,BROTHER
BROTHER/wlasl_07937.mp4,BROTHER
BROTHER/wlasl_07937_aug_brightness_contrast.mp4,BROTHER
BROTHER/wlasl_07937_aug_horizontal_flip.mp4,BROTHER
BROTHER/wlasl_07937_aug_slight_rotation.mp4,BROTHER
BROTHER/wlasl_07937_aug_temporal.mp4,BROTHER
BROTHER/wlasl_07938.mp4,BROTHER
BROTHER/wlasl_07938_aug_brightness_contrast.mp4,BROTHER
BROTHER/wlasl_07938_aug_horizontal_flip.mp4,BROTHER
BROTHER/wlasl_07938_aug_slight_rotation.mp4,BROTHER
BROTHER/wlasl_07938_aug_temporal.mp4,BROTHER
BROTHER/wlasl_07940.mp4,BROTHER
BROTHER/wlasl_07940_aug_brightness_contrast.mp4,BROTHER
BROTHER/wlasl_07940_aug_horizontal_flip.mp4,BROTHER
BROTHER/wlasl_07940_aug_slight_rotation.mp4,BROTHER
BROTHER/wlasl_07940_aug_temporal.mp4,BROTHER
BROTHER/wlasl_69251.mp4,BROTHER
BROTHER/wlasl_69251_aug_brightness_contrast.mp4,BROTHER
BROTHER/wlasl_69251_aug_horizontal_flip.mp4,BROTHER
BROTHER/wlasl_69251_aug_slight_rotation.mp4,BROTHER
BROTHER/wlasl_69251_aug_temporal.mp4,BROTHER
BUT/ASLLVD_BUT__ASL_2008_01_11_scene60-665-695_camera1.mov,BUT
BUT/ASLLVD_BUT__ASL_2008_01_11_scene60-665-695_camera1_aug_brightness_contrast.mp4,BUT
BUT/ASLLVD_BUT__ASL_2008_01_11_scene60-665-695_camera1_aug_horizontal_flip.mp4,BUT
BUT/ASLLVD_BUT__ASL_2008_01_11_scene60-665-695_camera1_aug_slight_rotation.mp4,BUT
BUT/ASLLVD_BUT__ASL_2008_01_11_scene60-665-695_camera1_aug_temporal.mp4,BUT
BUT/ASLLVD_BUT__ASL_2008_05_12_scene37-1025-1047_camera1.mov,BUT
BUT/ASLLVD_BUT__ASL_2008_05_12_scene37-1025-1047_camera1_aug_brightness_contrast.mp4,BUT
BUT/ASLLVD_BUT__ASL_2008_05_12_scene37-1025-1047_camera1_aug_horizontal_flip.mp4,BUT
BUT/ASLLVD_BUT__ASL_2008_05_12_scene37-1025-1047_camera1_aug_slight_rotation.mp4,BUT
BUT/ASLLVD_BUT__ASL_2008_05_12_scene37-1025-1047_camera1_aug_temporal.mp4,BUT
BUT/ASLLVD_BUT__ASL_2011_06_08_scene24-9091-9103_camera1.mov,BUT
BUT/ASLLVD_BUT__ASL_2011_06_08_scene24-9091-9103_camera1_aug_brightness_contrast.mp4,BUT
BUT/ASLLVD_BUT__ASL_2011_06_08_scene24-9091-9103_camera1_aug_horizontal_flip.mp4,BUT
BUT/ASLLVD_BUT__ASL_2011_06_08_scene24-9091-9103_camera1_aug_slight_rotation.mp4,BUT
BUT/ASLLVD_BUT__ASL_2011_06_08_scene24-9091-9103_camera1_aug_temporal.mp4,BUT
BUT/desktop.ini,BUT
BUT/desktop_aug_brightness_contrast.mp4,BUT
BUT/desktop_aug_horizontal_flip.mp4,BUT
BUT/desktop_aug_slight_rotation.mp4,BUT
BUT/desktop_aug_temporal.mp4,BUT
BUT/msasl_but_ASL1_Class_21_New_SIGNS.mp4.webm,BUT
BUT/msasl_but_ASL1_Class_21_New_SIGNS.mp4_aug_brightness_contrast.mp4,BUT
BUT/msasl_but_ASL1_Class_21_New_SIGNS.mp4_aug_horizontal_flip.mp4,BUT
BUT/msasl_but_ASL1_Class_21_New_SIGNS.mp4_aug_slight_rotation.mp4,BUT
BUT/msasl_but_ASL1_Class_21_New_SIGNS.mp4_aug_temporal.mp4,BUT
BUT/msasl_but_ASL_1_Set_1_Supplemental_Vocabulary.mp4.mkv,BUT
BUT/msasl_but_ASL_1_Set_1_Supplemental_Vocabulary.mp4_aug_brightness_contrast.mp4,BUT
BUT/msasl_but_ASL_1_Set_1_Supplemental_Vocabulary.mp4_aug_horizontal_flip.mp4,BUT
BUT/msasl_but_ASL_1_Set_1_Supplemental_Vocabulary.mp4_aug_slight_rotation.mp4,BUT
BUT/msasl_but_ASL_1_Set_1_Supplemental_Vocabulary.mp4_aug_temporal.mp4,BUT
BUT/msasl_but_ASL_Level_2_Unit_11_Vocabulary.mp4,BUT
BUT/msasl_but_ASL_Level_2_Unit_11_Vocabulary_aug_brightness_contrast.mp4,BUT
BUT/msasl_but_ASL_Level_2_Unit_11_Vocabulary_aug_horizontal_flip.mp4,BUT
BUT/msasl_but_ASL_Level_2_Unit_11_Vocabulary_aug_slight_rotation.mp4,BUT
BUT/msasl_but_ASL_Level_2_Unit_11_Vocabulary_aug_temporal.mp4,BUT
BUT/msasl_but_ASL_Level_2_Unit_12_Vocabulary.mp4,BUT
BUT/msasl_but_ASL_Level_2_Unit_12_Vocabulary_aug_brightness_contrast.mp4,BUT
BUT/msasl_but_ASL_Level_2_Unit_12_Vocabulary_aug_horizontal_flip.mp4,BUT
BUT/msasl_but_ASL_Level_2_Unit_12_Vocabulary_aug_slight_rotation.mp4,BUT
BUT/msasl_but_ASL_Level_2_Unit_12_Vocabulary_aug_temporal.mp4,BUT
BUT/msasl_but_BUT(1).mp4,BUT
BUT/msasl_but_BUT(1)_aug_brightness_contrast.mp4,BUT
BUT/msasl_but_BUT(1)_aug_horizontal_flip.mp4,BUT
BUT/msasl_but_BUT(1)_aug_slight_rotation.mp4,BUT
BUT/msasl_but_BUT(1)_aug_temporal.mp4,BUT
BUT/msasl_but_BUT(2).mp4.mkv,BUT
BUT/msasl_but_BUT(2).mp4_aug_brightness_contrast.mp4,BUT
BUT/msasl_but_BUT(2).mp4_aug_horizontal_flip.mp4,BUT
BUT/msasl_but_BUT(2).mp4_aug_slight_rotation.mp4,BUT
BUT/msasl_but_BUT(2).mp4_aug_temporal.mp4,BUT
BUT/msasl_but_BUT(3).mp4,BUT
BUT/msasl_but_BUT(3)_aug_brightness_contrast.mp4,BUT
BUT/msasl_but_BUT(3)_aug_horizontal_flip.mp4,BUT
BUT/msasl_but_BUT(3)_aug_slight_rotation.mp4,BUT
BUT/msasl_but_BUT(3)_aug_temporal.mp4,BUT
BUT/msasl_but_Mastering_ASL_Unit_4_Vocabulary_signed_by_Dr_Wooten.mp4.mkv,BUT
BUT/msasl_but_Mastering_ASL_Unit_4_Vocabulary_signed_by_Dr_Wooten.mp4_aug_brightness_contrast.mp4,BUT
BUT/msasl_but_Mastering_ASL_Unit_4_Vocabulary_signed_by_Dr_Wooten.mp4_aug_horizontal_flip.mp4,BUT
BUT/msasl_but_Mastering_ASL_Unit_4_Vocabulary_signed_by_Dr_Wooten.mp4_aug_slight_rotation.mp4,BUT
BUT/msasl_but_Mastering_ASL_Unit_4_Vocabulary_signed_by_Dr_Wooten.mp4_aug_temporal.mp4,BUT
BUT/msasl_but_The_First_100_Signs_You_Need_to_Know.mp4.webm,BUT
BUT/msasl_but_The_First_100_Signs_You_Need_to_Know.mp4_aug_brightness_contrast.mp4,BUT
BUT/msasl_but_The_First_100_Signs_You_Need_to_Know.mp4_aug_horizontal_flip.mp4,BUT
BUT/msasl_but_The_First_100_Signs_You_Need_to_Know.mp4_aug_slight_rotation.mp4,BUT
BUT/msasl_but_The_First_100_Signs_You_Need_to_Know.mp4_aug_temporal.mp4,BUT
BUT/msasl_but_Unit_1_vocabulary_part_1.mp4.mkv,BUT
BUT/msasl_but_Unit_1_vocabulary_part_1.mp4_aug_brightness_contrast.mp4,BUT
BUT/msasl_but_Unit_1_vocabulary_part_1.mp4_aug_horizontal_flip.mp4,BUT
BUT/msasl_but_Unit_1_vocabulary_part_1.mp4_aug_slight_rotation.mp4,BUT
BUT/msasl_but_Unit_1_vocabulary_part_1.mp4_aug_temporal.mp4,BUT
BUT/wlasl_08424.mp4,BUT
BUT/wlasl_08424_aug_brightness_contrast.mp4,BUT
BUT/wlasl_08424_aug_horizontal_flip.mp4,BUT
BUT/wlasl_08424_aug_slight_rotation.mp4,BUT
BUT/wlasl_08424_aug_temporal.mp4,BUT
BUT/wlasl_08425.mp4,BUT
BUT/wlasl_08425_aug_brightness_contrast.mp4,BUT
BUT/wlasl_08425_aug_horizontal_flip.mp4,BUT
BUT/wlasl_08425_aug_slight_rotation.mp4,BUT
BUT/wlasl_08425_aug_temporal.mp4,BUT
BUT/wlasl_08426.mp4,BUT
BUT/wlasl_08426_aug_brightness_contrast.mp4,BUT
BUT/wlasl_08426_aug_horizontal_flip.mp4,BUT
BUT/wlasl_08426_aug_slight_rotation.mp4,BUT
BUT/wlasl_08426_aug_temporal.mp4,BUT
BUT/wlasl_08429.mp4,BUT
BUT/wlasl_08429_aug_brightness_contrast.mp4,BUT
BUT/wlasl_08429_aug_horizontal_flip.mp4,BUT
BUT/wlasl_08429_aug_slight_rotation.mp4,BUT
BUT/wlasl_08429_aug_temporal.mp4,BUT
BUT/wlasl_08431.mp4,BUT
BUT/wlasl_08431_aug_brightness_contrast.mp4,BUT
BUT/wlasl_08431_aug_horizontal_flip.mp4,BUT
BUT/wlasl_08431_aug_slight_rotation.mp4,BUT
BUT/wlasl_08431_aug_temporal.mp4,BUT
CANDY/ASLLVD_CANDY__ASL_2006_10_10_scene5-1034-1058_camera1.mov,CANDY
CANDY/ASLLVD_CANDY__ASL_2006_10_10_scene5-1034-1058_camera1_aug_brightness_contrast.mp4,CANDY
CANDY/ASLLVD_CANDY__ASL_2006_10_10_scene5-1034-1058_camera1_aug_horizontal_flip.mp4,CANDY
CANDY/ASLLVD_CANDY__ASL_2006_10_10_scene5-1034-1058_camera1_aug_slight_rotation.mp4,CANDY
CANDY/ASLLVD_CANDY__ASL_2006_10_10_scene5-1034-1058_camera1_aug_temporal.mp4,CANDY
CANDY/ASLLVD_CANDY__ASL_2008_01_11_scene63-1191-1220_camera1.mov,CANDY
CANDY/ASLLVD_CANDY__ASL_2008_01_11_scene63-1191-1220_camera1_aug_brightness_contrast.mp4,CANDY
CANDY/ASLLVD_CANDY__ASL_2008_01_11_scene63-1191-1220_camera1_aug_horizontal_flip.mp4,CANDY
CANDY/ASLLVD_CANDY__ASL_2008_01_11_scene63-1191-1220_camera1_aug_slight_rotation.mp4,CANDY
CANDY/ASLLVD_CANDY__ASL_2008_01_11_scene63-1191-1220_camera1_aug_temporal.mp4,CANDY
CANDY/ASLLVD_CANDY__ASL_2008_05_12_scene39-1830-1881_camera1.mov,CANDY
CANDY/ASLLVD_CANDY__ASL_2008_05_12_scene39-1830-1881_camera1_aug_brightness_contrast.mp4,CANDY
CANDY/ASLLVD_CANDY__ASL_2008_05_12_scene39-1830-1881_camera1_aug_horizontal_flip.mp4,CANDY
CANDY/ASLLVD_CANDY__ASL_2008_05_12_scene39-1830-1881_camera1_aug_slight_rotation.mp4,CANDY
CANDY/ASLLVD_CANDY__ASL_2008_05_12_scene39-1830-1881_camera1_aug_temporal.mp4,CANDY
CANDY/ASLLVD_CANDY__ASL_2008_08_04_scene40-3485-3512_camera1.mov,CANDY
CANDY/ASLLVD_CANDY__ASL_2008_08_04_scene40-3485-3512_camera1_aug_brightness_contrast.mp4,CANDY
CANDY/ASLLVD_CANDY__ASL_2008_08_04_scene40-3485-3512_camera1_aug_horizontal_flip.mp4,CANDY
CANDY/ASLLVD_CANDY__ASL_2008_08_04_scene40-3485-3512_camera1_aug_slight_rotation.mp4,CANDY
CANDY/ASLLVD_CANDY__ASL_2008_08_04_scene40-3485-3512_camera1_aug_temporal.mp4,CANDY
CANDY/ASLLVD_CANDY__ASL_2011_06_08_scene25-7403-7434_camera1.mov,CANDY
CANDY/ASLLVD_CANDY__ASL_2011_06_08_scene25-7403-7434_camera1_aug_brightness_contrast.mp4,CANDY
CANDY/ASLLVD_CANDY__ASL_2011_06_08_scene25-7403-7434_camera1_aug_horizontal_flip.mp4,CANDY
CANDY/ASLLVD_CANDY__ASL_2011_06_08_scene25-7403-7434_camera1_aug_slight_rotation.mp4,CANDY
CANDY/ASLLVD_CANDY__ASL_2011_06_08_scene25-7403-7434_camera1_aug_temporal.mp4,CANDY
CANDY/desktop.ini,CANDY
CANDY/desktop_aug_brightness_contrast.mp4,CANDY
CANDY/desktop_aug_horizontal_flip.mp4,CANDY
CANDY/desktop_aug_slight_rotation.mp4,CANDY
CANDY/desktop_aug_temporal.mp4,CANDY
CANDY/msasl_candy_ASL1_Class_4_New_SIGNS_plus_Partner_Practice_QA_and_p29_Dialogue.mp4.mkv,CANDY
CANDY/msasl_candy_ASL1_Class_4_New_SIGNS_plus_Partner_Practice_QA_and_p29_Dialogue.mp4_aug_brightness_contrast.mp4,CANDY
CANDY/msasl_candy_ASL1_Class_4_New_SIGNS_plus_Partner_Practice_QA_and_p29_Dialogue.mp4_aug_horizontal_flip.mp4,CANDY
CANDY/msasl_candy_ASL1_Class_4_New_SIGNS_plus_Partner_Practice_QA_and_p29_Dialogue.mp4_aug_slight_rotation.mp4,CANDY
CANDY/msasl_candy_ASL1_Class_4_New_SIGNS_plus_Partner_Practice_QA_and_p29_Dialogue.mp4_aug_temporal.mp4,CANDY
CANDY/msasl_candy_ASL_-_Snacks.mp4.mkv,CANDY
CANDY/msasl_candy_ASL_-_Snacks.mp4_aug_brightness_contrast.mp4,CANDY
CANDY/msasl_candy_ASL_-_Snacks.mp4_aug_horizontal_flip.mp4,CANDY
CANDY/msasl_candy_ASL_-_Snacks.mp4_aug_slight_rotation.mp4,CANDY
CANDY/msasl_candy_ASL_-_Snacks.mp4_aug_temporal.mp4,CANDY
CANDY/msasl_candy_ASL_1_Set_3_Supplemental_Vocabulary.mp4.mkv,CANDY
CANDY/msasl_candy_ASL_1_Set_3_Supplemental_Vocabulary.mp4_aug_brightness_contrast.mp4,CANDY
CANDY/msasl_candy_ASL_1_Set_3_Supplemental_Vocabulary.mp4_aug_horizontal_flip.mp4,CANDY
CANDY/msasl_candy_ASL_1_Set_3_Supplemental_Vocabulary.mp4_aug_slight_rotation.mp4,CANDY
CANDY/msasl_candy_ASL_1_Set_3_Supplemental_Vocabulary.mp4_aug_temporal.mp4,CANDY
CANDY/msasl_candy_ASL_1_Unit_3_Vocabulary.mp4.mkv,CANDY
CANDY/msasl_candy_ASL_1_Unit_3_Vocabulary.mp4_aug_brightness_contrast.mp4,CANDY
CANDY/msasl_candy_ASL_1_Unit_3_Vocabulary.mp4_aug_horizontal_flip.mp4,CANDY
CANDY/msasl_candy_ASL_1_Unit_3_Vocabulary.mp4_aug_slight_rotation.mp4,CANDY
CANDY/msasl_candy_ASL_1_Unit_3_Vocabulary.mp4_aug_temporal.mp4,CANDY
CANDY/msasl_candy_ASL_Lesson_10_MoneyFood.mp4.mkv,CANDY
CANDY/msasl_candy_ASL_Lesson_10_MoneyFood.mp4_aug_brightness_contrast.mp4,CANDY
CANDY/msasl_candy_ASL_Lesson_10_MoneyFood.mp4_aug_horizontal_flip.mp4,CANDY
CANDY/msasl_candy_ASL_Lesson_10_MoneyFood.mp4_aug_slight_rotation.mp4,CANDY
CANDY/msasl_candy_ASL_Lesson_10_MoneyFood.mp4_aug_temporal.mp4,CANDY
CANDY/msasl_candy_ASL_Level_1_Unit_3_Vocabulary.mp4,CANDY
CANDY/msasl_candy_ASL_Level_1_Unit_3_Vocabulary_aug_brightness_contrast.mp4,CANDY
CANDY/msasl_candy_ASL_Level_1_Unit_3_Vocabulary_aug_horizontal_flip.mp4,CANDY
CANDY/msasl_candy_ASL_Level_1_Unit_3_Vocabulary_aug_slight_rotation.mp4,CANDY
CANDY/msasl_candy_ASL_Level_1_Unit_3_Vocabulary_aug_temporal.mp4,CANDY
CANDY/msasl_candy_Asl_vocab_2.mp4.mkv,CANDY
CANDY/msasl_candy_Asl_vocab_2.mp4_aug_brightness_contrast.mp4,CANDY
CANDY/msasl_candy_Asl_vocab_2.mp4_aug_horizontal_flip.mp4,CANDY
CANDY/msasl_candy_Asl_vocab_2.mp4_aug_slight_rotation.mp4,CANDY
CANDY/msasl_candy_Asl_vocab_2.mp4_aug_temporal.mp4,CANDY
CANDY/msasl_candy_CANDY(1).mp4,CANDY
CANDY/msasl_candy_CANDY(1)_aug_brightness_contrast.mp4,CANDY
CANDY/msasl_candy_CANDY(1)_aug_horizontal_flip.mp4,CANDY
CANDY/msasl_candy_CANDY(1)_aug_slight_rotation.mp4,CANDY
CANDY/msasl_candy_CANDY(1)_aug_temporal.mp4,CANDY
CANDY/msasl_candy_CANDY(2).mp4,CANDY
CANDY/msasl_candy_CANDY(2)_aug_brightness_contrast.mp4,CANDY
CANDY/msasl_candy_CANDY(2)_aug_horizontal_flip.mp4,CANDY
CANDY/msasl_candy_CANDY(2)_aug_slight_rotation.mp4,CANDY
CANDY/msasl_candy_CANDY(2)_aug_temporal.mp4,CANDY
CANDY/msasl_candy_CANDY_(treat).mp4.mkv,CANDY
CANDY/msasl_candy_CANDY_(treat).mp4_aug_brightness_contrast.mp4,CANDY
CANDY/msasl_candy_CANDY_(treat).mp4_aug_horizontal_flip.mp4,CANDY
CANDY/msasl_candy_CANDY_(treat).mp4_aug_slight_rotation.mp4,CANDY
CANDY/msasl_candy_CANDY_(treat).mp4_aug_temporal.mp4,CANDY
CANDY/msasl_candy_Candy.mp4.mkv,CANDY
CANDY/msasl_candy_Candy.mp4_aug_brightness_contrast.mp4,CANDY
CANDY/msasl_candy_Candy.mp4_aug_horizontal_flip.mp4,CANDY
CANDY/msasl_candy_Candy.mp4_aug_slight_rotation.mp4,CANDY
CANDY/msasl_candy_Candy.mp4_aug_temporal.mp4,CANDY
CANDY/msasl_candy_Desserts_ASL_-_American_Sign_Language.mp4.mkv,CANDY
CANDY/msasl_candy_Desserts_ASL_-_American_Sign_Language.mp4_aug_brightness_contrast.mp4,CANDY
CANDY/msasl_candy_Desserts_ASL_-_American_Sign_Language.mp4_aug_horizontal_flip.mp4,CANDY
CANDY/msasl_candy_Desserts_ASL_-_American_Sign_Language.mp4_aug_slight_rotation.mp4,CANDY
CANDY/msasl_candy_Desserts_ASL_-_American_Sign_Language.mp4_aug_temporal.mp4,CANDY
CANDY/msasl_candy_Dr_Wooten_Signing_Unit_10_Vocabulary.mp4.mkv,CANDY
CANDY/msasl_candy_Dr_Wooten_Signing_Unit_10_Vocabulary.mp4_aug_brightness_contrast.mp4,CANDY
CANDY/msasl_candy_Dr_Wooten_Signing_Unit_10_Vocabulary.mp4_aug_horizontal_flip.mp4,CANDY
CANDY/msasl_candy_Dr_Wooten_Signing_Unit_10_Vocabulary.mp4_aug_slight_rotation.mp4,CANDY
CANDY/msasl_candy_Dr_Wooten_Signing_Unit_10_Vocabulary.mp4_aug_temporal.mp4,CANDY
CANDY/msasl_candy_Learn_American_Sign_Language_Basic_Vocabulary.mp4,CANDY
CANDY/msasl_candy_Learn_American_Sign_Language_Basic_Vocabulary_aug_brightness_contrast.mp4,CANDY
CANDY/msasl_candy_Learn_American_Sign_Language_Basic_Vocabulary_aug_horizontal_flip.mp4,CANDY
CANDY/msasl_candy_Learn_American_Sign_Language_Basic_Vocabulary_aug_slight_rotation.mp4,CANDY
CANDY/msasl_candy_Learn_American_Sign_Language_Basic_Vocabulary_aug_temporal.mp4,CANDY
CANDY/msasl_candy_Lesson_8_Vocabulary_-_A_Basic_Course_(ABC)_in_ASL.mp4.mkv,CANDY
CANDY/msasl_candy_Lesson_8_Vocabulary_-_A_Basic_Course_(ABC)_in_ASL.mp4_aug_brightness_contrast.mp4,CANDY
CANDY/msasl_candy_Lesson_8_Vocabulary_-_A_Basic_Course_(ABC)_in_ASL.mp4_aug_horizontal_flip.mp4,CANDY
CANDY/msasl_candy_Lesson_8_Vocabulary_-_A_Basic_Course_(ABC)_in_ASL.mp4_aug_slight_rotation.mp4,CANDY
CANDY/msasl_candy_Lesson_8_Vocabulary_-_A_Basic_Course_(ABC)_in_ASL.mp4_aug_temporal.mp4,CANDY
CANDY/msasl_candy_UNIT_10_VOCABULARY.mp4.mkv,CANDY
CANDY/msasl_candy_UNIT_10_VOCABULARY.mp4_aug_brightness_contrast.mp4,CANDY
CANDY/msasl_candy_UNIT_10_VOCABULARY.mp4_aug_horizontal_flip.mp4,CANDY
CANDY/msasl_candy_UNIT_10_VOCABULARY.mp4_aug_slight_rotation.mp4,CANDY
CANDY/msasl_candy_UNIT_10_VOCABULARY.mp4_aug_temporal.mp4,CANDY
CANDY/msasl_candy_Unit_07_Vocabulary.mp4.webm,CANDY
CANDY/msasl_candy_Unit_07_Vocabulary.mp4_aug_brightness_contrast.mp4,CANDY
CANDY/msasl_candy_Unit_07_Vocabulary.mp4_aug_horizontal_flip.mp4,CANDY
CANDY/msasl_candy_Unit_07_Vocabulary.mp4_aug_slight_rotation.mp4,CANDY
CANDY/msasl_candy_Unit_07_Vocabulary.mp4_aug_temporal.mp4,CANDY
CANDY/msasl_candy_Unit_7_Vocabularymp4.mp4.mkv,CANDY
CANDY/msasl_candy_Unit_7_Vocabularymp4.mp4_aug_brightness_contrast.mp4,CANDY
CANDY/msasl_candy_Unit_7_Vocabularymp4.mp4_aug_horizontal_flip.mp4,CANDY
CANDY/msasl_candy_Unit_7_Vocabularymp4.mp4_aug_slight_rotation.mp4,CANDY
CANDY/msasl_candy_Unit_7_Vocabularymp4.mp4_aug_temporal.mp4,CANDY
CANDY/msasl_candy_Valentine_Vocabulary.mp4,CANDY
CANDY/msasl_candy_Valentine_Vocabulary_aug_brightness_contrast.mp4,CANDY
CANDY/msasl_candy_Valentine_Vocabulary_aug_horizontal_flip.mp4,CANDY
CANDY/msasl_candy_Valentine_Vocabulary_aug_slight_rotation.mp4,CANDY
CANDY/msasl_candy_Valentine_Vocabulary_aug_temporal.mp4,CANDY
CANDY/msasl_candy_candy_-_ASL_sign_for_candy.mp4.mkv,CANDY
CANDY/msasl_candy_candy_-_ASL_sign_for_candy.mp4_aug_brightness_contrast.mp4,CANDY
CANDY/msasl_candy_candy_-_ASL_sign_for_candy.mp4_aug_horizontal_flip.mp4,CANDY
CANDY/msasl_candy_candy_-_ASL_sign_for_candy.mp4_aug_slight_rotation.mp4,CANDY
CANDY/msasl_candy_candy_-_ASL_sign_for_candy.mp4_aug_temporal.mp4,CANDY
CANDY/wlasl_08915.mp4,CANDY
CANDY/wlasl_08915_aug_brightness_contrast.mp4,CANDY
CANDY/wlasl_08915_aug_horizontal_flip.mp4,CANDY
CANDY/wlasl_08915_aug_slight_rotation.mp4,CANDY
CANDY/wlasl_08915_aug_temporal.mp4,CANDY
CANDY/wlasl_08916.mp4,CANDY
CANDY/wlasl_08916_aug_brightness_contrast.mp4,CANDY
CANDY/wlasl_08916_aug_horizontal_flip.mp4,CANDY
CANDY/wlasl_08916_aug_slight_rotation.mp4,CANDY
CANDY/wlasl_08916_aug_temporal.mp4,CANDY
CANDY/wlasl_08917.mp4,CANDY
CANDY/wlasl_08917_aug_brightness_contrast.mp4,CANDY
CANDY/wlasl_08917_aug_horizontal_flip.mp4,CANDY
CANDY/wlasl_08917_aug_slight_rotation.mp4,CANDY
CANDY/wlasl_08917_aug_temporal.mp4,CANDY
CANDY/wlasl_08918.mp4,CANDY
CANDY/wlasl_08918_aug_brightness_contrast.mp4,CANDY
CANDY/wlasl_08918_aug_horizontal_flip.mp4,CANDY
CANDY/wlasl_08918_aug_slight_rotation.mp4,CANDY
CANDY/wlasl_08918_aug_temporal.mp4,CANDY
CANDY/wlasl_08919.mp4,CANDY
CANDY/wlasl_08919_aug_brightness_contrast.mp4,CANDY
CANDY/wlasl_08919_aug_horizontal_flip.mp4,CANDY
CANDY/wlasl_08919_aug_slight_rotation.mp4,CANDY
CANDY/wlasl_08919_aug_temporal.mp4,CANDY
CANDY/wlasl_08920.mp4,CANDY
CANDY/wlasl_08920_aug_brightness_contrast.mp4,CANDY
CANDY/wlasl_08920_aug_horizontal_flip.mp4,CANDY
CANDY/wlasl_08920_aug_slight_rotation.mp4,CANDY
CANDY/wlasl_08920_aug_temporal.mp4,CANDY
CANDY/wlasl_08921.mp4,CANDY
CANDY/wlasl_08921_aug_brightness_contrast.mp4,CANDY
CANDY/wlasl_08921_aug_horizontal_flip.mp4,CANDY
CANDY/wlasl_08921_aug_slight_rotation.mp4,CANDY
CANDY/wlasl_08921_aug_temporal.mp4,CANDY
CANDY/wlasl_08924.mp4,CANDY
CANDY/wlasl_08924_aug_brightness_contrast.mp4,CANDY
CANDY/wlasl_08924_aug_horizontal_flip.mp4,CANDY
CANDY/wlasl_08924_aug_slight_rotation.mp4,CANDY
CANDY/wlasl_08924_aug_temporal.mp4,CANDY
CANDY/wlasl_08925.mp4,CANDY
CANDY/wlasl_08925_aug_brightness_contrast.mp4,CANDY
CANDY/wlasl_08925_aug_horizontal_flip.mp4,CANDY
CANDY/wlasl_08925_aug_slight_rotation.mp4,CANDY
CANDY/wlasl_08925_aug_temporal.mp4,CANDY
CAR/ASLLVD_CAR__ASL_2008_01_11_scene65-815-876_camera1.mov,CAR
CAR/ASLLVD_CAR__ASL_2008_01_11_scene65-815-876_camera1_aug_brightness_contrast.mp4,CAR
CAR/ASLLVD_CAR__ASL_2008_01_11_scene65-815-876_camera1_aug_horizontal_flip.mp4,CAR
CAR/ASLLVD_CAR__ASL_2008_01_11_scene65-815-876_camera1_aug_slight_rotation.mp4,CAR
CAR/ASLLVD_CAR__ASL_2008_01_11_scene65-815-876_camera1_aug_temporal.mp4,CAR
CAR/ASLLVD_CAR__ASL_2008_01_18_scene24-3355-3420_camera1.mov,CAR
CAR/ASLLVD_CAR__ASL_2008_01_18_scene24-3355-3420_camera1_aug_brightness_contrast.mp4,CAR
CAR/ASLLVD_CAR__ASL_2008_01_18_scene24-3355-3420_camera1_aug_horizontal_flip.mp4,CAR
CAR/ASLLVD_CAR__ASL_2008_01_18_scene24-3355-3420_camera1_aug_slight_rotation.mp4,CAR
CAR/ASLLVD_CAR__ASL_2008_01_18_scene24-3355-3420_camera1_aug_temporal.mp4,CAR
CAR/ASLLVD_CAR__ASL_2008_05_12_scene40-3136-3172_camera1.mov,CAR
CAR/ASLLVD_CAR__ASL_2008_05_12_scene40-3136-3172_camera1_aug_brightness_contrast.mp4,CAR
CAR/ASLLVD_CAR__ASL_2008_05_12_scene40-3136-3172_camera1_aug_horizontal_flip.mp4,CAR
CAR/ASLLVD_CAR__ASL_2008_05_12_scene40-3136-3172_camera1_aug_slight_rotation.mp4,CAR
CAR/ASLLVD_CAR__ASL_2008_05_12_scene40-3136-3172_camera1_aug_temporal.mp4,CAR
CAR/ASLLVD_CAR__ASL_2008_08_04_scene41-3872-3937_camera1.mov,CAR
CAR/ASLLVD_CAR__ASL_2008_08_04_scene41-3872-3937_camera1_aug_brightness_contrast.mp4,CAR
CAR/ASLLVD_CAR__ASL_2008_08_04_scene41-3872-3937_camera1_aug_horizontal_flip.mp4,CAR
CAR/ASLLVD_CAR__ASL_2008_08_04_scene41-3872-3937_camera1_aug_slight_rotation.mp4,CAR
CAR/ASLLVD_CAR__ASL_2008_08_04_scene41-3872-3937_camera1_aug_temporal.mp4,CAR
CAR/ASLLVD_CAR__ASL_2008_08_06_scene24-2066-2130_camera1.mov,CAR
CAR/ASLLVD_CAR__ASL_2008_08_06_scene24-2066-2130_camera1_aug_brightness_contrast.mp4,CAR
CAR/ASLLVD_CAR__ASL_2008_08_06_scene24-2066-2130_camera1_aug_horizontal_flip.mp4,CAR
CAR/ASLLVD_CAR__ASL_2008_08_06_scene24-2066-2130_camera1_aug_slight_rotation.mp4,CAR
CAR/ASLLVD_CAR__ASL_2008_08_06_scene24-2066-2130_camera1_aug_temporal.mp4,CAR
CAR/ASLLVD_CAR__ASL_2011_06_08_scene25-13380-13415_camera1.mov,CAR
CAR/ASLLVD_CAR__ASL_2011_06_08_scene25-13380-13415_camera1_aug_brightness_contrast.mp4,CAR
CAR/ASLLVD_CAR__ASL_2011_06_08_scene25-13380-13415_camera1_aug_horizontal_flip.mp4,CAR
CAR/ASLLVD_CAR__ASL_2011_06_08_scene25-13380-13415_camera1_aug_slight_rotation.mp4,CAR
CAR/ASLLVD_CAR__ASL_2011_06_08_scene25-13380-13415_camera1_aug_temporal.mp4,CAR
CAR/ASLLVD_CAR__ASL_2011_07_22_scene42-1038-1080_camera1.mov,CAR
CAR/ASLLVD_CAR__ASL_2011_07_22_scene42-1038-1080_camera1_aug_brightness_contrast.mp4,CAR
CAR/ASLLVD_CAR__ASL_2011_07_22_scene42-1038-1080_camera1_aug_horizontal_flip.mp4,CAR
CAR/ASLLVD_CAR__ASL_2011_07_22_scene42-1038-1080_camera1_aug_slight_rotation.mp4,CAR
CAR/ASLLVD_CAR__ASL_2011_07_22_scene42-1038-1080_camera1_aug_temporal.mp4,CAR
CAR/desktop.ini,CAR
CAR/desktop_aug_brightness_contrast.mp4,CAR
CAR/desktop_aug_horizontal_flip.mp4,CAR
CAR/desktop_aug_slight_rotation.mp4,CAR
CAR/desktop_aug_temporal.mp4,CAR
CAR/msasl_car_ASL_1_Unit_3_Vocabulary.mp4.mkv,CAR
CAR/msasl_car_ASL_1_Unit_3_Vocabulary.mp4_aug_brightness_contrast.mp4,CAR
CAR/msasl_car_ASL_1_Unit_3_Vocabulary.mp4_aug_horizontal_flip.mp4,CAR
CAR/msasl_car_ASL_1_Unit_3_Vocabulary.mp4_aug_slight_rotation.mp4,CAR
CAR/msasl_car_ASL_1_Unit_3_Vocabulary.mp4_aug_temporal.mp4,CAR
CAR/msasl_car_ASL_Basic_Classroom_Signs.mp4.mkv,CAR
CAR/msasl_car_ASL_Basic_Classroom_Signs.mp4_aug_brightness_contrast.mp4,CAR
CAR/msasl_car_ASL_Basic_Classroom_Signs.mp4_aug_horizontal_flip.mp4,CAR
CAR/msasl_car_ASL_Basic_Classroom_Signs.mp4_aug_slight_rotation.mp4,CAR
CAR/msasl_car_ASL_Basic_Classroom_Signs.mp4_aug_temporal.mp4,CAR
CAR/msasl_car_ASL_Car_.mp4,CAR
CAR/msasl_car_ASL_Car__aug_brightness_contrast.mp4,CAR
CAR/msasl_car_ASL_Car__aug_horizontal_flip.mp4,CAR
CAR/msasl_car_ASL_Car__aug_slight_rotation.mp4,CAR
CAR/msasl_car_ASL_Car__aug_temporal.mp4,CAR
CAR/msasl_car_ASL_Lesson_11_Vehicles.mp4.mkv,CAR
CAR/msasl_car_ASL_Lesson_11_Vehicles.mp4_aug_brightness_contrast.mp4,CAR
CAR/msasl_car_ASL_Lesson_11_Vehicles.mp4_aug_horizontal_flip.mp4,CAR
CAR/msasl_car_ASL_Lesson_11_Vehicles.mp4_aug_slight_rotation.mp4,CAR
CAR/msasl_car_ASL_Lesson_11_Vehicles.mp4_aug_temporal.mp4,CAR
CAR/msasl_car_Baby_Sign_Language_Transportation_ASL_Sign_Words_Train_Bus_Patty_Shukla.mp4,CAR
CAR/msasl_car_Baby_Sign_Language_Transportation_ASL_Sign_Words_Train_Bus_Patty_Shukla_aug_brightness_contrast.mp4,CAR
CAR/msasl_car_Baby_Sign_Language_Transportation_ASL_Sign_Words_Train_Bus_Patty_Shukla_aug_horizontal_flip.mp4,CAR
CAR/msasl_car_Baby_Sign_Language_Transportation_ASL_Sign_Words_Train_Bus_Patty_Shukla_aug_slight_rotation.mp4,CAR
CAR/msasl_car_Baby_Sign_Language_Transportation_ASL_Sign_Words_Train_Bus_Patty_Shukla_aug_temporal.mp4,CAR
CAR/msasl_car_Baby_Sign_Language_Transportation_ASL_Sign_Words_Train_Bus_Patty_Shukla.mp4.webm,CAR
CAR/msasl_car_Baby_Sign_Language_Transportation_ASL_Sign_Words_Train_Bus_Patty_Shukla.mp4_aug_brightness_contrast.mp4,CAR
CAR/msasl_car_Baby_Sign_Language_Transportation_ASL_Sign_Words_Train_Bus_Patty_Shukla.mp4_aug_horizontal_flip.mp4,CAR
CAR/msasl_car_Baby_Sign_Language_Transportation_ASL_Sign_Words_Train_Bus_Patty_Shukla.mp4_aug_slight_rotation.mp4,CAR
CAR/msasl_car_Baby_Sign_Language_Transportation_ASL_Sign_Words_Train_Bus_Patty_Shukla.mp4_aug_temporal.mp4,CAR
CAR/msasl_car_Basic_Sign_Language_for_Caregivers_of_the_DeafHard_of_Hearing.mp4.webm,CAR
CAR/msasl_car_Basic_Sign_Language_for_Caregivers_of_the_DeafHard_of_Hearing.mp4_aug_brightness_contrast.mp4,CAR
CAR/msasl_car_Basic_Sign_Language_for_Caregivers_of_the_DeafHard_of_Hearing.mp4_aug_horizontal_flip.mp4,CAR
CAR/msasl_car_Basic_Sign_Language_for_Caregivers_of_the_DeafHard_of_Hearing.mp4_aug_slight_rotation.mp4,CAR
CAR/msasl_car_Basic_Sign_Language_for_Caregivers_of_the_DeafHard_of_Hearing.mp4_aug_temporal.mp4,CAR
CAR/msasl_car_CAR(1).mp4.mkv,CAR
CAR/msasl_car_CAR(1).mp4_aug_brightness_contrast.mp4,CAR
CAR/msasl_car_CAR(1).mp4_aug_horizontal_flip.mp4,CAR
CAR/msasl_car_CAR(1).mp4_aug_slight_rotation.mp4,CAR
CAR/msasl_car_CAR(1).mp4_aug_temporal.mp4,CAR
CAR/msasl_car_Car_in_Sign_Language_ASL_Dictionary_for_kids.mp4.webm,CAR
CAR/msasl_car_Car_in_Sign_Language_ASL_Dictionary_for_kids.mp4_aug_brightness_contrast.mp4,CAR
CAR/msasl_car_Car_in_Sign_Language_ASL_Dictionary_for_kids.mp4_aug_horizontal_flip.mp4,CAR
CAR/msasl_car_Car_in_Sign_Language_ASL_Dictionary_for_kids.mp4_aug_slight_rotation.mp4,CAR
CAR/msasl_car_Car_in_Sign_Language_ASL_Dictionary_for_kids.mp4_aug_temporal.mp4,CAR
CAR/msasl_car_First_100_Toys_in_ASL_with_captions.mp4.mkv,CAR
CAR/msasl_car_First_100_Toys_in_ASL_with_captions.mp4_aug_brightness_contrast.mp4,CAR
CAR/msasl_car_First_100_Toys_in_ASL_with_captions.mp4_aug_horizontal_flip.mp4,CAR
CAR/msasl_car_First_100_Toys_in_ASL_with_captions.mp4_aug_slight_rotation.mp4,CAR
CAR/msasl_car_First_100_Toys_in_ASL_with_captions.mp4_aug_temporal.mp4,CAR
CAR/msasl_car_How_to_sign_Car_-_ASL_Vocabulary_Series.mp4.mkv,CAR
CAR/msasl_car_How_to_sign_Car_-_ASL_Vocabulary_Series.mp4_aug_brightness_contrast.mp4,CAR
CAR/msasl_car_How_to_sign_Car_-_ASL_Vocabulary_Series.mp4_aug_horizontal_flip.mp4,CAR
CAR/msasl_car_How_to_sign_Car_-_ASL_Vocabulary_Series.mp4_aug_slight_rotation.mp4,CAR
CAR/msasl_car_How_to_sign_Car_-_ASL_Vocabulary_Series.mp4_aug_temporal.mp4,CAR
CAR/msasl_car_Lesson_3_Vocabulary_-_A_Basic_Course_(ABC)_in_ASL.mp4.mkv,CAR
CAR/msasl_car_Lesson_3_Vocabulary_-_A_Basic_Course_(ABC)_in_ASL.mp4_aug_brightness_contrast.mp4,CAR
CAR/msasl_car_Lesson_3_Vocabulary_-_A_Basic_Course_(ABC)_in_ASL.mp4_aug_horizontal_flip.mp4,CAR
CAR/msasl_car_Lesson_3_Vocabulary_-_A_Basic_Course_(ABC)_in_ASL.mp4_aug_slight_rotation.mp4,CAR
CAR/msasl_car_Lesson_3_Vocabulary_-_A_Basic_Course_(ABC)_in_ASL.mp4_aug_temporal.mp4,CAR
CAR/msasl_car_Transportation(1).mp4,CAR
CAR/msasl_car_Transportation(1)_aug_brightness_contrast.mp4,CAR
CAR/msasl_car_Transportation(1)_aug_horizontal_flip.mp4,CAR
CAR/msasl_car_Transportation(1)_aug_slight_rotation.mp4,CAR
CAR/msasl_car_Transportation(1)_aug_temporal.mp4,CAR
CAR/msasl_car_Unit_05_Vocabulary.mp4.webm,CAR
CAR/msasl_car_Unit_05_Vocabulary.mp4_aug_brightness_contrast.mp4,CAR
CAR/msasl_car_Unit_05_Vocabulary.mp4_aug_horizontal_flip.mp4,CAR
CAR/msasl_car_Unit_05_Vocabulary.mp4_aug_slight_rotation.mp4,CAR
CAR/msasl_car_Unit_05_Vocabulary.mp4_aug_temporal.mp4,CAR
CAR/msasl_car_Unit_10.mp4,CAR
CAR/msasl_car_Unit_10_aug_brightness_contrast.mp4,CAR
CAR/msasl_car_Unit_10_aug_horizontal_flip.mp4,CAR
CAR/msasl_car_Unit_10_aug_slight_rotation.mp4,CAR
CAR/msasl_car_Unit_10_aug_temporal.mp4,CAR
CAR/msasl_car_Unit_10.mp4.mkv,CAR
CAR/msasl_car_Unit_10.mp4_aug_brightness_contrast.mp4,CAR
CAR/msasl_car_Unit_10.mp4_aug_horizontal_flip.mp4,CAR
CAR/msasl_car_Unit_10.mp4_aug_slight_rotation.mp4,CAR
CAR/msasl_car_Unit_10.mp4_aug_temporal.mp4,CAR
CAR/msasl_car_Unit_12.mp4.mkv,CAR
CAR/msasl_car_Unit_12.mp4_aug_brightness_contrast.mp4,CAR
CAR/msasl_car_Unit_12.mp4_aug_horizontal_flip.mp4,CAR
CAR/msasl_car_Unit_12.mp4_aug_slight_rotation.mp4,CAR
CAR/msasl_car_Unit_12.mp4_aug_temporal.mp4,CAR
CAR/msasl_car_Unit_7_ASL_Vocabulary_Homework.mp4.mkv,CAR
CAR/msasl_car_Unit_7_ASL_Vocabulary_Homework.mp4_aug_brightness_contrast.mp4,CAR
CAR/msasl_car_Unit_7_ASL_Vocabulary_Homework.mp4_aug_horizontal_flip.mp4,CAR
CAR/msasl_car_Unit_7_ASL_Vocabulary_Homework.mp4_aug_slight_rotation.mp4,CAR
CAR/msasl_car_Unit_7_ASL_Vocabulary_Homework.mp4_aug_temporal.mp4,CAR
CAR/msasl_car_Unit_8_Vocabulary_-_More_travel-related_vocabulary_(turn_on_captions).mp4,CAR
CAR/msasl_car_Unit_8_Vocabulary_-_More_travel-related_vocabulary_(turn_on_captions)_aug_brightness_contrast.mp4,CAR
CAR/msasl_car_Unit_8_Vocabulary_-_More_travel-related_vocabulary_(turn_on_captions)_aug_horizontal_flip.mp4,CAR
CAR/msasl_car_Unit_8_Vocabulary_-_More_travel-related_vocabulary_(turn_on_captions)_aug_slight_rotation.mp4,CAR
CAR/msasl_car_Unit_8_Vocabulary_-_More_travel-related_vocabulary_(turn_on_captions)_aug_temporal.mp4,CAR
CAR/msasl_car_car.mp4.mkv,CAR
CAR/msasl_car_car.mp4_aug_brightness_contrast.mp4,CAR
CAR/msasl_car_car.mp4_aug_horizontal_flip.mp4,CAR
CAR/msasl_car_car.mp4_aug_slight_rotation.mp4,CAR
CAR/msasl_car_car.mp4_aug_temporal.mp4,CAR
CAR/msasl_car_car_-_ASL_sign_for_car.mp4.mkv,CAR
CAR/msasl_car_car_-_ASL_sign_for_car.mp4_aug_brightness_contrast.mp4,CAR
CAR/msasl_car_car_-_ASL_sign_for_car.mp4_aug_horizontal_flip.mp4,CAR
CAR/msasl_car_car_-_ASL_sign_for_car.mp4_aug_slight_rotation.mp4,CAR
CAR/msasl_car_car_-_ASL_sign_for_car.mp4_aug_temporal.mp4,CAR
CLEAN/ASLLVD_CLEAN__ASL_2006_10_10_scene5-2117-2154_camera1.mov,CLEAN
CLEAN/ASLLVD_CLEAN__ASL_2006_10_10_scene5-2117-2154_camera1_aug_brightness_contrast.mp4,CLEAN
CLEAN/ASLLVD_CLEAN__ASL_2006_10_10_scene5-2117-2154_camera1_aug_horizontal_flip.mp4,CLEAN
CLEAN/ASLLVD_CLEAN__ASL_2006_10_10_scene5-2117-2154_camera1_aug_slight_rotation.mp4,CLEAN
CLEAN/ASLLVD_CLEAN__ASL_2006_10_10_scene5-2117-2154_camera1_aug_temporal.mp4,CLEAN
CLEAN/ASLLVD_CLEAN__ASL_2007_05_24_scene21-1322-1352_camera1.mov,CLEAN
CLEAN/ASLLVD_CLEAN__ASL_2007_05_24_scene21-1322-1352_camera1_aug_brightness_contrast.mp4,CLEAN
CLEAN/ASLLVD_CLEAN__ASL_2007_05_24_scene21-1322-1352_camera1_aug_horizontal_flip.mp4,CLEAN
CLEAN/ASLLVD_CLEAN__ASL_2007_05_24_scene21-1322-1352_camera1_aug_slight_rotation.mp4,CLEAN
CLEAN/ASLLVD_CLEAN__ASL_2007_05_24_scene21-1322-1352_camera1_aug_temporal.mp4,CLEAN
CLEAN/ASLLVD_CLEAN__ASL_2008_01_11_scene78-1110-1150_camera1.mov,CLEAN
CLEAN/ASLLVD_CLEAN__ASL_2008_01_11_scene78-1110-1150_camera1_aug_brightness_contrast.mp4,CLEAN
CLEAN/ASLLVD_CLEAN__ASL_2008_01_11_scene78-1110-1150_camera1_aug_horizontal_flip.mp4,CLEAN
CLEAN/ASLLVD_CLEAN__ASL_2008_01_11_scene78-1110-1150_camera1_aug_slight_rotation.mp4,CLEAN
CLEAN/ASLLVD_CLEAN__ASL_2008_01_11_scene78-1110-1150_camera1_aug_temporal.mp4,CLEAN
CLEAN/ASLLVD_CLEAN__ASL_2008_01_11_scene78-920-945_camera1.mov,CLEAN
CLEAN/ASLLVD_CLEAN__ASL_2008_01_11_scene78-920-945_camera1_aug_brightness_contrast.mp4,CLEAN
CLEAN/ASLLVD_CLEAN__ASL_2008_01_11_scene78-920-945_camera1_aug_horizontal_flip.mp4,CLEAN
CLEAN/ASLLVD_CLEAN__ASL_2008_01_11_scene78-920-945_camera1_aug_slight_rotation.mp4,CLEAN
CLEAN/ASLLVD_CLEAN__ASL_2008_01_11_scene78-920-945_camera1_aug_temporal.mp4,CLEAN
CLEAN/ASLLVD_CLEAN__ASL_2008_02_01_scene16-2612-2661_camera1.mov,CLEAN
CLEAN/ASLLVD_CLEAN__ASL_2008_02_01_scene16-2612-2661_camera1_aug_brightness_contrast.mp4,CLEAN
CLEAN/ASLLVD_CLEAN__ASL_2008_02_01_scene16-2612-2661_camera1_aug_horizontal_flip.mp4,CLEAN
CLEAN/ASLLVD_CLEAN__ASL_2008_02_01_scene16-2612-2661_camera1_aug_slight_rotation.mp4,CLEAN
CLEAN/ASLLVD_CLEAN__ASL_2008_02_01_scene16-2612-2661_camera1_aug_temporal.mp4,CLEAN
CLEAN/ASLLVD_CLEAN__ASL_2008_02_15_scene41-1526-1577_camera1.mov,CLEAN
CLEAN/ASLLVD_CLEAN__ASL_2008_02_15_scene41-1526-1577_camera1_aug_brightness_contrast.mp4,CLEAN
CLEAN/ASLLVD_CLEAN__ASL_2008_02_15_scene41-1526-1577_camera1_aug_horizontal_flip.mp4,CLEAN
CLEAN/ASLLVD_CLEAN__ASL_2008_02_15_scene41-1526-1577_camera1_aug_slight_rotation.mp4,CLEAN
CLEAN/ASLLVD_CLEAN__ASL_2008_02_15_scene41-1526-1577_camera1_aug_temporal.mp4,CLEAN
CLEAN/ASLLVD_CLEAN__ASL_2008_05_12_scene47-1625-1657_camera1.mov,CLEAN
CLEAN/ASLLVD_CLEAN__ASL_2008_05_12_scene47-1625-1657_camera1_aug_brightness_contrast.mp4,CLEAN
CLEAN/ASLLVD_CLEAN__ASL_2008_05_12_scene47-1625-1657_camera1_aug_horizontal_flip.mp4,CLEAN
CLEAN/ASLLVD_CLEAN__ASL_2008_05_12_scene47-1625-1657_camera1_aug_slight_rotation.mp4,CLEAN
CLEAN/ASLLVD_CLEAN__ASL_2008_05_12_scene47-1625-1657_camera1_aug_temporal.mp4,CLEAN
CLEAN/ASLLVD_CLEAN__ASL_2008_05_12_scene47-1815-1860_camera1.mov,CLEAN
CLEAN/ASLLVD_CLEAN__ASL_2008_05_12_scene47-1815-1860_camera1_aug_brightness_contrast.mp4,CLEAN
CLEAN/ASLLVD_CLEAN__ASL_2008_05_12_scene47-1815-1860_camera1_aug_horizontal_flip.mp4,CLEAN
CLEAN/ASLLVD_CLEAN__ASL_2008_05_12_scene47-1815-1860_camera1_aug_slight_rotation.mp4,CLEAN
CLEAN/ASLLVD_CLEAN__ASL_2008_05_12_scene47-1815-1860_camera1_aug_temporal.mp4,CLEAN
CLEAN/ASLLVD_CLEAN__ASL_2008_05_29_scene24-660-700_camera1.mov,CLEAN
CLEAN/ASLLVD_CLEAN__ASL_2008_05_29_scene24-660-700_camera1_aug_brightness_contrast.mp4,CLEAN
CLEAN/ASLLVD_CLEAN__ASL_2008_05_29_scene24-660-700_camera1_aug_horizontal_flip.mp4,CLEAN
CLEAN/ASLLVD_CLEAN__ASL_2008_05_29_scene24-660-700_camera1_aug_slight_rotation.mp4,CLEAN
CLEAN/ASLLVD_CLEAN__ASL_2008_05_29_scene24-660-700_camera1_aug_temporal.mp4,CLEAN
CLEAN/ASLLVD_CLEAN__ASL_2008_08_04_scene49-2765-2795_camera1.mov,CLEAN
CLEAN/ASLLVD_CLEAN__ASL_2008_08_04_scene49-2765-2795_camera1_aug_brightness_contrast.mp4,CLEAN
CLEAN/ASLLVD_CLEAN__ASL_2008_08_04_scene49-2765-2795_camera1_aug_horizontal_flip.mp4,CLEAN
CLEAN/ASLLVD_CLEAN__ASL_2008_08_04_scene49-2765-2795_camera1_aug_slight_rotation.mp4,CLEAN
CLEAN/ASLLVD_CLEAN__ASL_2008_08_04_scene49-2765-2795_camera1_aug_temporal.mp4,CLEAN
CLEAN/ASLLVD_CLEAN__ASL_2008_08_04_scene49-3005-3045_camera1.mov,CLEAN
CLEAN/ASLLVD_CLEAN__ASL_2008_08_04_scene49-3005-3045_camera1_aug_brightness_contrast.mp4,CLEAN
CLEAN/ASLLVD_CLEAN__ASL_2008_08_04_scene49-3005-3045_camera1_aug_horizontal_flip.mp4,CLEAN
CLEAN/ASLLVD_CLEAN__ASL_2008_08_04_scene49-3005-3045_camera1_aug_slight_rotation.mp4,CLEAN
CLEAN/ASLLVD_CLEAN__ASL_2008_08_04_scene49-3005-3045_camera1_aug_temporal.mp4,CLEAN
CLEAN/ASLLVD_CLEAN__ASL_2008_08_13_scene13-7242-7297_camera1.mov,CLEAN
CLEAN/ASLLVD_CLEAN__ASL_2008_08_13_scene13-7242-7297_camera1_aug_brightness_contrast.mp4,CLEAN
CLEAN/ASLLVD_CLEAN__ASL_2008_08_13_scene13-7242-7297_camera1_aug_horizontal_flip.mp4,CLEAN
CLEAN/ASLLVD_CLEAN__ASL_2008_08_13_scene13-7242-7297_camera1_aug_slight_rotation.mp4,CLEAN
CLEAN/ASLLVD_CLEAN__ASL_2008_08_13_scene13-7242-7297_camera1_aug_temporal.mp4,CLEAN
CLEAN/ASLLVD_CLEAN__ASL_2011_06_08_scene28-2355-2390_camera1.mov,CLEAN
CLEAN/ASLLVD_CLEAN__ASL_2011_06_08_scene28-2355-2390_camera1_aug_brightness_contrast.mp4,CLEAN
CLEAN/ASLLVD_CLEAN__ASL_2011_06_08_scene28-2355-2390_camera1_aug_horizontal_flip.mp4,CLEAN
CLEAN/ASLLVD_CLEAN__ASL_2011_06_08_scene28-2355-2390_camera1_aug_slight_rotation.mp4,CLEAN
CLEAN/ASLLVD_CLEAN__ASL_2011_06_08_scene28-2355-2390_camera1_aug_temporal.mp4,CLEAN
CLEAN/ASLLVD_CLEAN__ASL_2011_06_14_scene31-5332-5373_camera1.mov,CLEAN
CLEAN/ASLLVD_CLEAN__ASL_2011_06_14_scene31-5332-5373_camera1_aug_brightness_contrast.mp4,CLEAN
CLEAN/ASLLVD_CLEAN__ASL_2011_06_14_scene31-5332-5373_camera1_aug_horizontal_flip.mp4,CLEAN
CLEAN/ASLLVD_CLEAN__ASL_2011_06_14_scene31-5332-5373_camera1_aug_slight_rotation.mp4,CLEAN
CLEAN/ASLLVD_CLEAN__ASL_2011_06_14_scene31-5332-5373_camera1_aug_temporal.mp4,CLEAN
CLEAN/ASLLVD_CLEAN__ASL_2011_06_14_scene37-6708-6739_camera1.mov,CLEAN
CLEAN/ASLLVD_CLEAN__ASL_2011_06_14_scene37-6708-6739_camera1_aug_brightness_contrast.mp4,CLEAN
CLEAN/ASLLVD_CLEAN__ASL_2011_06_14_scene37-6708-6739_camera1_aug_horizontal_flip.mp4,CLEAN
CLEAN/ASLLVD_CLEAN__ASL_2011_06_14_scene37-6708-6739_camera1_aug_slight_rotation.mp4,CLEAN
CLEAN/ASLLVD_CLEAN__ASL_2011_06_14_scene37-6708-6739_camera1_aug_temporal.mp4,CLEAN
CLEAN/desktop.ini,CLEAN
CLEAN/desktop_aug_brightness_contrast.mp4,CLEAN
CLEAN/desktop_aug_horizontal_flip.mp4,CLEAN
CLEAN/desktop_aug_slight_rotation.mp4,CLEAN
CLEAN/desktop_aug_temporal.mp4,CLEAN
CLOTHES/ASLLVD_CLOTHES__ASL_2006_10_10_scene8-243-258_camera1.mov,CLOTHES
CLOTHES/ASLLVD_CLOTHES__ASL_2006_10_10_scene8-243-258_camera1_aug_brightness_contrast.mp4,CLOTHES
CLOTHES/ASLLVD_CLOTHES__ASL_2006_10_10_scene8-243-258_camera1_aug_horizontal_flip.mp4,CLOTHES
CLOTHES/ASLLVD_CLOTHES__ASL_2006_10_10_scene8-243-258_camera1_aug_slight_rotation.mp4,CLOTHES
CLOTHES/ASLLVD_CLOTHES__ASL_2006_10_10_scene8-243-258_camera1_aug_temporal.mp4,CLOTHES
CLOTHES/ASLLVD_CLOTHES__ASL_2007_05_24_scene12-192-231_camera1.mov,CLOTHES
CLOTHES/ASLLVD_CLOTHES__ASL_2007_05_24_scene12-192-231_camera1_aug_brightness_contrast.mp4,CLOTHES
CLOTHES/ASLLVD_CLOTHES__ASL_2007_05_24_scene12-192-231_camera1_aug_horizontal_flip.mp4,CLOTHES
CLOTHES/ASLLVD_CLOTHES__ASL_2007_05_24_scene12-192-231_camera1_aug_slight_rotation.mp4,CLOTHES
CLOTHES/ASLLVD_CLOTHES__ASL_2007_05_24_scene12-192-231_camera1_aug_temporal.mp4,CLOTHES
CLOTHES/ASLLVD_CLOTHES__ASL_2008_01_11_scene81-1345-1386_camera1.mov,CLOTHES
CLOTHES/ASLLVD_CLOTHES__ASL_2008_01_11_scene81-1345-1386_camera1_aug_brightness_contrast.mp4,CLOTHES
CLOTHES/ASLLVD_CLOTHES__ASL_2008_01_11_scene81-1345-1386_camera1_aug_horizontal_flip.mp4,CLOTHES
CLOTHES/ASLLVD_CLOTHES__ASL_2008_01_11_scene81-1345-1386_camera1_aug_slight_rotation.mp4,CLOTHES
CLOTHES/ASLLVD_CLOTHES__ASL_2008_01_11_scene81-1345-1386_camera1_aug_temporal.mp4,CLOTHES
CLOTHES/ASLLVD_CLOTHES__ASL_2008_01_18_scene23-2285-2327_camera1.mov,CLOTHES
CLOTHES/ASLLVD_CLOTHES__ASL_2008_01_18_scene23-2285-2327_camera1_aug_brightness_contrast.mp4,CLOTHES
CLOTHES/ASLLVD_CLOTHES__ASL_2008_01_18_scene23-2285-2327_camera1_aug_horizontal_flip.mp4,CLOTHES
CLOTHES/ASLLVD_CLOTHES__ASL_2008_01_18_scene23-2285-2327_camera1_aug_slight_rotation.mp4,CLOTHES
CLOTHES/ASLLVD_CLOTHES__ASL_2008_01_18_scene23-2285-2327_camera1_aug_temporal.mp4,CLOTHES
CLOTHES/ASLLVD_CLOTHES__ASL_2008_01_18_scene24-1510-1545_camera1.mov,CLOTHES
CLOTHES/ASLLVD_CLOTHES__ASL_2008_01_18_scene24-1510-1545_camera1_aug_brightness_contrast.mp4,CLOTHES
CLOTHES/ASLLVD_CLOTHES__ASL_2008_01_18_scene24-1510-1545_camera1_aug_horizontal_flip.mp4,CLOTHES
CLOTHES/ASLLVD_CLOTHES__ASL_2008_01_18_scene24-1510-1545_camera1_aug_slight_rotation.mp4,CLOTHES
CLOTHES/ASLLVD_CLOTHES__ASL_2008_01_18_scene24-1510-1545_camera1_aug_temporal.mp4,CLOTHES
CLOTHES/ASLLVD_CLOTHES__ASL_2008_01_18_scene24-275-297_camera1.mov,CLOTHES
CLOTHES/ASLLVD_CLOTHES__ASL_2008_01_18_scene24-275-297_camera1_aug_brightness_contrast.mp4,CLOTHES
CLOTHES/ASLLVD_CLOTHES__ASL_2008_01_18_scene24-275-297_camera1_aug_horizontal_flip.mp4,CLOTHES
CLOTHES/ASLLVD_CLOTHES__ASL_2008_01_18_scene24-275-297_camera1_aug_slight_rotation.mp4,CLOTHES
CLOTHES/ASLLVD_CLOTHES__ASL_2008_01_18_scene24-275-297_camera1_aug_temporal.mp4,CLOTHES
CLOTHES/ASLLVD_CLOTHES__ASL_2008_01_18_scene24-985-1041_camera1.mov,CLOTHES
CLOTHES/ASLLVD_CLOTHES__ASL_2008_01_18_scene24-985-1041_camera1_aug_brightness_contrast.mp4,CLOTHES
CLOTHES/ASLLVD_CLOTHES__ASL_2008_01_18_scene24-985-1041_camera1_aug_horizontal_flip.mp4,CLOTHES
CLOTHES/ASLLVD_CLOTHES__ASL_2008_01_18_scene24-985-1041_camera1_aug_slight_rotation.mp4,CLOTHES
CLOTHES/ASLLVD_CLOTHES__ASL_2008_01_18_scene24-985-1041_camera1_aug_temporal.mp4,CLOTHES
CLOTHES/ASLLVD_CLOTHES__ASL_2008_02_15_scene29-1950-2007_camera1.mov,CLOTHES
CLOTHES/ASLLVD_CLOTHES__ASL_2008_02_15_scene29-1950-2007_camera1_aug_brightness_contrast.mp4,CLOTHES
CLOTHES/ASLLVD_CLOTHES__ASL_2008_02_15_scene29-1950-2007_camera1_aug_horizontal_flip.mp4,CLOTHES
CLOTHES/ASLLVD_CLOTHES__ASL_2008_02_15_scene29-1950-2007_camera1_aug_slight_rotation.mp4,CLOTHES
CLOTHES/ASLLVD_CLOTHES__ASL_2008_02_15_scene29-1950-2007_camera1_aug_temporal.mp4,CLOTHES
CLOTHES/ASLLVD_CLOTHES__ASL_2008_05_12_scene22-784-837_camera1.mov,CLOTHES
CLOTHES/ASLLVD_CLOTHES__ASL_2008_05_12_scene22-784-837_camera1_aug_brightness_contrast.mp4,CLOTHES
CLOTHES/ASLLVD_CLOTHES__ASL_2008_05_12_scene22-784-837_camera1_aug_horizontal_flip.mp4,CLOTHES
CLOTHES/ASLLVD_CLOTHES__ASL_2008_05_12_scene22-784-837_camera1_aug_slight_rotation.mp4,CLOTHES
CLOTHES/ASLLVD_CLOTHES__ASL_2008_05_12_scene22-784-837_camera1_aug_temporal.mp4,CLOTHES
CLOTHES/ASLLVD_CLOTHES__ASL_2008_05_12_scene29-2530-2560_camera1.mov,CLOTHES
CLOTHES/ASLLVD_CLOTHES__ASL_2008_05_12_scene29-2530-2560_camera1_aug_brightness_contrast.mp4,CLOTHES
CLOTHES/ASLLVD_CLOTHES__ASL_2008_05_12_scene29-2530-2560_camera1_aug_horizontal_flip.mp4,CLOTHES
CLOTHES/ASLLVD_CLOTHES__ASL_2008_05_12_scene29-2530-2560_camera1_aug_slight_rotation.mp4,CLOTHES
CLOTHES/ASLLVD_CLOTHES__ASL_2008_05_12_scene29-2530-2560_camera1_aug_temporal.mp4,CLOTHES
CLOTHES/ASLLVD_CLOTHES__ASL_2008_05_12_scene48-1735-1780_camera1.mov,CLOTHES
CLOTHES/ASLLVD_CLOTHES__ASL_2008_05_12_scene48-1735-1780_camera1_aug_brightness_contrast.mp4,CLOTHES
CLOTHES/ASLLVD_CLOTHES__ASL_2008_05_12_scene48-1735-1780_camera1_aug_horizontal_flip.mp4,CLOTHES
CLOTHES/ASLLVD_CLOTHES__ASL_2008_05_12_scene48-1735-1780_camera1_aug_slight_rotation.mp4,CLOTHES
CLOTHES/ASLLVD_CLOTHES__ASL_2008_05_12_scene48-1735-1780_camera1_aug_temporal.mp4,CLOTHES
CLOTHES/ASLLVD_CLOTHES__ASL_2008_05_29_scene3-2832-2861_camera1.mov,CLOTHES
CLOTHES/ASLLVD_CLOTHES__ASL_2008_05_29_scene3-2832-2861_camera1_aug_brightness_contrast.mp4,CLOTHES
CLOTHES/ASLLVD_CLOTHES__ASL_2008_05_29_scene3-2832-2861_camera1_aug_horizontal_flip.mp4,CLOTHES
CLOTHES/ASLLVD_CLOTHES__ASL_2008_05_29_scene3-2832-2861_camera1_aug_slight_rotation.mp4,CLOTHES
CLOTHES/ASLLVD_CLOTHES__ASL_2008_05_29_scene3-2832-2861_camera1_aug_temporal.mp4,CLOTHES
CLOTHES/ASLLVD_CLOTHES__ASL_2008_05_29_scene3-3115-3140_camera1.mov,CLOTHES
CLOTHES/ASLLVD_CLOTHES__ASL_2008_05_29_scene3-3115-3140_camera1_aug_brightness_contrast.mp4,CLOTHES
CLOTHES/ASLLVD_CLOTHES__ASL_2008_05_29_scene3-3115-3140_camera1_aug_horizontal_flip.mp4,CLOTHES
CLOTHES/ASLLVD_CLOTHES__ASL_2008_05_29_scene3-3115-3140_camera1_aug_slight_rotation.mp4,CLOTHES
CLOTHES/ASLLVD_CLOTHES__ASL_2008_05_29_scene3-3115-3140_camera1_aug_temporal.mp4,CLOTHES
CLOTHES/ASLLVD_CLOTHES__ASL_2008_05_29_scene4-1132-1177_camera1.mov,CLOTHES
CLOTHES/ASLLVD_CLOTHES__ASL_2008_05_29_scene4-1132-1177_camera1_aug_brightness_contrast.mp4,CLOTHES
CLOTHES/ASLLVD_CLOTHES__ASL_2008_05_29_scene4-1132-1177_camera1_aug_horizontal_flip.mp4,CLOTHES
CLOTHES/ASLLVD_CLOTHES__ASL_2008_05_29_scene4-1132-1177_camera1_aug_slight_rotation.mp4,CLOTHES
CLOTHES/ASLLVD_CLOTHES__ASL_2008_05_29_scene4-1132-1177_camera1_aug_temporal.mp4,CLOTHES
CLOTHES/ASLLVD_CLOTHES__ASL_2008_05_29_scene4-1530-1556_camera1.mov,CLOTHES
CLOTHES/ASLLVD_CLOTHES__ASL_2008_05_29_scene4-1530-1556_camera1_aug_brightness_contrast.mp4,CLOTHES
CLOTHES/ASLLVD_CLOTHES__ASL_2008_05_29_scene4-1530-1556_camera1_aug_horizontal_flip.mp4,CLOTHES
CLOTHES/ASLLVD_CLOTHES__ASL_2008_05_29_scene4-1530-1556_camera1_aug_slight_rotation.mp4,CLOTHES
CLOTHES/ASLLVD_CLOTHES__ASL_2008_05_29_scene4-1530-1556_camera1_aug_temporal.mp4,CLOTHES
CLOTHES/ASLLVD_CLOTHES__ASL_2008_08_04_scene50-1862-1905_camera1.mov,CLOTHES
CLOTHES/ASLLVD_CLOTHES__ASL_2008_08_04_scene50-1862-1905_camera1_aug_brightness_contrast.mp4,CLOTHES
CLOTHES/ASLLVD_CLOTHES__ASL_2008_08_04_scene50-1862-1905_camera1_aug_horizontal_flip.mp4,CLOTHES
CLOTHES/ASLLVD_CLOTHES__ASL_2008_08_04_scene50-1862-1905_camera1_aug_slight_rotation.mp4,CLOTHES
CLOTHES/ASLLVD_CLOTHES__ASL_2008_08_04_scene50-1862-1905_camera1_aug_temporal.mp4,CLOTHES
CLOTHES/ASLLVD_CLOTHES__ASL_2008_08_06_scene24-1051-1085_camera1.mov,CLOTHES
CLOTHES/ASLLVD_CLOTHES__ASL_2008_08_06_scene24-1051-1085_camera1_aug_brightness_contrast.mp4,CLOTHES
CLOTHES/ASLLVD_CLOTHES__ASL_2008_08_06_scene24-1051-1085_camera1_aug_horizontal_flip.mp4,CLOTHES
CLOTHES/ASLLVD_CLOTHES__ASL_2008_08_06_scene24-1051-1085_camera1_aug_slight_rotation.mp4,CLOTHES
CLOTHES/ASLLVD_CLOTHES__ASL_2008_08_06_scene24-1051-1085_camera1_aug_temporal.mp4,CLOTHES
CLOTHES/ASLLVD_CLOTHES__ASL_2008_08_06_scene24-805-837_camera1.mov,CLOTHES
CLOTHES/ASLLVD_CLOTHES__ASL_2008_08_06_scene24-805-837_camera1_aug_brightness_contrast.mp4,CLOTHES
CLOTHES/ASLLVD_CLOTHES__ASL_2008_08_06_scene24-805-837_camera1_aug_horizontal_flip.mp4,CLOTHES
CLOTHES/ASLLVD_CLOTHES__ASL_2008_08_06_scene24-805-837_camera1_aug_slight_rotation.mp4,CLOTHES
CLOTHES/ASLLVD_CLOTHES__ASL_2008_08_06_scene24-805-837_camera1_aug_temporal.mp4,CLOTHES
CLOTHES/ASLLVD_CLOTHES__ASL_2011_06_08_scene28-8505-8531_camera1.mov,CLOTHES
CLOTHES/ASLLVD_CLOTHES__ASL_2011_06_08_scene28-8505-8531_camera1_aug_brightness_contrast.mp4,CLOTHES
CLOTHES/ASLLVD_CLOTHES__ASL_2011_06_08_scene28-8505-8531_camera1_aug_horizontal_flip.mp4,CLOTHES
CLOTHES/ASLLVD_CLOTHES__ASL_2011_06_08_scene28-8505-8531_camera1_aug_slight_rotation.mp4,CLOTHES
CLOTHES/ASLLVD_CLOTHES__ASL_2011_06_08_scene28-8505-8531_camera1_aug_temporal.mp4,CLOTHES
CLOTHES/ASLLVD_CLOTHES__ASL_2011_06_14_scene7-1016-1044_camera1.mov,CLOTHES
CLOTHES/ASLLVD_CLOTHES__ASL_2011_06_14_scene7-1016-1044_camera1_aug_brightness_contrast.mp4,CLOTHES
CLOTHES/ASLLVD_CLOTHES__ASL_2011_06_14_scene7-1016-1044_camera1_aug_horizontal_flip.mp4,CLOTHES
CLOTHES/ASLLVD_CLOTHES__ASL_2011_06_14_scene7-1016-1044_camera1_aug_slight_rotation.mp4,CLOTHES
CLOTHES/ASLLVD_CLOTHES__ASL_2011_06_14_scene7-1016-1044_camera1_aug_temporal.mp4,CLOTHES
CLOTHES/ASLLVD_CLOTHES__ASL_2011_06_14_scene7-1330-1355_camera1.mov,CLOTHES
CLOTHES/ASLLVD_CLOTHES__ASL_2011_06_14_scene7-1330-1355_camera1_aug_brightness_contrast.mp4,CLOTHES
CLOTHES/ASLLVD_CLOTHES__ASL_2011_06_14_scene7-1330-1355_camera1_aug_horizontal_flip.mp4,CLOTHES
CLOTHES/ASLLVD_CLOTHES__ASL_2011_06_14_scene7-1330-1355_camera1_aug_slight_rotation.mp4,CLOTHES
CLOTHES/ASLLVD_CLOTHES__ASL_2011_06_14_scene7-1330-1355_camera1_aug_temporal.mp4,CLOTHES
CLOTHES/ASLLVD_CLOTHES__ASL_2011_07_19_scene25-507-553_camera1.mov,CLOTHES
CLOTHES/ASLLVD_CLOTHES__ASL_2011_07_19_scene25-507-553_camera1_aug_brightness_contrast.mp4,CLOTHES
CLOTHES/ASLLVD_CLOTHES__ASL_2011_07_19_scene25-507-553_camera1_aug_horizontal_flip.mp4,CLOTHES
CLOTHES/ASLLVD_CLOTHES__ASL_2011_07_19_scene25-507-553_camera1_aug_slight_rotation.mp4,CLOTHES
CLOTHES/ASLLVD_CLOTHES__ASL_2011_07_19_scene25-507-553_camera1_aug_temporal.mp4,CLOTHES
CLOTHES/desktop.ini,CLOTHES
CLOTHES/desktop_aug_brightness_contrast.mp4,CLOTHES
CLOTHES/desktop_aug_horizontal_flip.mp4,CLOTHES
CLOTHES/desktop_aug_slight_rotation.mp4,CLOTHES
CLOTHES/desktop_aug_temporal.mp4,CLOTHES
CLOTHES/msasl_clothes_ASL_Clothes_.mp4.mkv,CLOTHES
CLOTHES/msasl_clothes_ASL_Clothes_.mp4_aug_brightness_contrast.mp4,CLOTHES
CLOTHES/msasl_clothes_ASL_Clothes_.mp4_aug_horizontal_flip.mp4,CLOTHES
CLOTHES/msasl_clothes_ASL_Clothes_.mp4_aug_slight_rotation.mp4,CLOTHES
CLOTHES/msasl_clothes_ASL_Clothes_.mp4_aug_temporal.mp4,CLOTHES
CLOTHES/msasl_clothes_ASL_Colors_Clothes_Lesson.mp4,CLOTHES
CLOTHES/msasl_clothes_ASL_Colors_Clothes_Lesson_aug_brightness_contrast.mp4,CLOTHES
CLOTHES/msasl_clothes_ASL_Colors_Clothes_Lesson_aug_horizontal_flip.mp4,CLOTHES
CLOTHES/msasl_clothes_ASL_Colors_Clothes_Lesson_aug_slight_rotation.mp4,CLOTHES
CLOTHES/msasl_clothes_ASL_Colors_Clothes_Lesson_aug_temporal.mp4,CLOTHES
CLOTHES/msasl_clothes_ASL_UNIT_1_VOCAB_signing_naturally.mp4,CLOTHES
CLOTHES/msasl_clothes_ASL_UNIT_1_VOCAB_signing_naturally_aug_brightness_contrast.mp4,CLOTHES
CLOTHES/msasl_clothes_ASL_UNIT_1_VOCAB_signing_naturally_aug_horizontal_flip.mp4,CLOTHES
CLOTHES/msasl_clothes_ASL_UNIT_1_VOCAB_signing_naturally_aug_slight_rotation.mp4,CLOTHES
CLOTHES/msasl_clothes_ASL_UNIT_1_VOCAB_signing_naturally_aug_temporal.mp4,CLOTHES
CLOTHES/msasl_clothes_BU_ASL_VocabClothes.mp4.mkv,CLOTHES
CLOTHES/msasl_clothes_BU_ASL_VocabClothes.mp4_aug_brightness_contrast.mp4,CLOTHES
CLOTHES/msasl_clothes_BU_ASL_VocabClothes.mp4_aug_horizontal_flip.mp4,CLOTHES
CLOTHES/msasl_clothes_BU_ASL_VocabClothes.mp4_aug_slight_rotation.mp4,CLOTHES
CLOTHES/msasl_clothes_BU_ASL_VocabClothes.mp4_aug_temporal.mp4,CLOTHES
CLOTHES/msasl_clothes_Basic_ASL_Vocabulary_for_Babies.mp4,CLOTHES
CLOTHES/msasl_clothes_Basic_ASL_Vocabulary_for_Babies_aug_brightness_contrast.mp4,CLOTHES
CLOTHES/msasl_clothes_Basic_ASL_Vocabulary_for_Babies_aug_horizontal_flip.mp4,CLOTHES
CLOTHES/msasl_clothes_Basic_ASL_Vocabulary_for_Babies_aug_slight_rotation.mp4,CLOTHES
CLOTHES/msasl_clothes_Basic_ASL_Vocabulary_for_Babies_aug_temporal.mp4,CLOTHES
CLOTHES/msasl_clothes_CLOTHES(1).mp4,CLOTHES
CLOTHES/msasl_clothes_CLOTHES(1)_aug_brightness_contrast.mp4,CLOTHES
CLOTHES/msasl_clothes_CLOTHES(1)_aug_horizontal_flip.mp4,CLOTHES
CLOTHES/msasl_clothes_CLOTHES(1)_aug_slight_rotation.mp4,CLOTHES
CLOTHES/msasl_clothes_CLOTHES(1)_aug_temporal.mp4,CLOTHES
CLOTHES/msasl_clothes_CLOTHES(2).mp4.mkv,CLOTHES
CLOTHES/msasl_clothes_CLOTHES(2).mp4_aug_brightness_contrast.mp4,CLOTHES
CLOTHES/msasl_clothes_CLOTHES(2).mp4_aug_horizontal_flip.mp4,CLOTHES
CLOTHES/msasl_clothes_CLOTHES(2).mp4_aug_slight_rotation.mp4,CLOTHES
CLOTHES/msasl_clothes_CLOTHES(2).mp4_aug_temporal.mp4,CLOTHES
CLOTHES/msasl_clothes_CLOTHES(3).mp4,CLOTHES
CLOTHES/msasl_clothes_CLOTHES(3)_aug_brightness_contrast.mp4,CLOTHES
CLOTHES/msasl_clothes_CLOTHES(3)_aug_horizontal_flip.mp4,CLOTHES
CLOTHES/msasl_clothes_CLOTHES(3)_aug_slight_rotation.mp4,CLOTHES
CLOTHES/msasl_clothes_CLOTHES(3)_aug_temporal.mp4,CLOTHES
CLOTHES/msasl_clothes_CLOTHES(4).mp4.mkv,CLOTHES
CLOTHES/msasl_clothes_CLOTHES(4).mp4_aug_brightness_contrast.mp4,CLOTHES
CLOTHES/msasl_clothes_CLOTHES(4).mp4_aug_horizontal_flip.mp4,CLOTHES
CLOTHES/msasl_clothes_CLOTHES(4).mp4_aug_slight_rotation.mp4,CLOTHES
CLOTHES/msasl_clothes_CLOTHES(4).mp4_aug_temporal.mp4,CLOTHES
CLOTHES/msasl_clothes_Clothes_ASL_-_American_Sign_Language.mp4.webm,CLOTHES
CLOTHES/msasl_clothes_Clothes_ASL_-_American_Sign_Language.mp4_aug_brightness_contrast.mp4,CLOTHES
CLOTHES/msasl_clothes_Clothes_ASL_-_American_Sign_Language.mp4_aug_horizontal_flip.mp4,CLOTHES
CLOTHES/msasl_clothes_Clothes_ASL_-_American_Sign_Language.mp4_aug_slight_rotation.mp4,CLOTHES
CLOTHES/msasl_clothes_Clothes_ASL_-_American_Sign_Language.mp4_aug_temporal.mp4,CLOTHES
CLOTHES/msasl_clothes_Clothes_Vocabulary.mp4.mkv,CLOTHES
CLOTHES/msasl_clothes_Clothes_Vocabulary.mp4_aug_brightness_contrast.mp4,CLOTHES
CLOTHES/msasl_clothes_Clothes_Vocabulary.mp4_aug_horizontal_flip.mp4,CLOTHES
CLOTHES/msasl_clothes_Clothes_Vocabulary.mp4_aug_slight_rotation.mp4,CLOTHES
CLOTHES/msasl_clothes_Clothes_Vocabulary.mp4_aug_temporal.mp4,CLOTHES
CLOTHES/msasl_clothes_Major_Exports_Vocabulary_ASL_-_American_Sign_Language.mp4.mkv,CLOTHES
CLOTHES/msasl_clothes_Major_Exports_Vocabulary_ASL_-_American_Sign_Language.mp4_aug_brightness_contrast.mp4,CLOTHES
CLOTHES/msasl_clothes_Major_Exports_Vocabulary_ASL_-_American_Sign_Language.mp4_aug_horizontal_flip.mp4,CLOTHES
CLOTHES/msasl_clothes_Major_Exports_Vocabulary_ASL_-_American_Sign_Language.mp4_aug_slight_rotation.mp4,CLOTHES
CLOTHES/msasl_clothes_Major_Exports_Vocabulary_ASL_-_American_Sign_Language.mp4_aug_temporal.mp4,CLOTHES
CLOTHES/msasl_clothes_Mastering_ASL_Unit_7_Vocabulary.mp4.mkv,CLOTHES
CLOTHES/msasl_clothes_Mastering_ASL_Unit_7_Vocabulary.mp4_aug_brightness_contrast.mp4,CLOTHES
CLOTHES/msasl_clothes_Mastering_ASL_Unit_7_Vocabulary.mp4_aug_horizontal_flip.mp4,CLOTHES
CLOTHES/msasl_clothes_Mastering_ASL_Unit_7_Vocabulary.mp4_aug_slight_rotation.mp4,CLOTHES
CLOTHES/msasl_clothes_Mastering_ASL_Unit_7_Vocabulary.mp4_aug_temporal.mp4,CLOTHES
CLOTHES/msasl_clothes_Next_Words_Clothes_in_ASL_with_captions.mp4.mkv,CLOTHES
CLOTHES/msasl_clothes_Next_Words_Clothes_in_ASL_with_captions.mp4_aug_brightness_contrast.mp4,CLOTHES
CLOTHES/msasl_clothes_Next_Words_Clothes_in_ASL_with_captions.mp4_aug_horizontal_flip.mp4,CLOTHES
CLOTHES/msasl_clothes_Next_Words_Clothes_in_ASL_with_captions.mp4_aug_slight_rotation.mp4,CLOTHES
CLOTHES/msasl_clothes_Next_Words_Clothes_in_ASL_with_captions.mp4_aug_temporal.mp4,CLOTHES
CLOTHES/msasl_clothes_Robber_and_the_Geek_Vocab_video_for_ASL_class.mp4,CLOTHES
CLOTHES/msasl_clothes_Robber_and_the_Geek_Vocab_video_for_ASL_class_aug_brightness_contrast.mp4,CLOTHES
CLOTHES/msasl_clothes_Robber_and_the_Geek_Vocab_video_for_ASL_class_aug_horizontal_flip.mp4,CLOTHES
CLOTHES/msasl_clothes_Robber_and_the_Geek_Vocab_video_for_ASL_class_aug_slight_rotation.mp4,CLOTHES
CLOTHES/msasl_clothes_Robber_and_the_Geek_Vocab_video_for_ASL_class_aug_temporal.mp4,CLOTHES
CLOTHES/msasl_clothes_clothes.mp4.mkv,CLOTHES
CLOTHES/msasl_clothes_clothes.mp4_aug_brightness_contrast.mp4,CLOTHES
CLOTHES/msasl_clothes_clothes.mp4_aug_horizontal_flip.mp4,CLOTHES
CLOTHES/msasl_clothes_clothes.mp4_aug_slight_rotation.mp4,CLOTHES
CLOTHES/msasl_clothes_clothes.mp4_aug_temporal.mp4,CLOTHES
CLOTHES/wlasl_11309.mp4,CLOTHES
CLOTHES/wlasl_11309_aug_brightness_contrast.mp4,CLOTHES
CLOTHES/wlasl_11309_aug_horizontal_flip.mp4,CLOTHES
CLOTHES/wlasl_11309_aug_slight_rotation.mp4,CLOTHES
CLOTHES/wlasl_11309_aug_temporal.mp4,CLOTHES
CLOTHES/wlasl_11310.mp4,CLOTHES
CLOTHES/wlasl_11310_aug_brightness_contrast.mp4,CLOTHES
CLOTHES/wlasl_11310_aug_horizontal_flip.mp4,CLOTHES
CLOTHES/wlasl_11310_aug_slight_rotation.mp4,CLOTHES
CLOTHES/wlasl_11310_aug_temporal.mp4,CLOTHES
CLOTHES/wlasl_11311.mp4,CLOTHES
CLOTHES/wlasl_11311_aug_brightness_contrast.mp4,CLOTHES
CLOTHES/wlasl_11311_aug_horizontal_flip.mp4,CLOTHES
CLOTHES/wlasl_11311_aug_slight_rotation.mp4,CLOTHES
CLOTHES/wlasl_11311_aug_temporal.mp4,CLOTHES
CLOTHES/wlasl_11313.mp4,CLOTHES
CLOTHES/wlasl_11313_aug_brightness_contrast.mp4,CLOTHES
CLOTHES/wlasl_11313_aug_horizontal_flip.mp4,CLOTHES
CLOTHES/wlasl_11313_aug_slight_rotation.mp4,CLOTHES
CLOTHES/wlasl_11313_aug_temporal.mp4,CLOTHES
COLD/ASLLVD_COLD__ASL_2008_01_11_scene82-2035-2070_camera1.mov,COLD
COLD/ASLLVD_COLD__ASL_2008_01_11_scene82-2035-2070_camera1_aug_brightness_contrast.mp4,COLD
COLD/ASLLVD_COLD__ASL_2008_01_11_scene82-2035-2070_camera1_aug_horizontal_flip.mp4,COLD
COLD/ASLLVD_COLD__ASL_2008_01_11_scene82-2035-2070_camera1_aug_slight_rotation.mp4,COLD
COLD/ASLLVD_COLD__ASL_2008_01_11_scene82-2035-2070_camera1_aug_temporal.mp4,COLD
COLD/ASLLVD_COLD__ASL_2008_02_29_scene8-2136-2180_camera1.mov,COLD
COLD/ASLLVD_COLD__ASL_2008_02_29_scene8-2136-2180_camera1_aug_brightness_contrast.mp4,COLD
COLD/ASLLVD_COLD__ASL_2008_02_29_scene8-2136-2180_camera1_aug_horizontal_flip.mp4,COLD
COLD/ASLLVD_COLD__ASL_2008_02_29_scene8-2136-2180_camera1_aug_slight_rotation.mp4,COLD
COLD/ASLLVD_COLD__ASL_2008_02_29_scene8-2136-2180_camera1_aug_temporal.mp4,COLD
COLD/ASLLVD_COLD__ASL_2008_05_12_scene49-1481-1537_camera1.mov,COLD
COLD/ASLLVD_COLD__ASL_2008_05_12_scene49-1481-1537_camera1_aug_brightness_contrast.mp4,COLD
COLD/ASLLVD_COLD__ASL_2008_05_12_scene49-1481-1537_camera1_aug_horizontal_flip.mp4,COLD
COLD/ASLLVD_COLD__ASL_2008_05_12_scene49-1481-1537_camera1_aug_slight_rotation.mp4,COLD
COLD/ASLLVD_COLD__ASL_2008_05_12_scene49-1481-1537_camera1_aug_temporal.mp4,COLD
COLD/ASLLVD_COLD__ASL_2008_08_04_scene51-2705-2731_camera1.mov,COLD
COLD/ASLLVD_COLD__ASL_2008_08_04_scene51-2705-2731_camera1_aug_brightness_contrast.mp4,COLD
COLD/ASLLVD_COLD__ASL_2008_08_04_scene51-2705-2731_camera1_aug_horizontal_flip.mp4,COLD
COLD/ASLLVD_COLD__ASL_2008_08_04_scene51-2705-2731_camera1_aug_slight_rotation.mp4,COLD
COLD/ASLLVD_COLD__ASL_2008_08_04_scene51-2705-2731_camera1_aug_temporal.mp4,COLD
COLD/ASLLVD_COLD__ASL_2011_06_08_scene28-13544-13577_camera1.mov,COLD
COLD/ASLLVD_COLD__ASL_2011_06_08_scene28-13544-13577_camera1_aug_brightness_contrast.mp4,COLD
COLD/ASLLVD_COLD__ASL_2011_06_08_scene28-13544-13577_camera1_aug_horizontal_flip.mp4,COLD
COLD/ASLLVD_COLD__ASL_2011_06_08_scene28-13544-13577_camera1_aug_slight_rotation.mp4,COLD
COLD/ASLLVD_COLD__ASL_2011_06_08_scene28-13544-13577_camera1_aug_temporal.mp4,COLD
COLD/ASLLVD_COLD__ASL_2011_07_19_scene53-858-886_camera1.mov,COLD
COLD/ASLLVD_COLD__ASL_2011_07_19_scene53-858-886_camera1_aug_brightness_contrast.mp4,COLD
COLD/ASLLVD_COLD__ASL_2011_07_19_scene53-858-886_camera1_aug_horizontal_flip.mp4,COLD
COLD/ASLLVD_COLD__ASL_2011_07_19_scene53-858-886_camera1_aug_slight_rotation.mp4,COLD
COLD/ASLLVD_COLD__ASL_2011_07_19_scene53-858-886_camera1_aug_temporal.mp4,COLD
COLD/ASLLVD_COLD__ASL_2011_07_22_scene50-2125-2167_camera1.mov,COLD
COLD/ASLLVD_COLD__ASL_2011_07_22_scene50-2125-2167_camera1_aug_brightness_contrast.mp4,COLD
COLD/ASLLVD_COLD__ASL_2011_07_22_scene50-2125-2167_camera1_aug_horizontal_flip.mp4,COLD
COLD/ASLLVD_COLD__ASL_2011_07_22_scene50-2125-2167_camera1_aug_slight_rotation.mp4,COLD
COLD/ASLLVD_COLD__ASL_2011_07_22_scene50-2125-2167_camera1_aug_temporal.mp4,COLD
COLD/desktop.ini,COLD
COLD/desktop_aug_brightness_contrast.mp4,COLD
COLD/desktop_aug_horizontal_flip.mp4,COLD
COLD/desktop_aug_slight_rotation.mp4,COLD
COLD/desktop_aug_temporal.mp4,COLD
COLD/msasl_cold_ASL1_Class_13_New_SIGNS.mp4.mkv,COLD
COLD/msasl_cold_ASL1_Class_13_New_SIGNS.mp4_aug_brightness_contrast.mp4,COLD
COLD/msasl_cold_ASL1_Class_13_New_SIGNS.mp4_aug_horizontal_flip.mp4,COLD
COLD/msasl_cold_ASL1_Class_13_New_SIGNS.mp4_aug_slight_rotation.mp4,COLD
COLD/msasl_cold_ASL1_Class_13_New_SIGNS.mp4_aug_temporal.mp4,COLD
COLD/msasl_cold_ASL_Class_-_April_26.mp4.mkv,COLD
COLD/msasl_cold_ASL_Class_-_April_26.mp4_aug_brightness_contrast.mp4,COLD
COLD/msasl_cold_ASL_Class_-_April_26.mp4_aug_horizontal_flip.mp4,COLD
COLD/msasl_cold_ASL_Class_-_April_26.mp4_aug_slight_rotation.mp4,COLD
COLD/msasl_cold_ASL_Class_-_April_26.mp4_aug_temporal.mp4,COLD
COLD/msasl_cold_ASL_Cold_.mp4,COLD
COLD/msasl_cold_ASL_Cold__aug_brightness_contrast.mp4,COLD
COLD/msasl_cold_ASL_Cold__aug_horizontal_flip.mp4,COLD
COLD/msasl_cold_ASL_Cold__aug_slight_rotation.mp4,COLD
COLD/msasl_cold_ASL_Cold__aug_temporal.mp4,COLD
COLD/msasl_cold_ASL_Vocabulary_Opposites.mp4,COLD
COLD/msasl_cold_ASL_Vocabulary_Opposites_aug_brightness_contrast.mp4,COLD
COLD/msasl_cold_ASL_Vocabulary_Opposites_aug_horizontal_flip.mp4,COLD
COLD/msasl_cold_ASL_Vocabulary_Opposites_aug_slight_rotation.mp4,COLD
COLD/msasl_cold_ASL_Vocabulary_Opposites_aug_temporal.mp4,COLD
COLD/msasl_cold_ASL_Vocabulary_Opposites.mp4.mkv,COLD
COLD/msasl_cold_ASL_Vocabulary_Opposites.mp4_aug_brightness_contrast.mp4,COLD
COLD/msasl_cold_ASL_Vocabulary_Opposites.mp4_aug_horizontal_flip.mp4,COLD
COLD/msasl_cold_ASL_Vocabulary_Opposites.mp4_aug_slight_rotation.mp4,COLD
COLD/msasl_cold_ASL_Vocabulary_Opposites.mp4_aug_temporal.mp4,COLD
COLD/msasl_cold_Aug_to_Oct_Voc_Captions.mp4.mkv,COLD
COLD/msasl_cold_Aug_to_Oct_Voc_Captions.mp4_aug_brightness_contrast.mp4,COLD
COLD/msasl_cold_Aug_to_Oct_Voc_Captions.mp4_aug_horizontal_flip.mp4,COLD
COLD/msasl_cold_Aug_to_Oct_Voc_Captions.mp4_aug_slight_rotation.mp4,COLD
COLD/msasl_cold_Aug_to_Oct_Voc_Captions.mp4_aug_temporal.mp4,COLD
COLD/msasl_cold_Basic_ASL_Vocabulary_for_Babies.mp4,COLD
COLD/msasl_cold_Basic_ASL_Vocabulary_for_Babies_aug_brightness_contrast.mp4,COLD
COLD/msasl_cold_Basic_ASL_Vocabulary_for_Babies_aug_horizontal_flip.mp4,COLD
COLD/msasl_cold_Basic_ASL_Vocabulary_for_Babies_aug_slight_rotation.mp4,COLD
COLD/msasl_cold_Basic_ASL_Vocabulary_for_Babies_aug_temporal.mp4,COLD
COLD/msasl_cold_Basic_Sign_Language_for_Caregivers_(bath_time).mp4.mkv,COLD
COLD/msasl_cold_Basic_Sign_Language_for_Caregivers_(bath_time).mp4_aug_brightness_contrast.mp4,COLD
COLD/msasl_cold_Basic_Sign_Language_for_Caregivers_(bath_time).mp4_aug_horizontal_flip.mp4,COLD
COLD/msasl_cold_Basic_Sign_Language_for_Caregivers_(bath_time).mp4_aug_slight_rotation.mp4,COLD
COLD/msasl_cold_Basic_Sign_Language_for_Caregivers_(bath_time).mp4_aug_temporal.mp4,COLD
COLD/msasl_cold_COLD(1).mp4.mkv,COLD
COLD/msasl_cold_COLD(1).mp4_aug_brightness_contrast.mp4,COLD
COLD/msasl_cold_COLD(1).mp4_aug_horizontal_flip.mp4,COLD
COLD/msasl_cold_COLD(1).mp4_aug_slight_rotation.mp4,COLD
COLD/msasl_cold_COLD(1).mp4_aug_temporal.mp4,COLD
COLD/msasl_cold_Cold.mp4.mkv,COLD
COLD/msasl_cold_Cold.mp4_aug_brightness_contrast.mp4,COLD
COLD/msasl_cold_Cold.mp4_aug_horizontal_flip.mp4,COLD
COLD/msasl_cold_Cold.mp4_aug_slight_rotation.mp4,COLD
COLD/msasl_cold_Cold.mp4_aug_temporal.mp4,COLD
COLD/msasl_cold_Health_Vocabulary_ASL_-_American_Sign_Language.mp4.webm,COLD
COLD/msasl_cold_Health_Vocabulary_ASL_-_American_Sign_Language.mp4_aug_brightness_contrast.mp4,COLD
COLD/msasl_cold_Health_Vocabulary_ASL_-_American_Sign_Language.mp4_aug_horizontal_flip.mp4,COLD
COLD/msasl_cold_Health_Vocabulary_ASL_-_American_Sign_Language.mp4_aug_slight_rotation.mp4,COLD
COLD/msasl_cold_Health_Vocabulary_ASL_-_American_Sign_Language.mp4_aug_temporal.mp4,COLD
COLD/msasl_cold_Master_ASL_Unit_8_(captions_available_click_on_CC_bottom_right).mp4.mkv,COLD
COLD/msasl_cold_Master_ASL_Unit_8_(captions_available_click_on_CC_bottom_right).mp4_aug_brightness_contrast.mp4,COLD
COLD/msasl_cold_Master_ASL_Unit_8_(captions_available_click_on_CC_bottom_right).mp4_aug_horizontal_flip.mp4,COLD
COLD/msasl_cold_Master_ASL_Unit_8_(captions_available_click_on_CC_bottom_right).mp4_aug_slight_rotation.mp4,COLD
COLD/msasl_cold_Master_ASL_Unit_8_(captions_available_click_on_CC_bottom_right).mp4_aug_temporal.mp4,COLD
COLD/msasl_cold_SWIC_Community_Ed_-_Class_Two.mp4.mkv,COLD
COLD/msasl_cold_SWIC_Community_Ed_-_Class_Two.mp4_aug_brightness_contrast.mp4,COLD
COLD/msasl_cold_SWIC_Community_Ed_-_Class_Two.mp4_aug_horizontal_flip.mp4,COLD
COLD/msasl_cold_SWIC_Community_Ed_-_Class_Two.mp4_aug_slight_rotation.mp4,COLD
COLD/msasl_cold_SWIC_Community_Ed_-_Class_Two.mp4_aug_temporal.mp4,COLD
COLD/msasl_cold_Sign_for_COLD_from_page_50.mp4.mkv,COLD
COLD/msasl_cold_Sign_for_COLD_from_page_50.mp4_aug_brightness_contrast.mp4,COLD
COLD/msasl_cold_Sign_for_COLD_from_page_50.mp4_aug_horizontal_flip.mp4,COLD
COLD/msasl_cold_Sign_for_COLD_from_page_50.mp4_aug_slight_rotation.mp4,COLD
COLD/msasl_cold_Sign_for_COLD_from_page_50.mp4_aug_temporal.mp4,COLD
COLD/msasl_cold_The_First_100_Signs_You_Need_to_Know.mp4,COLD
COLD/msasl_cold_The_First_100_Signs_You_Need_to_Know_aug_brightness_contrast.mp4,COLD
COLD/msasl_cold_The_First_100_Signs_You_Need_to_Know_aug_horizontal_flip.mp4,COLD
COLD/msasl_cold_The_First_100_Signs_You_Need_to_Know_aug_slight_rotation.mp4,COLD
COLD/msasl_cold_The_First_100_Signs_You_Need_to_Know_aug_temporal.mp4,COLD
COLD/msasl_cold_UNIT_10_VOCABULARY.mp4,COLD
COLD/msasl_cold_UNIT_10_VOCABULARY_aug_brightness_contrast.mp4,COLD
COLD/msasl_cold_UNIT_10_VOCABULARY_aug_horizontal_flip.mp4,COLD
COLD/msasl_cold_UNIT_10_VOCABULARY_aug_slight_rotation.mp4,COLD
COLD/msasl_cold_UNIT_10_VOCABULARY_aug_temporal.mp4,COLD
COLD/msasl_cold_Unit_05_Vocabulary.mp4.webm,COLD
COLD/msasl_cold_Unit_05_Vocabulary.mp4_aug_brightness_contrast.mp4,COLD
COLD/msasl_cold_Unit_05_Vocabulary.mp4_aug_horizontal_flip.mp4,COLD
COLD/msasl_cold_Unit_05_Vocabulary.mp4_aug_slight_rotation.mp4,COLD
COLD/msasl_cold_Unit_05_Vocabulary.mp4_aug_temporal.mp4,COLD
COLD/msasl_cold_Unit_17_-_Weather_ASL_(American_Sign_Language)_CC.mp4,COLD
COLD/msasl_cold_Unit_17_-_Weather_ASL_(American_Sign_Language)_CC_aug_brightness_contrast.mp4,COLD
COLD/msasl_cold_Unit_17_-_Weather_ASL_(American_Sign_Language)_CC_aug_horizontal_flip.mp4,COLD
COLD/msasl_cold_Unit_17_-_Weather_ASL_(American_Sign_Language)_CC_aug_slight_rotation.mp4,COLD
COLD/msasl_cold_Unit_17_-_Weather_ASL_(American_Sign_Language)_CC_aug_temporal.mp4,COLD
COLD/msasl_cold_Unit_3_vocabulary.mp4,COLD
COLD/msasl_cold_Unit_3_vocabulary_aug_brightness_contrast.mp4,COLD
COLD/msasl_cold_Unit_3_vocabulary_aug_horizontal_flip.mp4,COLD
COLD/msasl_cold_Unit_3_vocabulary_aug_slight_rotation.mp4,COLD
COLD/msasl_cold_Unit_3_vocabulary_aug_temporal.mp4,COLD
COLD/msasl_cold_Unit_5_Vocabularymp4.mp4,COLD
COLD/msasl_cold_Unit_5_Vocabularymp4_aug_brightness_contrast.mp4,COLD
COLD/msasl_cold_Unit_5_Vocabularymp4_aug_horizontal_flip.mp4,COLD
COLD/msasl_cold_Unit_5_Vocabularymp4_aug_slight_rotation.mp4,COLD
COLD/msasl_cold_Unit_5_Vocabularymp4_aug_temporal.mp4,COLD
COLD/msasl_cold_Weather(1).mp4,COLD
COLD/msasl_cold_Weather(1)_aug_brightness_contrast.mp4,COLD
COLD/msasl_cold_Weather(1)_aug_horizontal_flip.mp4,COLD
COLD/msasl_cold_Weather(1)_aug_slight_rotation.mp4,COLD
COLD/msasl_cold_Weather(1)_aug_temporal.mp4,COLD
COLD/msasl_cold_cold_-_ASL_sign_for_cold.mp4,COLD
COLD/msasl_cold_cold_-_ASL_sign_for_cold_aug_brightness_contrast.mp4,COLD
COLD/msasl_cold_cold_-_ASL_sign_for_cold_aug_horizontal_flip.mp4,COLD
COLD/msasl_cold_cold_-_ASL_sign_for_cold_aug_slight_rotation.mp4,COLD
COLD/msasl_cold_cold_-_ASL_sign_for_cold_aug_temporal.mp4,COLD
COLD/wlasl_11621.mp4,COLD
COLD/wlasl_11621_aug_brightness_contrast.mp4,COLD
COLD/wlasl_11621_aug_horizontal_flip.mp4,COLD
COLD/wlasl_11621_aug_slight_rotation.mp4,COLD
COLD/wlasl_11621_aug_temporal.mp4,COLD
COLD/wlasl_11622.mp4,COLD
COLD/wlasl_11622_aug_brightness_contrast.mp4,COLD
COLD/wlasl_11622_aug_horizontal_flip.mp4,COLD
COLD/wlasl_11622_aug_slight_rotation.mp4,COLD
COLD/wlasl_11622_aug_temporal.mp4,COLD
COLD/wlasl_11623.mp4,COLD
COLD/wlasl_11623_aug_brightness_contrast.mp4,COLD
COLD/wlasl_11623_aug_horizontal_flip.mp4,COLD
COLD/wlasl_11623_aug_slight_rotation.mp4,COLD
COLD/wlasl_11623_aug_temporal.mp4,COLD
COLD/wlasl_11624.mp4,COLD
COLD/wlasl_11624_aug_brightness_contrast.mp4,COLD
COLD/wlasl_11624_aug_horizontal_flip.mp4,COLD
COLD/wlasl_11624_aug_slight_rotation.mp4,COLD
COLD/wlasl_11624_aug_temporal.mp4,COLD
COLD/wlasl_11625.mp4,COLD
COLD/wlasl_11625_aug_brightness_contrast.mp4,COLD
COLD/wlasl_11625_aug_horizontal_flip.mp4,COLD
COLD/wlasl_11625_aug_slight_rotation.mp4,COLD
COLD/wlasl_11625_aug_temporal.mp4,COLD
COLD/wlasl_11627.mp4,COLD
COLD/wlasl_11627_aug_brightness_contrast.mp4,COLD
COLD/wlasl_11627_aug_horizontal_flip.mp4,COLD
COLD/wlasl_11627_aug_slight_rotation.mp4,COLD
COLD/wlasl_11627_aug_temporal.mp4,COLD
COLD/wlasl_11628.mp4,COLD
COLD/wlasl_11628_aug_brightness_contrast.mp4,COLD
COLD/wlasl_11628_aug_horizontal_flip.mp4,COLD
COLD/wlasl_11628_aug_slight_rotation.mp4,COLD
COLD/wlasl_11628_aug_temporal.mp4,COLD
COLD/wlasl_11633.mp4,COLD
COLD/wlasl_11633_aug_brightness_contrast.mp4,COLD
COLD/wlasl_11633_aug_horizontal_flip.mp4,COLD
COLD/wlasl_11633_aug_slight_rotation.mp4,COLD
COLD/wlasl_11633_aug_temporal.mp4,COLD
COLD/wlasl_11634.mp4,COLD
COLD/wlasl_11634_aug_brightness_contrast.mp4,COLD
COLD/wlasl_11634_aug_horizontal_flip.mp4,COLD
COLD/wlasl_11634_aug_slight_rotation.mp4,COLD
COLD/wlasl_11634_aug_temporal.mp4,COLD
COLD/wlasl_11635.mp4,COLD
COLD/wlasl_11635_aug_brightness_contrast.mp4,COLD
COLD/wlasl_11635_aug_horizontal_flip.mp4,COLD
COLD/wlasl_11635_aug_slight_rotation.mp4,COLD
COLD/wlasl_11635_aug_temporal.mp4,COLD
COOK/ASLLVD_COOK__ASL_2007_05_24_scene18-1781-1835_camera1.mov,COOK
COOK/ASLLVD_COOK__ASL_2007_05_24_scene18-1781-1835_camera1_aug_brightness_contrast.mp4,COOK
COOK/ASLLVD_COOK__ASL_2007_05_24_scene18-1781-1835_camera1_aug_horizontal_flip.mp4,COOK
COOK/ASLLVD_COOK__ASL_2007_05_24_scene18-1781-1835_camera1_aug_slight_rotation.mp4,COOK
COOK/ASLLVD_COOK__ASL_2007_05_24_scene18-1781-1835_camera1_aug_temporal.mp4,COOK
COOK/ASLLVD_COOK__ASL_2008_01_11_scene73-625-674_camera1.mov,COOK
COOK/ASLLVD_COOK__ASL_2008_01_11_scene73-625-674_camera1_aug_brightness_contrast.mp4,COOK
COOK/ASLLVD_COOK__ASL_2008_01_11_scene73-625-674_camera1_aug_horizontal_flip.mp4,COOK
COOK/ASLLVD_COOK__ASL_2008_01_11_scene73-625-674_camera1_aug_slight_rotation.mp4,COOK
COOK/ASLLVD_COOK__ASL_2008_01_11_scene73-625-674_camera1_aug_temporal.mp4,COOK
COOK/ASLLVD_COOK__ASL_2008_05_12_scene4-4782-4830_camera1.mov,COOK
COOK/ASLLVD_COOK__ASL_2008_05_12_scene4-4782-4830_camera1_aug_brightness_contrast.mp4,COOK
COOK/ASLLVD_COOK__ASL_2008_05_12_scene4-4782-4830_camera1_aug_horizontal_flip.mp4,COOK
COOK/ASLLVD_COOK__ASL_2008_05_12_scene4-4782-4830_camera1_aug_slight_rotation.mp4,COOK
COOK/ASLLVD_COOK__ASL_2008_05_12_scene4-4782-4830_camera1_aug_temporal.mp4,COOK
COOK/ASLLVD_COOK__ASL_2008_05_12_scene44-4846-4896_camera1.mov,COOK
COOK/ASLLVD_COOK__ASL_2008_05_12_scene44-4846-4896_camera1_aug_brightness_contrast.mp4,COOK
COOK/ASLLVD_COOK__ASL_2008_05_12_scene44-4846-4896_camera1_aug_horizontal_flip.mp4,COOK
COOK/ASLLVD_COOK__ASL_2008_05_12_scene44-4846-4896_camera1_aug_slight_rotation.mp4,COOK
COOK/ASLLVD_COOK__ASL_2008_05_12_scene44-4846-4896_camera1_aug_temporal.mp4,COOK
COOK/ASLLVD_COOK__ASL_2008_08_04_scene46-3029-3081_camera1.mov,COOK
COOK/ASLLVD_COOK__ASL_2008_08_04_scene46-3029-3081_camera1_aug_brightness_contrast.mp4,COOK
COOK/ASLLVD_COOK__ASL_2008_08_04_scene46-3029-3081_camera1_aug_horizontal_flip.mp4,COOK
COOK/ASLLVD_COOK__ASL_2008_08_04_scene46-3029-3081_camera1_aug_slight_rotation.mp4,COOK
COOK/ASLLVD_COOK__ASL_2008_08_04_scene46-3029-3081_camera1_aug_temporal.mp4,COOK
COOK/ASLLVD_COOK__ASL_2008_08_06_scene4-2715-2765_camera1.mov,COOK
COOK/ASLLVD_COOK__ASL_2008_08_06_scene4-2715-2765_camera1_aug_brightness_contrast.mp4,COOK
COOK/ASLLVD_COOK__ASL_2008_08_06_scene4-2715-2765_camera1_aug_horizontal_flip.mp4,COOK
COOK/ASLLVD_COOK__ASL_2008_08_06_scene4-2715-2765_camera1_aug_slight_rotation.mp4,COOK
COOK/ASLLVD_COOK__ASL_2008_08_06_scene4-2715-2765_camera1_aug_temporal.mp4,COOK
COOK/ASLLVD_COOK__ASL_2010_08_10_scene12-735-815_camera1.mov,COOK
COOK/ASLLVD_COOK__ASL_2010_08_10_scene12-735-815_camera1_aug_brightness_contrast.mp4,COOK
COOK/ASLLVD_COOK__ASL_2010_08_10_scene12-735-815_camera1_aug_horizontal_flip.mp4,COOK
COOK/ASLLVD_COOK__ASL_2010_08_10_scene12-735-815_camera1_aug_slight_rotation.mp4,COOK
COOK/ASLLVD_COOK__ASL_2010_08_10_scene12-735-815_camera1_aug_temporal.mp4,COOK
COOK/ASLLVD_COOK__ASL_2011_06_08_scene30-3912-3950_camera1.mov,COOK
COOK/ASLLVD_COOK__ASL_2011_06_08_scene30-3912-3950_camera1_aug_brightness_contrast.mp4,COOK
COOK/ASLLVD_COOK__ASL_2011_06_08_scene30-3912-3950_camera1_aug_horizontal_flip.mp4,COOK
COOK/ASLLVD_COOK__ASL_2011_06_08_scene30-3912-3950_camera1_aug_slight_rotation.mp4,COOK
COOK/ASLLVD_COOK__ASL_2011_06_08_scene30-3912-3950_camera1_aug_temporal.mp4,COOK
COOK/ASLLVD_COOK__ASL_2011_06_14_scene3-8200-8235_camera1.mov,COOK
COOK/ASLLVD_COOK__ASL_2011_06_14_scene3-8200-8235_camera1_aug_brightness_contrast.mp4,COOK
COOK/ASLLVD_COOK__ASL_2011_06_14_scene3-8200-8235_camera1_aug_horizontal_flip.mp4,COOK
COOK/ASLLVD_COOK__ASL_2011_06_14_scene3-8200-8235_camera1_aug_slight_rotation.mp4,COOK
COOK/ASLLVD_COOK__ASL_2011_06_14_scene3-8200-8235_camera1_aug_temporal.mp4,COOK
COOK/ASLLVD_COOK__ASL_2011_06_14_scene45-2333-2372_camera1.mov,COOK
COOK/ASLLVD_COOK__ASL_2011_06_14_scene45-2333-2372_camera1_aug_brightness_contrast.mp4,COOK
COOK/ASLLVD_COOK__ASL_2011_06_14_scene45-2333-2372_camera1_aug_horizontal_flip.mp4,COOK
COOK/ASLLVD_COOK__ASL_2011_06_14_scene45-2333-2372_camera1_aug_slight_rotation.mp4,COOK
COOK/ASLLVD_COOK__ASL_2011_06_14_scene45-2333-2372_camera1_aug_temporal.mp4,COOK
COOK/desktop.ini,COOK
COOK/desktop_aug_brightness_contrast.mp4,COOK
COOK/desktop_aug_horizontal_flip.mp4,COOK
COOK/desktop_aug_slight_rotation.mp4,COOK
COOK/desktop_aug_temporal.mp4,COOK
COOK/msasl_cook_ASL1_Class_30_New_SIGNS.mp4.mkv,COOK
COOK/msasl_cook_ASL1_Class_30_New_SIGNS.mp4_aug_brightness_contrast.mp4,COOK
COOK/msasl_cook_ASL1_Class_30_New_SIGNS.mp4_aug_horizontal_flip.mp4,COOK
COOK/msasl_cook_ASL1_Class_30_New_SIGNS.mp4_aug_slight_rotation.mp4,COOK
COOK/msasl_cook_ASL1_Class_30_New_SIGNS.mp4_aug_temporal.mp4,COOK
COOK/msasl_cook_ASL2_Class_43_SIGNS.mp4.mkv,COOK
COOK/msasl_cook_ASL2_Class_43_SIGNS.mp4_aug_brightness_contrast.mp4,COOK
COOK/msasl_cook_ASL2_Class_43_SIGNS.mp4_aug_horizontal_flip.mp4,COOK
COOK/msasl_cook_ASL2_Class_43_SIGNS.mp4_aug_slight_rotation.mp4,COOK
COOK/msasl_cook_ASL2_Class_43_SIGNS.mp4_aug_temporal.mp4,COOK
COOK/msasl_cook_ASL_1_Unit_5_Vocabulary.mp4.webm,COOK
COOK/msasl_cook_ASL_1_Unit_5_Vocabulary.mp4_aug_brightness_contrast.mp4,COOK
COOK/msasl_cook_ASL_1_Unit_5_Vocabulary.mp4_aug_horizontal_flip.mp4,COOK
COOK/msasl_cook_ASL_1_Unit_5_Vocabulary.mp4_aug_slight_rotation.mp4,COOK
COOK/msasl_cook_ASL_1_Unit_5_Vocabulary.mp4_aug_temporal.mp4,COOK
COOK/msasl_cook_ASL_I_-_Unit_6_Vocabulary_Review.mp4.mkv,COOK
COOK/msasl_cook_ASL_I_-_Unit_6_Vocabulary_Review.mp4_aug_brightness_contrast.mp4,COOK
COOK/msasl_cook_ASL_I_-_Unit_6_Vocabulary_Review.mp4_aug_horizontal_flip.mp4,COOK
COOK/msasl_cook_ASL_I_-_Unit_6_Vocabulary_Review.mp4_aug_slight_rotation.mp4,COOK
COOK/msasl_cook_ASL_I_-_Unit_6_Vocabulary_Review.mp4_aug_temporal.mp4,COOK
COOK/msasl_cook_ASL_Level_2_Unit_12_Vocabulary.mp4,COOK
COOK/msasl_cook_ASL_Level_2_Unit_12_Vocabulary_aug_brightness_contrast.mp4,COOK
COOK/msasl_cook_ASL_Level_2_Unit_12_Vocabulary_aug_horizontal_flip.mp4,COOK
COOK/msasl_cook_ASL_Level_2_Unit_12_Vocabulary_aug_slight_rotation.mp4,COOK
COOK/msasl_cook_ASL_Level_2_Unit_12_Vocabulary_aug_temporal.mp4,COOK
COOK/msasl_cook_ASL_Vocabulary_Unit_5.mp4.mkv,COOK
COOK/msasl_cook_ASL_Vocabulary_Unit_5.mp4_aug_brightness_contrast.mp4,COOK
COOK/msasl_cook_ASL_Vocabulary_Unit_5.mp4_aug_horizontal_flip.mp4,COOK
COOK/msasl_cook_ASL_Vocabulary_Unit_5.mp4_aug_slight_rotation.mp4,COOK
COOK/msasl_cook_ASL_Vocabulary_Unit_5.mp4_aug_temporal.mp4,COOK
COOK/msasl_cook_Asl_vocab_2.mp4.mkv,COOK
COOK/msasl_cook_Asl_vocab_2.mp4_aug_brightness_contrast.mp4,COOK
COOK/msasl_cook_Asl_vocab_2.mp4_aug_horizontal_flip.mp4,COOK
COOK/msasl_cook_Asl_vocab_2.mp4_aug_slight_rotation.mp4,COOK
COOK/msasl_cook_Asl_vocab_2.mp4_aug_temporal.mp4,COOK
COOK/msasl_cook_COOK(2).mp4.mkv,COOK
COOK/msasl_cook_COOK(2).mp4_aug_brightness_contrast.mp4,COOK
COOK/msasl_cook_COOK(2).mp4_aug_horizontal_flip.mp4,COOK
COOK/msasl_cook_COOK(2).mp4_aug_slight_rotation.mp4,COOK
COOK/msasl_cook_COOK(2).mp4_aug_temporal.mp4,COOK
COOK/msasl_cook_COOK(3).mp4.mkv,COOK
COOK/msasl_cook_COOK(3).mp4_aug_brightness_contrast.mp4,COOK
COOK/msasl_cook_COOK(3).mp4_aug_horizontal_flip.mp4,COOK
COOK/msasl_cook_COOK(3).mp4_aug_slight_rotation.mp4,COOK
COOK/msasl_cook_COOK(3).mp4_aug_temporal.mp4,COOK
COOK/msasl_cook_COOK(5).mp4.mkv,COOK
COOK/msasl_cook_COOK(5).mp4_aug_brightness_contrast.mp4,COOK
COOK/msasl_cook_COOK(5).mp4_aug_horizontal_flip.mp4,COOK
COOK/msasl_cook_COOK(5).mp4_aug_slight_rotation.mp4,COOK
COOK/msasl_cook_COOK(5).mp4_aug_temporal.mp4,COOK
COOK/msasl_cook_COOK-basic-version.mp4.mkv,COOK
COOK/msasl_cook_COOK-basic-version.mp4_aug_brightness_contrast.mp4,COOK
COOK/msasl_cook_COOK-basic-version.mp4_aug_horizontal_flip.mp4,COOK
COOK/msasl_cook_COOK-basic-version.mp4_aug_slight_rotation.mp4,COOK
COOK/msasl_cook_COOK-basic-version.mp4_aug_temporal.mp4,COOK
COOK/msasl_cook_Cook(1).mp4.mkv,COOK
COOK/msasl_cook_Cook(1).mp4_aug_brightness_contrast.mp4,COOK
COOK/msasl_cook_Cook(1).mp4_aug_horizontal_flip.mp4,COOK
COOK/msasl_cook_Cook(1).mp4_aug_slight_rotation.mp4,COOK
COOK/msasl_cook_Cook(1).mp4_aug_temporal.mp4,COOK
COOK/msasl_cook_Cook.mp4.mkv,COOK
COOK/msasl_cook_Cook.mp4_aug_brightness_contrast.mp4,COOK
COOK/msasl_cook_Cook.mp4_aug_horizontal_flip.mp4,COOK
COOK/msasl_cook_Cook.mp4_aug_slight_rotation.mp4,COOK
COOK/msasl_cook_Cook.mp4_aug_temporal.mp4,COOK
COOK/msasl_cook_Cooking_Methods_ASL_-_American_Sign_Language.mp4.mkv,COOK
COOK/msasl_cook_Cooking_Methods_ASL_-_American_Sign_Language.mp4_aug_brightness_contrast.mp4,COOK
COOK/msasl_cook_Cooking_Methods_ASL_-_American_Sign_Language.mp4_aug_horizontal_flip.mp4,COOK
COOK/msasl_cook_Cooking_Methods_ASL_-_American_Sign_Language.mp4_aug_slight_rotation.mp4,COOK
COOK/msasl_cook_Cooking_Methods_ASL_-_American_Sign_Language.mp4_aug_temporal.mp4,COOK
COOK/msasl_cook_Lesson_2_Vocabulary_-_A_Basic_Course_(ABC)_in_ASL.mp4.mkv,COOK
COOK/msasl_cook_Lesson_2_Vocabulary_-_A_Basic_Course_(ABC)_in_ASL.mp4_aug_brightness_contrast.mp4,COOK
COOK/msasl_cook_Lesson_2_Vocabulary_-_A_Basic_Course_(ABC)_in_ASL.mp4_aug_horizontal_flip.mp4,COOK
COOK/msasl_cook_Lesson_2_Vocabulary_-_A_Basic_Course_(ABC)_in_ASL.mp4_aug_slight_rotation.mp4,COOK
COOK/msasl_cook_Lesson_2_Vocabulary_-_A_Basic_Course_(ABC)_in_ASL.mp4_aug_temporal.mp4,COOK
COOK/msasl_cook_Mastering_ASL_Unit_5_Vocabulary_signed_by_Dr_Wooten.mp4.mkv,COOK
COOK/msasl_cook_Mastering_ASL_Unit_5_Vocabulary_signed_by_Dr_Wooten.mp4_aug_brightness_contrast.mp4,COOK
COOK/msasl_cook_Mastering_ASL_Unit_5_Vocabulary_signed_by_Dr_Wooten.mp4_aug_horizontal_flip.mp4,COOK
COOK/msasl_cook_Mastering_ASL_Unit_5_Vocabulary_signed_by_Dr_Wooten.mp4_aug_slight_rotation.mp4,COOK
COOK/msasl_cook_Mastering_ASL_Unit_5_Vocabulary_signed_by_Dr_Wooten.mp4_aug_temporal.mp4,COOK
COOK/msasl_cook_SWIC_Community_Ed_-_Class_Four.mp4.mkv,COOK
COOK/msasl_cook_SWIC_Community_Ed_-_Class_Four.mp4_aug_brightness_contrast.mp4,COOK
COOK/msasl_cook_SWIC_Community_Ed_-_Class_Four.mp4_aug_horizontal_flip.mp4,COOK
COOK/msasl_cook_SWIC_Community_Ed_-_Class_Four.mp4_aug_slight_rotation.mp4,COOK
COOK/msasl_cook_SWIC_Community_Ed_-_Class_Four.mp4_aug_temporal.mp4,COOK
COOK/msasl_cook_SWIC_Community_Ed_-_Class_Three.mp4,COOK
COOK/msasl_cook_SWIC_Community_Ed_-_Class_Three_aug_brightness_contrast.mp4,COOK
COOK/msasl_cook_SWIC_Community_Ed_-_Class_Three_aug_horizontal_flip.mp4,COOK
COOK/msasl_cook_SWIC_Community_Ed_-_Class_Three_aug_slight_rotation.mp4,COOK
COOK/msasl_cook_SWIC_Community_Ed_-_Class_Three_aug_temporal.mp4,COOK
COOK/msasl_cook_Signing_Naturally_Unit_2.mp4.mkv,COOK
COOK/msasl_cook_Signing_Naturally_Unit_2.mp4_aug_brightness_contrast.mp4,COOK
COOK/msasl_cook_Signing_Naturally_Unit_2.mp4_aug_horizontal_flip.mp4,COOK
COOK/msasl_cook_Signing_Naturally_Unit_2.mp4_aug_slight_rotation.mp4,COOK
COOK/msasl_cook_Signing_Naturally_Unit_2.mp4_aug_temporal.mp4,COOK
COOK/msasl_cook_Unit_10.mp4.mkv,COOK
COOK/msasl_cook_Unit_10.mp4_aug_brightness_contrast.mp4,COOK
COOK/msasl_cook_Unit_10.mp4_aug_horizontal_flip.mp4,COOK
COOK/msasl_cook_Unit_10.mp4_aug_slight_rotation.mp4,COOK
COOK/msasl_cook_Unit_10.mp4_aug_temporal.mp4,COOK
COOK/msasl_cook_Unit_10_Vocabulary.mp4,COOK
COOK/msasl_cook_Unit_10_Vocabulary_aug_brightness_contrast.mp4,COOK
COOK/msasl_cook_Unit_10_Vocabulary_aug_horizontal_flip.mp4,COOK
COOK/msasl_cook_Unit_10_Vocabulary_aug_slight_rotation.mp4,COOK
COOK/msasl_cook_Unit_10_Vocabulary_aug_temporal.mp4,COOK
COOK/msasl_cook_Unit_10_Vocabulary_-_Part_1mp4.mp4,COOK
COOK/msasl_cook_Unit_10_Vocabulary_-_Part_1mp4_aug_brightness_contrast.mp4,COOK
COOK/msasl_cook_Unit_10_Vocabulary_-_Part_1mp4_aug_horizontal_flip.mp4,COOK
COOK/msasl_cook_Unit_10_Vocabulary_-_Part_1mp4_aug_slight_rotation.mp4,COOK
COOK/msasl_cook_Unit_10_Vocabulary_-_Part_1mp4_aug_temporal.mp4,COOK
COOK/wlasl_13155.mp4,COOK
COOK/wlasl_13155_aug_brightness_contrast.mp4,COOK
COOK/wlasl_13155_aug_horizontal_flip.mp4,COOK
COOK/wlasl_13155_aug_slight_rotation.mp4,COOK
COOK/wlasl_13155_aug_temporal.mp4,COOK
COOK/wlasl_13156.mp4,COOK
COOK/wlasl_13156_aug_brightness_contrast.mp4,COOK
COOK/wlasl_13156_aug_horizontal_flip.mp4,COOK
COOK/wlasl_13156_aug_slight_rotation.mp4,COOK
COOK/wlasl_13156_aug_temporal.mp4,COOK
COOK/wlasl_13157.mp4,COOK
COOK/wlasl_13157_aug_brightness_contrast.mp4,COOK
COOK/wlasl_13157_aug_horizontal_flip.mp4,COOK
COOK/wlasl_13157_aug_slight_rotation.mp4,COOK
COOK/wlasl_13157_aug_temporal.mp4,COOK
COOK/wlasl_13158.mp4,COOK
COOK/wlasl_13158_aug_brightness_contrast.mp4,COOK
COOK/wlasl_13158_aug_horizontal_flip.mp4,COOK
COOK/wlasl_13158_aug_slight_rotation.mp4,COOK
COOK/wlasl_13158_aug_temporal.mp4,COOK
COOK/wlasl_13160.mp4,COOK
COOK/wlasl_13160_aug_brightness_contrast.mp4,COOK
COOK/wlasl_13160_aug_horizontal_flip.mp4,COOK
COOK/wlasl_13160_aug_slight_rotation.mp4,COOK
COOK/wlasl_13160_aug_temporal.mp4,COOK
COOK/wlasl_13161.mp4,COOK
COOK/wlasl_13161_aug_brightness_contrast.mp4,COOK
COOK/wlasl_13161_aug_horizontal_flip.mp4,COOK
COOK/wlasl_13161_aug_slight_rotation.mp4,COOK
COOK/wlasl_13161_aug_temporal.mp4,COOK
COOK_KITCHEN/desktop.ini,COOK_KITCHEN
COOK_KITCHEN/desktop_aug_brightness_contrast.mp4,COOK_KITCHEN
COOK_KITCHEN/desktop_aug_horizontal_flip.mp4,COOK_KITCHEN
COOK_KITCHEN/desktop_aug_slight_rotation.mp4,COOK_KITCHEN
COOK_KITCHEN/desktop_aug_temporal.mp4,COOK_KITCHEN
DAUGHTER/ASLLVD_DAUGHTER__ASL_2006_10_10_scene6-2750-2767_camera1.mov,DAUGHTER
DAUGHTER/ASLLVD_DAUGHTER__ASL_2006_10_10_scene6-2750-2767_camera1_aug_brightness_contrast.mp4,DAUGHTER
DAUGHTER/ASLLVD_DAUGHTER__ASL_2006_10_10_scene6-2750-2767_camera1_aug_horizontal_flip.mp4,DAUGHTER
DAUGHTER/ASLLVD_DAUGHTER__ASL_2006_10_10_scene6-2750-2767_camera1_aug_slight_rotation.mp4,DAUGHTER
DAUGHTER/ASLLVD_DAUGHTER__ASL_2006_10_10_scene6-2750-2767_camera1_aug_temporal.mp4,DAUGHTER
DAUGHTER/ASLLVD_DAUGHTER__ASL_2007_05_24_scene10-3110-3151_camera1.mov,DAUGHTER
DAUGHTER/ASLLVD_DAUGHTER__ASL_2007_05_24_scene10-3110-3151_camera1_aug_brightness_contrast.mp4,DAUGHTER
DAUGHTER/ASLLVD_DAUGHTER__ASL_2007_05_24_scene10-3110-3151_camera1_aug_horizontal_flip.mp4,DAUGHTER
DAUGHTER/ASLLVD_DAUGHTER__ASL_2007_05_24_scene10-3110-3151_camera1_aug_slight_rotation.mp4,DAUGHTER
DAUGHTER/ASLLVD_DAUGHTER__ASL_2007_05_24_scene10-3110-3151_camera1_aug_temporal.mp4,DAUGHTER
DAUGHTER/ASLLVD_DAUGHTER__ASL_2008_01_18_scene12-1660-1681_camera1.mov,DAUGHTER
DAUGHTER/ASLLVD_DAUGHTER__ASL_2008_01_18_scene12-1660-1681_camera1_aug_brightness_contrast.mp4,DAUGHTER
DAUGHTER/ASLLVD_DAUGHTER__ASL_2008_01_18_scene12-1660-1681_camera1_aug_horizontal_flip.mp4,DAUGHTER
DAUGHTER/ASLLVD_DAUGHTER__ASL_2008_01_18_scene12-1660-1681_camera1_aug_slight_rotation.mp4,DAUGHTER
DAUGHTER/ASLLVD_DAUGHTER__ASL_2008_01_18_scene12-1660-1681_camera1_aug_temporal.mp4,DAUGHTER
DAUGHTER/ASLLVD_DAUGHTER__ASL_2008_01_18_scene12-1886-1918_camera1.mov,DAUGHTER
DAUGHTER/ASLLVD_DAUGHTER__ASL_2008_01_18_scene12-1886-1918_camera1_aug_brightness_contrast.mp4,DAUGHTER
DAUGHTER/ASLLVD_DAUGHTER__ASL_2008_01_18_scene12-1886-1918_camera1_aug_horizontal_flip.mp4,DAUGHTER
DAUGHTER/ASLLVD_DAUGHTER__ASL_2008_01_18_scene12-1886-1918_camera1_aug_slight_rotation.mp4,DAUGHTER
DAUGHTER/ASLLVD_DAUGHTER__ASL_2008_01_18_scene12-1886-1918_camera1_aug_temporal.mp4,DAUGHTER
DAUGHTER/ASLLVD_DAUGHTER__ASL_2008_05_12_scene12-1966-2004_camera1.mov,DAUGHTER
DAUGHTER/ASLLVD_DAUGHTER__ASL_2008_05_12_scene12-1966-2004_camera1_aug_brightness_contrast.mp4,DAUGHTER
DAUGHTER/ASLLVD_DAUGHTER__ASL_2008_05_12_scene12-1966-2004_camera1_aug_horizontal_flip.mp4,DAUGHTER
DAUGHTER/ASLLVD_DAUGHTER__ASL_2008_05_12_scene12-1966-2004_camera1_aug_slight_rotation.mp4,DAUGHTER
DAUGHTER/ASLLVD_DAUGHTER__ASL_2008_05_12_scene12-1966-2004_camera1_aug_temporal.mp4,DAUGHTER
DAUGHTER/ASLLVD_DAUGHTER__ASL_2008_08_06_scene12-2028-2060_camera1.mov,DAUGHTER
DAUGHTER/ASLLVD_DAUGHTER__ASL_2008_08_06_scene12-2028-2060_camera1_aug_brightness_contrast.mp4,DAUGHTER
DAUGHTER/ASLLVD_DAUGHTER__ASL_2008_08_06_scene12-2028-2060_camera1_aug_horizontal_flip.mp4,DAUGHTER
DAUGHTER/ASLLVD_DAUGHTER__ASL_2008_08_06_scene12-2028-2060_camera1_aug_slight_rotation.mp4,DAUGHTER
DAUGHTER/ASLLVD_DAUGHTER__ASL_2008_08_06_scene12-2028-2060_camera1_aug_temporal.mp4,DAUGHTER
DAUGHTER/ASLLVD_DAUGHTER__ASL_2011_06_08_scene32-7872-7887_camera1.mov,DAUGHTER
DAUGHTER/ASLLVD_DAUGHTER__ASL_2011_06_08_scene32-7872-7887_camera1_aug_brightness_contrast.mp4,DAUGHTER
DAUGHTER/ASLLVD_DAUGHTER__ASL_2011_06_08_scene32-7872-7887_camera1_aug_horizontal_flip.mp4,DAUGHTER
DAUGHTER/ASLLVD_DAUGHTER__ASL_2011_06_08_scene32-7872-7887_camera1_aug_slight_rotation.mp4,DAUGHTER
DAUGHTER/ASLLVD_DAUGHTER__ASL_2011_06_08_scene32-7872-7887_camera1_aug_temporal.mp4,DAUGHTER
DAUGHTER/desktop.ini,DAUGHTER
DAUGHTER/desktop_aug_brightness_contrast.mp4,DAUGHTER
DAUGHTER/desktop_aug_horizontal_flip.mp4,DAUGHTER
DAUGHTER/desktop_aug_slight_rotation.mp4,DAUGHTER
DAUGHTER/desktop_aug_temporal.mp4,DAUGHTER
DAUGHTER/msasl_daughter_ASL1_Class_21_New_SIGNS.mp4.webm,DAUGHTER
DAUGHTER/msasl_daughter_ASL1_Class_21_New_SIGNS.mp4_aug_brightness_contrast.mp4,DAUGHTER
DAUGHTER/msasl_daughter_ASL1_Class_21_New_SIGNS.mp4_aug_horizontal_flip.mp4,DAUGHTER
DAUGHTER/msasl_daughter_ASL1_Class_21_New_SIGNS.mp4_aug_slight_rotation.mp4,DAUGHTER
DAUGHTER/msasl_daughter_ASL1_Class_21_New_SIGNS.mp4_aug_temporal.mp4,DAUGHTER
DAUGHTER/msasl_daughter_ASL_-_Extended_Family.mp4.mkv,DAUGHTER
DAUGHTER/msasl_daughter_ASL_-_Extended_Family.mp4_aug_brightness_contrast.mp4,DAUGHTER
DAUGHTER/msasl_daughter_ASL_-_Extended_Family.mp4_aug_horizontal_flip.mp4,DAUGHTER
DAUGHTER/msasl_daughter_ASL_-_Extended_Family.mp4_aug_slight_rotation.mp4,DAUGHTER
DAUGHTER/msasl_daughter_ASL_-_Extended_Family.mp4_aug_temporal.mp4,DAUGHTER
DAUGHTER/msasl_daughter_ASL_1_Unit_3_Vocabulary.mp4.mkv,DAUGHTER
DAUGHTER/msasl_daughter_ASL_1_Unit_3_Vocabulary.mp4_aug_brightness_contrast.mp4,DAUGHTER
DAUGHTER/msasl_daughter_ASL_1_Unit_3_Vocabulary.mp4_aug_horizontal_flip.mp4,DAUGHTER
DAUGHTER/msasl_daughter_ASL_1_Unit_3_Vocabulary.mp4_aug_slight_rotation.mp4,DAUGHTER
DAUGHTER/msasl_daughter_ASL_1_Unit_3_Vocabulary.mp4_aug_temporal.mp4,DAUGHTER
DAUGHTER/msasl_daughter_ASL_1_Unit_4_Vocabulary(1).mp4.mkv,DAUGHTER
DAUGHTER/msasl_daughter_ASL_1_Unit_4_Vocabulary(1).mp4_aug_brightness_contrast.mp4,DAUGHTER
DAUGHTER/msasl_daughter_ASL_1_Unit_4_Vocabulary(1).mp4_aug_horizontal_flip.mp4,DAUGHTER
DAUGHTER/msasl_daughter_ASL_1_Unit_4_Vocabulary(1).mp4_aug_slight_rotation.mp4,DAUGHTER
DAUGHTER/msasl_daughter_ASL_1_Unit_4_Vocabulary(1).mp4_aug_temporal.mp4,DAUGHTER
DAUGHTER/msasl_daughter_ASL_1_Unit_4_Vocabulary.mp4.mkv,DAUGHTER
DAUGHTER/msasl_daughter_ASL_1_Unit_4_Vocabulary.mp4_aug_brightness_contrast.mp4,DAUGHTER
DAUGHTER/msasl_daughter_ASL_1_Unit_4_Vocabulary.mp4_aug_horizontal_flip.mp4,DAUGHTER
DAUGHTER/msasl_daughter_ASL_1_Unit_4_Vocabulary.mp4_aug_slight_rotation.mp4,DAUGHTER
DAUGHTER/msasl_daughter_ASL_1_Unit_4_Vocabulary.mp4_aug_temporal.mp4,DAUGHTER
DAUGHTER/msasl_daughter_ASL_Daughter_.mp4,DAUGHTER
DAUGHTER/msasl_daughter_ASL_Daughter__aug_brightness_contrast.mp4,DAUGHTER
DAUGHTER/msasl_daughter_ASL_Daughter__aug_horizontal_flip.mp4,DAUGHTER
DAUGHTER/msasl_daughter_ASL_Daughter__aug_slight_rotation.mp4,DAUGHTER
DAUGHTER/msasl_daughter_ASL_Daughter__aug_temporal.mp4,DAUGHTER
DAUGHTER/msasl_daughter_ASL_FAMILY.mp4,DAUGHTER
DAUGHTER/msasl_daughter_ASL_FAMILY_aug_brightness_contrast.mp4,DAUGHTER
DAUGHTER/msasl_daughter_ASL_FAMILY_aug_horizontal_flip.mp4,DAUGHTER
DAUGHTER/msasl_daughter_ASL_FAMILY_aug_slight_rotation.mp4,DAUGHTER
DAUGHTER/msasl_daughter_ASL_FAMILY_aug_temporal.mp4,DAUGHTER
DAUGHTER/msasl_daughter_ASL_I_-_Unit_5_Vocabulary_Review.mp4,DAUGHTER
DAUGHTER/msasl_daughter_ASL_I_-_Unit_5_Vocabulary_Review_aug_brightness_contrast.mp4,DAUGHTER
DAUGHTER/msasl_daughter_ASL_I_-_Unit_5_Vocabulary_Review_aug_horizontal_flip.mp4,DAUGHTER
DAUGHTER/msasl_daughter_ASL_I_-_Unit_5_Vocabulary_Review_aug_slight_rotation.mp4,DAUGHTER
DAUGHTER/msasl_daughter_ASL_I_-_Unit_5_Vocabulary_Review_aug_temporal.mp4,DAUGHTER
DAUGHTER/msasl_daughter_ASL_Signs_for_family_and_basic_school_related_words.mp4,DAUGHTER
DAUGHTER/msasl_daughter_ASL_Signs_for_family_and_basic_school_related_words_aug_brightness_contrast.mp4,DAUGHTER
DAUGHTER/msasl_daughter_ASL_Signs_for_family_and_basic_school_related_words_aug_horizontal_flip.mp4,DAUGHTER
DAUGHTER/msasl_daughter_ASL_Signs_for_family_and_basic_school_related_words_aug_slight_rotation.mp4,DAUGHTER
DAUGHTER/msasl_daughter_ASL_Signs_for_family_and_basic_school_related_words_aug_temporal.mp4,DAUGHTER
DAUGHTER/msasl_daughter_American_Sign_Language_(ASL)_Family_Signs_-_Part_One.mp4.webm,DAUGHTER
DAUGHTER/msasl_daughter_American_Sign_Language_(ASL)_Family_Signs_-_Part_One.mp4_aug_brightness_contrast.mp4,DAUGHTER
DAUGHTER/msasl_daughter_American_Sign_Language_(ASL)_Family_Signs_-_Part_One.mp4_aug_horizontal_flip.mp4,DAUGHTER
DAUGHTER/msasl_daughter_American_Sign_Language_(ASL)_Family_Signs_-_Part_One.mp4_aug_slight_rotation.mp4,DAUGHTER
DAUGHTER/msasl_daughter_American_Sign_Language_(ASL)_Family_Signs_-_Part_One.mp4_aug_temporal.mp4,DAUGHTER
DAUGHTER/msasl_daughter_Asl_1_Unit_2_Vocab.mp4.mkv,DAUGHTER
DAUGHTER/msasl_daughter_Asl_1_Unit_2_Vocab.mp4_aug_brightness_contrast.mp4,DAUGHTER
DAUGHTER/msasl_daughter_Asl_1_Unit_2_Vocab.mp4_aug_horizontal_flip.mp4,DAUGHTER
DAUGHTER/msasl_daughter_Asl_1_Unit_2_Vocab.mp4_aug_slight_rotation.mp4,DAUGHTER
DAUGHTER/msasl_daughter_Asl_1_Unit_2_Vocab.mp4_aug_temporal.mp4,DAUGHTER
DAUGHTER/msasl_daughter_DAUGHTER(1).mp4,DAUGHTER
DAUGHTER/msasl_daughter_DAUGHTER(1)_aug_brightness_contrast.mp4,DAUGHTER
DAUGHTER/msasl_daughter_DAUGHTER(1)_aug_horizontal_flip.mp4,DAUGHTER
DAUGHTER/msasl_daughter_DAUGHTER(1)_aug_slight_rotation.mp4,DAUGHTER
DAUGHTER/msasl_daughter_DAUGHTER(1)_aug_temporal.mp4,DAUGHTER
DAUGHTER/msasl_daughter_DAUGHTER_(alternative).mp4.webm,DAUGHTER
DAUGHTER/msasl_daughter_DAUGHTER_(alternative).mp4_aug_brightness_contrast.mp4,DAUGHTER
DAUGHTER/msasl_daughter_DAUGHTER_(alternative).mp4_aug_horizontal_flip.mp4,DAUGHTER
DAUGHTER/msasl_daughter_DAUGHTER_(alternative).mp4_aug_slight_rotation.mp4,DAUGHTER
DAUGHTER/msasl_daughter_DAUGHTER_(alternative).mp4_aug_temporal.mp4,DAUGHTER
DAUGHTER/msasl_daughter_Family_Signs_in_ASL_-_American_Sign_Language.mp4.webm,DAUGHTER
DAUGHTER/msasl_daughter_Family_Signs_in_ASL_-_American_Sign_Language.mp4_aug_brightness_contrast.mp4,DAUGHTER
DAUGHTER/msasl_daughter_Family_Signs_in_ASL_-_American_Sign_Language.mp4_aug_horizontal_flip.mp4,DAUGHTER
DAUGHTER/msasl_daughter_Family_Signs_in_ASL_-_American_Sign_Language.mp4_aug_slight_rotation.mp4,DAUGHTER
DAUGHTER/msasl_daughter_Family_Signs_in_ASL_-_American_Sign_Language.mp4_aug_temporal.mp4,DAUGHTER
DAUGHTER/msasl_daughter_Family_Voc_Unit.mp4.mkv,DAUGHTER
DAUGHTER/msasl_daughter_Family_Voc_Unit.mp4_aug_brightness_contrast.mp4,DAUGHTER
DAUGHTER/msasl_daughter_Family_Voc_Unit.mp4_aug_horizontal_flip.mp4,DAUGHTER
DAUGHTER/msasl_daughter_Family_Voc_Unit.mp4_aug_slight_rotation.mp4,DAUGHTER
DAUGHTER/msasl_daughter_Family_Voc_Unit.mp4_aug_temporal.mp4,DAUGHTER
DAUGHTER/msasl_daughter_Family_Vocabulary.mp4.mkv,DAUGHTER
DAUGHTER/msasl_daughter_Family_Vocabulary.mp4_aug_brightness_contrast.mp4,DAUGHTER
DAUGHTER/msasl_daughter_Family_Vocabulary.mp4_aug_horizontal_flip.mp4,DAUGHTER
DAUGHTER/msasl_daughter_Family_Vocabulary.mp4_aug_slight_rotation.mp4,DAUGHTER
DAUGHTER/msasl_daughter_Family_Vocabulary.mp4_aug_temporal.mp4,DAUGHTER
DAUGHTER/msasl_daughter_Lesson_2_Vocabulary_-_A_Basic_Course_(ABC)_in_ASL.mp4.mkv,DAUGHTER
DAUGHTER/msasl_daughter_Lesson_2_Vocabulary_-_A_Basic_Course_(ABC)_in_ASL.mp4_aug_brightness_contrast.mp4,DAUGHTER
DAUGHTER/msasl_daughter_Lesson_2_Vocabulary_-_A_Basic_Course_(ABC)_in_ASL.mp4_aug_horizontal_flip.mp4,DAUGHTER
DAUGHTER/msasl_daughter_Lesson_2_Vocabulary_-_A_Basic_Course_(ABC)_in_ASL.mp4_aug_slight_rotation.mp4,DAUGHTER
DAUGHTER/msasl_daughter_Lesson_2_Vocabulary_-_A_Basic_Course_(ABC)_in_ASL.mp4_aug_temporal.mp4,DAUGHTER
DAUGHTER/msasl_daughter_Mary_Did_You_Know_ASL_vocabulary.mp4,DAUGHTER
DAUGHTER/msasl_daughter_Mary_Did_You_Know_ASL_vocabulary_aug_brightness_contrast.mp4,DAUGHTER
DAUGHTER/msasl_daughter_Mary_Did_You_Know_ASL_vocabulary_aug_horizontal_flip.mp4,DAUGHTER
DAUGHTER/msasl_daughter_Mary_Did_You_Know_ASL_vocabulary_aug_slight_rotation.mp4,DAUGHTER
DAUGHTER/msasl_daughter_Mary_Did_You_Know_ASL_vocabulary_aug_temporal.mp4,DAUGHTER
DAUGHTER/msasl_daughter_Mastering_ASL_Unit_4_Vocabulary_signed_by_Dr_Wooten.mp4.mkv,DAUGHTER
DAUGHTER/msasl_daughter_Mastering_ASL_Unit_4_Vocabulary_signed_by_Dr_Wooten.mp4_aug_brightness_contrast.mp4,DAUGHTER
DAUGHTER/msasl_daughter_Mastering_ASL_Unit_4_Vocabulary_signed_by_Dr_Wooten.mp4_aug_horizontal_flip.mp4,DAUGHTER
DAUGHTER/msasl_daughter_Mastering_ASL_Unit_4_Vocabulary_signed_by_Dr_Wooten.mp4_aug_slight_rotation.mp4,DAUGHTER
DAUGHTER/msasl_daughter_Mastering_ASL_Unit_4_Vocabulary_signed_by_Dr_Wooten.mp4_aug_temporal.mp4,DAUGHTER
DAUGHTER/msasl_daughter_Sign_DAUGHTER.mp4.mkv,DAUGHTER
DAUGHTER/msasl_daughter_Sign_DAUGHTER.mp4_aug_brightness_contrast.mp4,DAUGHTER
DAUGHTER/msasl_daughter_Sign_DAUGHTER.mp4_aug_horizontal_flip.mp4,DAUGHTER
DAUGHTER/msasl_daughter_Sign_DAUGHTER.mp4_aug_slight_rotation.mp4,DAUGHTER
DAUGHTER/msasl_daughter_Sign_DAUGHTER.mp4_aug_temporal.mp4,DAUGHTER
DAUGHTER/msasl_daughter_Unit_08_Vocabulary.mp4.webm,DAUGHTER
DAUGHTER/msasl_daughter_Unit_08_Vocabulary.mp4_aug_brightness_contrast.mp4,DAUGHTER
DAUGHTER/msasl_daughter_Unit_08_Vocabulary.mp4_aug_horizontal_flip.mp4,DAUGHTER
DAUGHTER/msasl_daughter_Unit_08_Vocabulary.mp4_aug_slight_rotation.mp4,DAUGHTER
DAUGHTER/msasl_daughter_Unit_08_Vocabulary.mp4_aug_temporal.mp4,DAUGHTER
DAUGHTER/msasl_daughter_Unit_4_Family_Signs_Part_1_Members.mp4.mkv,DAUGHTER
DAUGHTER/msasl_daughter_Unit_4_Family_Signs_Part_1_Members.mp4_aug_brightness_contrast.mp4,DAUGHTER
DAUGHTER/msasl_daughter_Unit_4_Family_Signs_Part_1_Members.mp4_aug_horizontal_flip.mp4,DAUGHTER
DAUGHTER/msasl_daughter_Unit_4_Family_Signs_Part_1_Members.mp4_aug_slight_rotation.mp4,DAUGHTER
DAUGHTER/msasl_daughter_Unit_4_Family_Signs_Part_1_Members.mp4_aug_temporal.mp4,DAUGHTER
DAUGHTER/msasl_daughter_Unit_4_vocabulary_pg_1-3.mp4,DAUGHTER
DAUGHTER/msasl_daughter_Unit_4_vocabulary_pg_1-3_aug_brightness_contrast.mp4,DAUGHTER
DAUGHTER/msasl_daughter_Unit_4_vocabulary_pg_1-3_aug_horizontal_flip.mp4,DAUGHTER
DAUGHTER/msasl_daughter_Unit_4_vocabulary_pg_1-3_aug_slight_rotation.mp4,DAUGHTER
DAUGHTER/msasl_daughter_Unit_4_vocabulary_pg_1-3_aug_temporal.mp4,DAUGHTER
DAUGHTER/msasl_daughter_Unit_8.mp4.mkv,DAUGHTER
DAUGHTER/msasl_daughter_Unit_8.mp4_aug_brightness_contrast.mp4,DAUGHTER
DAUGHTER/msasl_daughter_Unit_8.mp4_aug_horizontal_flip.mp4,DAUGHTER
DAUGHTER/msasl_daughter_Unit_8.mp4_aug_slight_rotation.mp4,DAUGHTER
DAUGHTER/msasl_daughter_Unit_8.mp4_aug_temporal.mp4,DAUGHTER
DAUGHTER/msasl_daughter_Unit_8_Vocabulary(1).mp4,DAUGHTER
DAUGHTER/msasl_daughter_Unit_8_Vocabulary(1)_aug_brightness_contrast.mp4,DAUGHTER
DAUGHTER/msasl_daughter_Unit_8_Vocabulary(1)_aug_horizontal_flip.mp4,DAUGHTER
DAUGHTER/msasl_daughter_Unit_8_Vocabulary(1)_aug_slight_rotation.mp4,DAUGHTER
DAUGHTER/msasl_daughter_Unit_8_Vocabulary(1)_aug_temporal.mp4,DAUGHTER
DAUGHTER/wlasl_14749.mp4,DAUGHTER
DAUGHTER/wlasl_14749_aug_brightness_contrast.mp4,DAUGHTER
DAUGHTER/wlasl_14749_aug_horizontal_flip.mp4,DAUGHTER
DAUGHTER/wlasl_14749_aug_slight_rotation.mp4,DAUGHTER
DAUGHTER/wlasl_14749_aug_temporal.mp4,DAUGHTER
DAUGHTER/wlasl_14750.mp4,DAUGHTER
DAUGHTER/wlasl_14750_aug_brightness_contrast.mp4,DAUGHTER
DAUGHTER/wlasl_14750_aug_horizontal_flip.mp4,DAUGHTER
DAUGHTER/wlasl_14750_aug_slight_rotation.mp4,DAUGHTER
DAUGHTER/wlasl_14750_aug_temporal.mp4,DAUGHTER
DAUGHTER/wlasl_14751.mp4,DAUGHTER
DAUGHTER/wlasl_14751_aug_brightness_contrast.mp4,DAUGHTER
DAUGHTER/wlasl_14751_aug_horizontal_flip.mp4,DAUGHTER
DAUGHTER/wlasl_14751_aug_slight_rotation.mp4,DAUGHTER
DAUGHTER/wlasl_14751_aug_temporal.mp4,DAUGHTER
DAUGHTER/wlasl_14752.mp4,DAUGHTER
DAUGHTER/wlasl_14752_aug_brightness_contrast.mp4,DAUGHTER
DAUGHTER/wlasl_14752_aug_horizontal_flip.mp4,DAUGHTER
DAUGHTER/wlasl_14752_aug_slight_rotation.mp4,DAUGHTER
DAUGHTER/wlasl_14752_aug_temporal.mp4,DAUGHTER
DAUGHTER/wlasl_14753.mp4,DAUGHTER
DAUGHTER/wlasl_14753_aug_brightness_contrast.mp4,DAUGHTER
DAUGHTER/wlasl_14753_aug_horizontal_flip.mp4,DAUGHTER
DAUGHTER/wlasl_14753_aug_slight_rotation.mp4,DAUGHTER
DAUGHTER/wlasl_14753_aug_temporal.mp4,DAUGHTER
DAUGHTER/wlasl_14755.mp4,DAUGHTER
DAUGHTER/wlasl_14755_aug_brightness_contrast.mp4,DAUGHTER
DAUGHTER/wlasl_14755_aug_horizontal_flip.mp4,DAUGHTER
DAUGHTER/wlasl_14755_aug_slight_rotation.mp4,DAUGHTER
DAUGHTER/wlasl_14755_aug_temporal.mp4,DAUGHTER
DAUGHTER/wlasl_14756.mp4,DAUGHTER
DAUGHTER/wlasl_14756_aug_brightness_contrast.mp4,DAUGHTER
DAUGHTER/wlasl_14756_aug_horizontal_flip.mp4,DAUGHTER
DAUGHTER/wlasl_14756_aug_slight_rotation.mp4,DAUGHTER
DAUGHTER/wlasl_14756_aug_temporal.mp4,DAUGHTER
DAUGHTER/wlasl_14757.mp4,DAUGHTER
DAUGHTER/wlasl_14757_aug_brightness_contrast.mp4,DAUGHTER
DAUGHTER/wlasl_14757_aug_horizontal_flip.mp4,DAUGHTER
DAUGHTER/wlasl_14757_aug_slight_rotation.mp4,DAUGHTER
DAUGHTER/wlasl_14757_aug_temporal.mp4,DAUGHTER
DAY/ASLLVD_DAY__ASL_2008_01_18_scene12-2125-2160_camera1.mov,DAY
DAY/ASLLVD_DAY__ASL_2008_01_18_scene12-2125-2160_camera1_aug_brightness_contrast.mp4,DAY
DAY/ASLLVD_DAY__ASL_2008_01_18_scene12-2125-2160_camera1_aug_horizontal_flip.mp4,DAY
DAY/ASLLVD_DAY__ASL_2008_01_18_scene12-2125-2160_camera1_aug_slight_rotation.mp4,DAY
DAY/ASLLVD_DAY__ASL_2008_01_18_scene12-2125-2160_camera1_aug_temporal.mp4,DAY
DAY/ASLLVD_DAY__ASL_2008_05_12_scene12-2430-2460_camera1.mov,DAY
DAY/ASLLVD_DAY__ASL_2008_05_12_scene12-2430-2460_camera1_aug_brightness_contrast.mp4,DAY
DAY/ASLLVD_DAY__ASL_2008_05_12_scene12-2430-2460_camera1_aug_horizontal_flip.mp4,DAY
DAY/ASLLVD_DAY__ASL_2008_05_12_scene12-2430-2460_camera1_aug_slight_rotation.mp4,DAY
DAY/ASLLVD_DAY__ASL_2008_05_12_scene12-2430-2460_camera1_aug_temporal.mp4,DAY
DAY/ASLLVD_DAY__ASL_2008_08_06_scene12-2295-2317_camera1.mov,DAY
DAY/ASLLVD_DAY__ASL_2008_08_06_scene12-2295-2317_camera1_aug_brightness_contrast.mp4,DAY
DAY/ASLLVD_DAY__ASL_2008_08_06_scene12-2295-2317_camera1_aug_horizontal_flip.mp4,DAY
DAY/ASLLVD_DAY__ASL_2008_08_06_scene12-2295-2317_camera1_aug_slight_rotation.mp4,DAY
DAY/ASLLVD_DAY__ASL_2008_08_06_scene12-2295-2317_camera1_aug_temporal.mp4,DAY
DAY/ASLLVD_DAY__ASL_2011_06_08_scene32-8367-8384_camera1.mov,DAY
DAY/ASLLVD_DAY__ASL_2011_06_08_scene32-8367-8384_camera1_aug_brightness_contrast.mp4,DAY
DAY/ASLLVD_DAY__ASL_2011_06_08_scene32-8367-8384_camera1_aug_horizontal_flip.mp4,DAY
DAY/ASLLVD_DAY__ASL_2011_06_08_scene32-8367-8384_camera1_aug_slight_rotation.mp4,DAY
DAY/ASLLVD_DAY__ASL_2011_06_08_scene32-8367-8384_camera1_aug_temporal.mp4,DAY
DAY/desktop.ini,DAY
DAY/desktop_aug_brightness_contrast.mp4,DAY
DAY/desktop_aug_horizontal_flip.mp4,DAY
DAY/desktop_aug_slight_rotation.mp4,DAY
DAY/desktop_aug_temporal.mp4,DAY
DAY/msasl_day_ASL1_Class_11_New_SIGNS.mp4.mkv,DAY
DAY/msasl_day_ASL1_Class_11_New_SIGNS.mp4_aug_brightness_contrast.mp4,DAY
DAY/msasl_day_ASL1_Class_11_New_SIGNS.mp4_aug_horizontal_flip.mp4,DAY
DAY/msasl_day_ASL1_Class_11_New_SIGNS.mp4_aug_slight_rotation.mp4,DAY
DAY/msasl_day_ASL1_Class_11_New_SIGNS.mp4_aug_temporal.mp4,DAY
DAY/msasl_day_ASL_1_Final_Vocabulary.mp4.mkv,DAY
DAY/msasl_day_ASL_1_Final_Vocabulary.mp4_aug_brightness_contrast.mp4,DAY
DAY/msasl_day_ASL_1_Final_Vocabulary.mp4_aug_horizontal_flip.mp4,DAY
DAY/msasl_day_ASL_1_Final_Vocabulary.mp4_aug_slight_rotation.mp4,DAY
DAY/msasl_day_ASL_1_Final_Vocabulary.mp4_aug_temporal.mp4,DAY
DAY/msasl_day_ASL_1_Set_1_Supplemental_Vocabulary.mp4.mkv,DAY
DAY/msasl_day_ASL_1_Set_1_Supplemental_Vocabulary.mp4_aug_brightness_contrast.mp4,DAY
DAY/msasl_day_ASL_1_Set_1_Supplemental_Vocabulary.mp4_aug_horizontal_flip.mp4,DAY
DAY/msasl_day_ASL_1_Set_1_Supplemental_Vocabulary.mp4_aug_slight_rotation.mp4,DAY
DAY/msasl_day_ASL_1_Set_1_Supplemental_Vocabulary.mp4_aug_temporal.mp4,DAY
DAY/msasl_day_ASL_Day_.mp4,DAY
DAY/msasl_day_ASL_Day__aug_brightness_contrast.mp4,DAY
DAY/msasl_day_ASL_Day__aug_horizontal_flip.mp4,DAY
DAY/msasl_day_ASL_Day__aug_slight_rotation.mp4,DAY
DAY/msasl_day_ASL_Day__aug_temporal.mp4,DAY
DAY/msasl_day_ASL_Time.mp4,DAY
DAY/msasl_day_ASL_Time_aug_brightness_contrast.mp4,DAY
DAY/msasl_day_ASL_Time_aug_horizontal_flip.mp4,DAY
DAY/msasl_day_ASL_Time_aug_slight_rotation.mp4,DAY
DAY/msasl_day_ASL_Time_aug_temporal.mp4,DAY
DAY/msasl_day_ASL_Weekday.mp4.webm,DAY
DAY/msasl_day_ASL_Weekday.mp4_aug_brightness_contrast.mp4,DAY
DAY/msasl_day_ASL_Weekday.mp4_aug_horizontal_flip.mp4,DAY
DAY/msasl_day_ASL_Weekday.mp4_aug_slight_rotation.mp4,DAY
DAY/msasl_day_ASL_Weekday.mp4_aug_temporal.mp4,DAY
DAY/msasl_day_Amazing_Grace.mp4,DAY
DAY/msasl_day_Amazing_Grace_aug_brightness_contrast.mp4,DAY
DAY/msasl_day_Amazing_Grace_aug_horizontal_flip.mp4,DAY
DAY/msasl_day_Amazing_Grace_aug_slight_rotation.mp4,DAY
DAY/msasl_day_Amazing_Grace_aug_temporal.mp4,DAY
DAY/msasl_day_Aug_to_Oct_Voc_Captions.mp4.mkv,DAY
DAY/msasl_day_Aug_to_Oct_Voc_Captions.mp4_aug_brightness_contrast.mp4,DAY
DAY/msasl_day_Aug_to_Oct_Voc_Captions.mp4_aug_horizontal_flip.mp4,DAY
DAY/msasl_day_Aug_to_Oct_Voc_Captions.mp4_aug_slight_rotation.mp4,DAY
DAY/msasl_day_Aug_to_Oct_Voc_Captions.mp4_aug_temporal.mp4,DAY
DAY/msasl_day_DAY_(ALL_DAY).mp4.mkv,DAY
DAY/msasl_day_DAY_(ALL_DAY).mp4_aug_brightness_contrast.mp4,DAY
DAY/msasl_day_DAY_(ALL_DAY).mp4_aug_horizontal_flip.mp4,DAY
DAY/msasl_day_DAY_(ALL_DAY).mp4_aug_slight_rotation.mp4,DAY
DAY/msasl_day_DAY_(ALL_DAY).mp4_aug_temporal.mp4,DAY
DAY/msasl_day_Day.mp4.mkv,DAY
DAY/msasl_day_Day.mp4_aug_brightness_contrast.mp4,DAY
DAY/msasl_day_Day.mp4_aug_horizontal_flip.mp4,DAY
DAY/msasl_day_Day.mp4_aug_slight_rotation.mp4,DAY
DAY/msasl_day_Day.mp4_aug_temporal.mp4,DAY
DAY/msasl_day_How_to_Sign_Happy_Mothers_Day_in_Sign_Language_MOTHERS_DAY_2017.mp4.mkv,DAY
DAY/msasl_day_How_to_Sign_Happy_Mothers_Day_in_Sign_Language_MOTHERS_DAY_2017.mp4_aug_brightness_contrast.mp4,DAY
DAY/msasl_day_How_to_Sign_Happy_Mothers_Day_in_Sign_Language_MOTHERS_DAY_2017.mp4_aug_horizontal_flip.mp4,DAY
DAY/msasl_day_How_to_Sign_Happy_Mothers_Day_in_Sign_Language_MOTHERS_DAY_2017.mp4_aug_slight_rotation.mp4,DAY
DAY/msasl_day_How_to_Sign_Happy_Mothers_Day_in_Sign_Language_MOTHERS_DAY_2017.mp4_aug_temporal.mp4,DAY
DAY/msasl_day_LASL_-_Ch_6_Vocab.mp4.mkv,DAY
DAY/msasl_day_LASL_-_Ch_6_Vocab.mp4_aug_brightness_contrast.mp4,DAY
DAY/msasl_day_LASL_-_Ch_6_Vocab.mp4_aug_horizontal_flip.mp4,DAY
DAY/msasl_day_LASL_-_Ch_6_Vocab.mp4_aug_slight_rotation.mp4,DAY
DAY/msasl_day_LASL_-_Ch_6_Vocab.mp4_aug_temporal.mp4,DAY
DAY/msasl_day_Lesson_5_Vocabulary_-_A_Basic_Course_(ABC)_in_ASL.mp4.mkv,DAY
DAY/msasl_day_Lesson_5_Vocabulary_-_A_Basic_Course_(ABC)_in_ASL.mp4_aug_brightness_contrast.mp4,DAY
DAY/msasl_day_Lesson_5_Vocabulary_-_A_Basic_Course_(ABC)_in_ASL.mp4_aug_horizontal_flip.mp4,DAY
DAY/msasl_day_Lesson_5_Vocabulary_-_A_Basic_Course_(ABC)_in_ASL.mp4_aug_slight_rotation.mp4,DAY
DAY/msasl_day_Lesson_5_Vocabulary_-_A_Basic_Course_(ABC)_in_ASL.mp4_aug_temporal.mp4,DAY
DAY/msasl_day_Mary_Did_You_Know_ASL_vocabulary.mp4,DAY
DAY/msasl_day_Mary_Did_You_Know_ASL_vocabulary_aug_brightness_contrast.mp4,DAY
DAY/msasl_day_Mary_Did_You_Know_ASL_vocabulary_aug_horizontal_flip.mp4,DAY
DAY/msasl_day_Mary_Did_You_Know_ASL_vocabulary_aug_slight_rotation.mp4,DAY
DAY/msasl_day_Mary_Did_You_Know_ASL_vocabulary_aug_temporal.mp4,DAY
DAY/msasl_day_Signing_Naturally_Unit_4_Vocabulary.mp4.mkv,DAY
DAY/msasl_day_Signing_Naturally_Unit_4_Vocabulary.mp4_aug_brightness_contrast.mp4,DAY
DAY/msasl_day_Signing_Naturally_Unit_4_Vocabulary.mp4_aug_horizontal_flip.mp4,DAY
DAY/msasl_day_Signing_Naturally_Unit_4_Vocabulary.mp4_aug_slight_rotation.mp4,DAY
DAY/msasl_day_Signing_Naturally_Unit_4_Vocabulary.mp4_aug_temporal.mp4,DAY
DAY/msasl_day_The_First_100_Signs_You_Need_to_Know.mp4.webm,DAY
DAY/msasl_day_The_First_100_Signs_You_Need_to_Know.mp4_aug_brightness_contrast.mp4,DAY
DAY/msasl_day_The_First_100_Signs_You_Need_to_Know.mp4_aug_horizontal_flip.mp4,DAY
DAY/msasl_day_The_First_100_Signs_You_Need_to_Know.mp4_aug_slight_rotation.mp4,DAY
DAY/msasl_day_The_First_100_Signs_You_Need_to_Know.mp4_aug_temporal.mp4,DAY
DAY/msasl_day_Time_Day_Voc.mp4.mkv,DAY
DAY/msasl_day_Time_Day_Voc.mp4_aug_brightness_contrast.mp4,DAY
DAY/msasl_day_Time_Day_Voc.mp4_aug_horizontal_flip.mp4,DAY
DAY/msasl_day_Time_Day_Voc.mp4_aug_slight_rotation.mp4,DAY
DAY/msasl_day_Time_Day_Voc.mp4_aug_temporal.mp4,DAY
DAY/msasl_day_UNIT_13_Vocabulary_-_turn_on_CC_-_Time_Days_of_the_Week_-_ASL_American_Sign_Language.mp4,DAY
DAY/msasl_day_UNIT_13_Vocabulary_-_turn_on_CC_-_Time_Days_of_the_Week_-_ASL_American_Sign_Language_aug_brightness_contrast.mp4,DAY
DAY/msasl_day_UNIT_13_Vocabulary_-_turn_on_CC_-_Time_Days_of_the_Week_-_ASL_American_Sign_Language_aug_horizontal_flip.mp4,DAY
DAY/msasl_day_UNIT_13_Vocabulary_-_turn_on_CC_-_Time_Days_of_the_Week_-_ASL_American_Sign_Language_aug_slight_rotation.mp4,DAY
DAY/msasl_day_UNIT_13_Vocabulary_-_turn_on_CC_-_Time_Days_of_the_Week_-_ASL_American_Sign_Language_aug_temporal.mp4,DAY
DAY/msasl_day_Unit_06_Vocabulary.mp4.webm,DAY
DAY/msasl_day_Unit_06_Vocabulary.mp4_aug_brightness_contrast.mp4,DAY
DAY/msasl_day_Unit_06_Vocabulary.mp4_aug_horizontal_flip.mp4,DAY
DAY/msasl_day_Unit_06_Vocabulary.mp4_aug_slight_rotation.mp4,DAY
DAY/msasl_day_Unit_06_Vocabulary.mp4_aug_temporal.mp4,DAY
DAY/msasl_day_Unit_1_Vocabulary.mp4.mkv,DAY
DAY/msasl_day_Unit_1_Vocabulary.mp4_aug_brightness_contrast.mp4,DAY
DAY/msasl_day_Unit_1_Vocabulary.mp4_aug_horizontal_flip.mp4,DAY
DAY/msasl_day_Unit_1_Vocabulary.mp4_aug_slight_rotation.mp4,DAY
DAY/msasl_day_Unit_1_Vocabulary.mp4_aug_temporal.mp4,DAY
DAY/msasl_day_Unit_2_Vocabulary_(Part_3)_(rev_2018).mp4,DAY
DAY/msasl_day_Unit_2_Vocabulary_(Part_3)_(rev_2018)_aug_brightness_contrast.mp4,DAY
DAY/msasl_day_Unit_2_Vocabulary_(Part_3)_(rev_2018)_aug_horizontal_flip.mp4,DAY
DAY/msasl_day_Unit_2_Vocabulary_(Part_3)_(rev_2018)_aug_slight_rotation.mp4,DAY
DAY/msasl_day_Unit_2_Vocabulary_(Part_3)_(rev_2018)_aug_temporal.mp4,DAY
DAY/msasl_day_Unit_2_Vocabulary_ASL_Level_1_-_American_Sign_Language.mp4.webm,DAY
DAY/msasl_day_Unit_2_Vocabulary_ASL_Level_1_-_American_Sign_Language.mp4_aug_brightness_contrast.mp4,DAY
DAY/msasl_day_Unit_2_Vocabulary_ASL_Level_1_-_American_Sign_Language.mp4_aug_horizontal_flip.mp4,DAY
DAY/msasl_day_Unit_2_Vocabulary_ASL_Level_1_-_American_Sign_Language.mp4_aug_slight_rotation.mp4,DAY
DAY/msasl_day_Unit_2_Vocabulary_ASL_Level_1_-_American_Sign_Language.mp4_aug_temporal.mp4,DAY
DAY/msasl_day_Unit_6_Vocabularymp4.mp4.mkv,DAY
DAY/msasl_day_Unit_6_Vocabularymp4.mp4_aug_brightness_contrast.mp4,DAY
DAY/msasl_day_Unit_6_Vocabularymp4.mp4_aug_horizontal_flip.mp4,DAY
DAY/msasl_day_Unit_6_Vocabularymp4.mp4_aug_slight_rotation.mp4,DAY
DAY/msasl_day_Unit_6_Vocabularymp4.mp4_aug_temporal.mp4,DAY
DAY/msasl_day_Useful_vocab.mp4,DAY
DAY/msasl_day_Useful_vocab_aug_brightness_contrast.mp4,DAY
DAY/msasl_day_Useful_vocab_aug_horizontal_flip.mp4,DAY
DAY/msasl_day_Useful_vocab_aug_slight_rotation.mp4,DAY
DAY/msasl_day_Useful_vocab_aug_temporal.mp4,DAY
DAY/msasl_day_day_-_ASL_sign_for_day.mp4.webm,DAY
DAY/msasl_day_day_-_ASL_sign_for_day.mp4_aug_brightness_contrast.mp4,DAY
DAY/msasl_day_day_-_ASL_sign_for_day.mp4_aug_horizontal_flip.mp4,DAY
DAY/msasl_day_day_-_ASL_sign_for_day.mp4_aug_slight_rotation.mp4,DAY
DAY/msasl_day_day_-_ASL_sign_for_day.mp4_aug_temporal.mp4,DAY
DAY/wlasl_14792.mp4,DAY
DAY/wlasl_14792_aug_brightness_contrast.mp4,DAY
DAY/wlasl_14792_aug_horizontal_flip.mp4,DAY
DAY/wlasl_14792_aug_slight_rotation.mp4,DAY
DAY/wlasl_14792_aug_temporal.mp4,DAY
DAY/wlasl_14793.mp4,DAY
DAY/wlasl_14793_aug_brightness_contrast.mp4,DAY
DAY/wlasl_14793_aug_horizontal_flip.mp4,DAY
DAY/wlasl_14793_aug_slight_rotation.mp4,DAY
DAY/wlasl_14793_aug_temporal.mp4,DAY
DAY/wlasl_14794.mp4,DAY
DAY/wlasl_14794_aug_brightness_contrast.mp4,DAY
DAY/wlasl_14794_aug_horizontal_flip.mp4,DAY
DAY/wlasl_14794_aug_slight_rotation.mp4,DAY
DAY/wlasl_14794_aug_temporal.mp4,DAY
DAY/wlasl_14795.mp4,DAY
DAY/wlasl_14795_aug_brightness_contrast.mp4,DAY
DAY/wlasl_14795_aug_horizontal_flip.mp4,DAY
DAY/wlasl_14795_aug_slight_rotation.mp4,DAY
DAY/wlasl_14795_aug_temporal.mp4,DAY
DAY/wlasl_14796.mp4,DAY
DAY/wlasl_14796_aug_brightness_contrast.mp4,DAY
DAY/wlasl_14796_aug_horizontal_flip.mp4,DAY
DAY/wlasl_14796_aug_slight_rotation.mp4,DAY
DAY/wlasl_14796_aug_temporal.mp4,DAY
DAY/wlasl_14799.mp4,DAY
DAY/wlasl_14799_aug_brightness_contrast.mp4,DAY
DAY/wlasl_14799_aug_horizontal_flip.mp4,DAY
DAY/wlasl_14799_aug_slight_rotation.mp4,DAY
DAY/wlasl_14799_aug_temporal.mp4,DAY
DAY/wlasl_69291.mp4,DAY
DAY/wlasl_69291_aug_brightness_contrast.mp4,DAY
DAY/wlasl_69291_aug_horizontal_flip.mp4,DAY
DAY/wlasl_69291_aug_slight_rotation.mp4,DAY
DAY/wlasl_69291_aug_temporal.mp4,DAY
DOOR/ASLLVD_DOOR__ASL_2006_10_10_scene7-2779-2817_camera1.mov,DOOR
DOOR/ASLLVD_DOOR__ASL_2006_10_10_scene7-2779-2817_camera1_aug_brightness_contrast.mp4,DOOR
DOOR/ASLLVD_DOOR__ASL_2006_10_10_scene7-2779-2817_camera1_aug_horizontal_flip.mp4,DOOR
DOOR/ASLLVD_DOOR__ASL_2006_10_10_scene7-2779-2817_camera1_aug_slight_rotation.mp4,DOOR
DOOR/ASLLVD_DOOR__ASL_2006_10_10_scene7-2779-2817_camera1_aug_temporal.mp4,DOOR
DOOR/ASLLVD_DOOR__ASL_2007_05_24_scene11-2980-3057_camera1.mov,DOOR
DOOR/ASLLVD_DOOR__ASL_2007_05_24_scene11-2980-3057_camera1_aug_brightness_contrast.mp4,DOOR
DOOR/ASLLVD_DOOR__ASL_2007_05_24_scene11-2980-3057_camera1_aug_horizontal_flip.mp4,DOOR
DOOR/ASLLVD_DOOR__ASL_2007_05_24_scene11-2980-3057_camera1_aug_slight_rotation.mp4,DOOR
DOOR/ASLLVD_DOOR__ASL_2007_05_24_scene11-2980-3057_camera1_aug_temporal.mp4,DOOR
DOOR/ASLLVD_DOOR__ASL_2011_06_14_scene6-1146-1167_camera1.mov,DOOR
DOOR/ASLLVD_DOOR__ASL_2011_06_14_scene6-1146-1167_camera1_aug_brightness_contrast.mp4,DOOR
DOOR/ASLLVD_DOOR__ASL_2011_06_14_scene6-1146-1167_camera1_aug_horizontal_flip.mp4,DOOR
DOOR/ASLLVD_DOOR__ASL_2011_06_14_scene6-1146-1167_camera1_aug_slight_rotation.mp4,DOOR
DOOR/ASLLVD_DOOR__ASL_2011_06_14_scene6-1146-1167_camera1_aug_temporal.mp4,DOOR
DOOR/ASLLVD_DOOR__ASL_2011_06_14_scene6-1523-1564_camera1.mov,DOOR
DOOR/ASLLVD_DOOR__ASL_2011_06_14_scene6-1523-1564_camera1_aug_brightness_contrast.mp4,DOOR
DOOR/ASLLVD_DOOR__ASL_2011_06_14_scene6-1523-1564_camera1_aug_horizontal_flip.mp4,DOOR
DOOR/ASLLVD_DOOR__ASL_2011_06_14_scene6-1523-1564_camera1_aug_slight_rotation.mp4,DOOR
DOOR/ASLLVD_DOOR__ASL_2011_06_14_scene6-1523-1564_camera1_aug_temporal.mp4,DOOR
DOOR/desktop.ini,DOOR
DOOR/desktop_aug_brightness_contrast.mp4,DOOR
DOOR/desktop_aug_horizontal_flip.mp4,DOOR
DOOR/desktop_aug_slight_rotation.mp4,DOOR
DOOR/desktop_aug_temporal.mp4,DOOR
DOOR/msasl_door_ASL1_Class_8_New_SIGNS.mp4.mkv,DOOR
DOOR/msasl_door_ASL1_Class_8_New_SIGNS.mp4_aug_brightness_contrast.mp4,DOOR
DOOR/msasl_door_ASL1_Class_8_New_SIGNS.mp4_aug_horizontal_flip.mp4,DOOR
DOOR/msasl_door_ASL1_Class_8_New_SIGNS.mp4_aug_slight_rotation.mp4,DOOR
DOOR/msasl_door_ASL1_Class_8_New_SIGNS.mp4_aug_temporal.mp4,DOOR
DOOR/msasl_door_ASL_-_Classroom.mp4.mkv,DOOR
DOOR/msasl_door_ASL_-_Classroom.mp4_aug_brightness_contrast.mp4,DOOR
DOOR/msasl_door_ASL_-_Classroom.mp4_aug_horizontal_flip.mp4,DOOR
DOOR/msasl_door_ASL_-_Classroom.mp4_aug_slight_rotation.mp4,DOOR
DOOR/msasl_door_ASL_-_Classroom.mp4_aug_temporal.mp4,DOOR
DOOR/msasl_door_ASL_1_Unit_1_Vocabulary.mp4.mkv,DOOR
DOOR/msasl_door_ASL_1_Unit_1_Vocabulary.mp4_aug_brightness_contrast.mp4,DOOR
DOOR/msasl_door_ASL_1_Unit_1_Vocabulary.mp4_aug_horizontal_flip.mp4,DOOR
DOOR/msasl_door_ASL_1_Unit_1_Vocabulary.mp4_aug_slight_rotation.mp4,DOOR
DOOR/msasl_door_ASL_1_Unit_1_Vocabulary.mp4_aug_temporal.mp4,DOOR
DOOR/msasl_door_ASL_Door_.mp4,DOOR
DOOR/msasl_door_ASL_Door__aug_brightness_contrast.mp4,DOOR
DOOR/msasl_door_ASL_Door__aug_horizontal_flip.mp4,DOOR
DOOR/msasl_door_ASL_Door__aug_slight_rotation.mp4,DOOR
DOOR/msasl_door_ASL_Door__aug_temporal.mp4,DOOR
DOOR/msasl_door_ASL_I_-_Unit_1_Vocabulary.mp4,DOOR
DOOR/msasl_door_ASL_I_-_Unit_1_Vocabulary_aug_brightness_contrast.mp4,DOOR
DOOR/msasl_door_ASL_I_-_Unit_1_Vocabulary_aug_horizontal_flip.mp4,DOOR
DOOR/msasl_door_ASL_I_-_Unit_1_Vocabulary_aug_slight_rotation.mp4,DOOR
DOOR/msasl_door_ASL_I_-_Unit_1_Vocabulary_aug_temporal.mp4,DOOR
DOOR/msasl_door_ASL_I_-_Unit_2_-_Vocabulary.mp4,DOOR
DOOR/msasl_door_ASL_I_-_Unit_2_-_Vocabulary_aug_brightness_contrast.mp4,DOOR
DOOR/msasl_door_ASL_I_-_Unit_2_-_Vocabulary_aug_horizontal_flip.mp4,DOOR
DOOR/msasl_door_ASL_I_-_Unit_2_-_Vocabulary_aug_slight_rotation.mp4,DOOR
DOOR/msasl_door_ASL_I_-_Unit_2_-_Vocabulary_aug_temporal.mp4,DOOR
DOOR/msasl_door_ASL_school_vocab.mp4,DOOR
DOOR/msasl_door_ASL_school_vocab_aug_brightness_contrast.mp4,DOOR
DOOR/msasl_door_ASL_school_vocab_aug_horizontal_flip.mp4,DOOR
DOOR/msasl_door_ASL_school_vocab_aug_slight_rotation.mp4,DOOR
DOOR/msasl_door_ASL_school_vocab_aug_temporal.mp4,DOOR
DOOR/msasl_door_DOOR(2).mp4.mkv,DOOR
DOOR/msasl_door_DOOR(2).mp4_aug_brightness_contrast.mp4,DOOR
DOOR/msasl_door_DOOR(2).mp4_aug_horizontal_flip.mp4,DOOR
DOOR/msasl_door_DOOR(2).mp4_aug_slight_rotation.mp4,DOOR
DOOR/msasl_door_DOOR(2).mp4_aug_temporal.mp4,DOOR
DOOR/msasl_door_DOOR(3).mp4.webm,DOOR
DOOR/msasl_door_DOOR(3).mp4_aug_brightness_contrast.mp4,DOOR
DOOR/msasl_door_DOOR(3).mp4_aug_horizontal_flip.mp4,DOOR
DOOR/msasl_door_DOOR(3).mp4_aug_slight_rotation.mp4,DOOR
DOOR/msasl_door_DOOR(3).mp4_aug_temporal.mp4,DOOR
DOOR/msasl_door_DOOR.mp4,DOOR
DOOR/msasl_door_DOOR_aug_brightness_contrast.mp4,DOOR
DOOR/msasl_door_DOOR_aug_horizontal_flip.mp4,DOOR
DOOR/msasl_door_DOOR_aug_slight_rotation.mp4,DOOR
DOOR/msasl_door_DOOR_aug_temporal.mp4,DOOR
DOOR/msasl_door_Door.mp4.mkv,DOOR
DOOR/msasl_door_Door.mp4_aug_brightness_contrast.mp4,DOOR
DOOR/msasl_door_Door.mp4_aug_horizontal_flip.mp4,DOOR
DOOR/msasl_door_Door.mp4_aug_slight_rotation.mp4,DOOR
DOOR/msasl_door_Door.mp4_aug_temporal.mp4,DOOR
DOOR/msasl_door_First_100_Household_Items.mp4.mkv,DOOR
DOOR/msasl_door_First_100_Household_Items.mp4_aug_brightness_contrast.mp4,DOOR
DOOR/msasl_door_First_100_Household_Items.mp4_aug_horizontal_flip.mp4,DOOR
DOOR/msasl_door_First_100_Household_Items.mp4_aug_slight_rotation.mp4,DOOR
DOOR/msasl_door_First_100_Household_Items.mp4_aug_temporal.mp4,DOOR
DOOR/msasl_door_Furniture_Household_Items.mp4.mkv,DOOR
DOOR/msasl_door_Furniture_Household_Items.mp4_aug_brightness_contrast.mp4,DOOR
DOOR/msasl_door_Furniture_Household_Items.mp4_aug_horizontal_flip.mp4,DOOR
DOOR/msasl_door_Furniture_Household_Items.mp4_aug_slight_rotation.mp4,DOOR
DOOR/msasl_door_Furniture_Household_Items.mp4_aug_temporal.mp4,DOOR
DOOR/msasl_door_Furniture_and_Objects_Vocabulary_ASL_-_American_Sign_Language.mp4,DOOR
DOOR/msasl_door_Furniture_and_Objects_Vocabulary_ASL_-_American_Sign_Language_aug_brightness_contrast.mp4,DOOR
DOOR/msasl_door_Furniture_and_Objects_Vocabulary_ASL_-_American_Sign_Language_aug_horizontal_flip.mp4,DOOR
DOOR/msasl_door_Furniture_and_Objects_Vocabulary_ASL_-_American_Sign_Language_aug_slight_rotation.mp4,DOOR
DOOR/msasl_door_Furniture_and_Objects_Vocabulary_ASL_-_American_Sign_Language_aug_temporal.mp4,DOOR
DOOR/msasl_door_Introductions_B_Review.mp4.mkv,DOOR
DOOR/msasl_door_Introductions_B_Review.mp4_aug_brightness_contrast.mp4,DOOR
DOOR/msasl_door_Introductions_B_Review.mp4_aug_horizontal_flip.mp4,DOOR
DOOR/msasl_door_Introductions_B_Review.mp4_aug_slight_rotation.mp4,DOOR
DOOR/msasl_door_Introductions_B_Review.mp4_aug_temporal.mp4,DOOR
DOOR/msasl_door_Learn_ASL_Basic_Furniture_Signs_in_American_Sign_Language_for_Beginners.mp4.webm,DOOR
DOOR/msasl_door_Learn_ASL_Basic_Furniture_Signs_in_American_Sign_Language_for_Beginners.mp4_aug_brightness_contrast.mp4,DOOR
DOOR/msasl_door_Learn_ASL_Basic_Furniture_Signs_in_American_Sign_Language_for_Beginners.mp4_aug_horizontal_flip.mp4,DOOR
DOOR/msasl_door_Learn_ASL_Basic_Furniture_Signs_in_American_Sign_Language_for_Beginners.mp4_aug_slight_rotation.mp4,DOOR
DOOR/msasl_door_Learn_ASL_Basic_Furniture_Signs_in_American_Sign_Language_for_Beginners.mp4_aug_temporal.mp4,DOOR
DOOR/msasl_door_Learn_American_Sign_Language_Basic_Vocabulary.mp4,DOOR
DOOR/msasl_door_Learn_American_Sign_Language_Basic_Vocabulary_aug_brightness_contrast.mp4,DOOR
DOOR/msasl_door_Learn_American_Sign_Language_Basic_Vocabulary_aug_horizontal_flip.mp4,DOOR
DOOR/msasl_door_Learn_American_Sign_Language_Basic_Vocabulary_aug_slight_rotation.mp4,DOOR
DOOR/msasl_door_Learn_American_Sign_Language_Basic_Vocabulary_aug_temporal.mp4,DOOR
DOOR/msasl_door_Places_in_school_ASL.mp4,DOOR
DOOR/msasl_door_Places_in_school_ASL_aug_brightness_contrast.mp4,DOOR
DOOR/msasl_door_Places_in_school_ASL_aug_horizontal_flip.mp4,DOOR
DOOR/msasl_door_Places_in_school_ASL_aug_slight_rotation.mp4,DOOR
DOOR/msasl_door_Places_in_school_ASL_aug_temporal.mp4,DOOR
DOOR/msasl_door_Signing_Naturally_Unit_1_Vocabulary.mp4.webm,DOOR
DOOR/msasl_door_Signing_Naturally_Unit_1_Vocabulary.mp4_aug_brightness_contrast.mp4,DOOR
DOOR/msasl_door_Signing_Naturally_Unit_1_Vocabulary.mp4_aug_horizontal_flip.mp4,DOOR
DOOR/msasl_door_Signing_Naturally_Unit_1_Vocabulary.mp4_aug_slight_rotation.mp4,DOOR
DOOR/msasl_door_Signing_Naturally_Unit_1_Vocabulary.mp4_aug_temporal.mp4,DOOR
DOOR/msasl_door_Unit_05_Vocabulary.mp4.webm,DOOR
DOOR/msasl_door_Unit_05_Vocabulary.mp4_aug_brightness_contrast.mp4,DOOR
DOOR/msasl_door_Unit_05_Vocabulary.mp4_aug_horizontal_flip.mp4,DOOR
DOOR/msasl_door_Unit_05_Vocabulary.mp4_aug_slight_rotation.mp4,DOOR
DOOR/msasl_door_Unit_05_Vocabulary.mp4_aug_temporal.mp4,DOOR
DOOR/msasl_door_Unit_1_vocabulary_part_1.mp4.mkv,DOOR
DOOR/msasl_door_Unit_1_vocabulary_part_1.mp4_aug_brightness_contrast.mp4,DOOR
DOOR/msasl_door_Unit_1_vocabulary_part_1.mp4_aug_horizontal_flip.mp4,DOOR
DOOR/msasl_door_Unit_1_vocabulary_part_1.mp4_aug_slight_rotation.mp4,DOOR
DOOR/msasl_door_Unit_1_vocabulary_part_1.mp4_aug_temporal.mp4,DOOR
DOOR/msasl_door_Unit_5_Vocabularymp4.mp4,DOOR
DOOR/msasl_door_Unit_5_Vocabularymp4_aug_brightness_contrast.mp4,DOOR
DOOR/msasl_door_Unit_5_Vocabularymp4_aug_horizontal_flip.mp4,DOOR
DOOR/msasl_door_Unit_5_Vocabularymp4_aug_slight_rotation.mp4,DOOR
DOOR/msasl_door_Unit_5_Vocabularymp4_aug_temporal.mp4,DOOR
DOOR/msasl_door_deaffriendly_ASL_Vocabulary_-_Hotel.mp4,DOOR
DOOR/msasl_door_deaffriendly_ASL_Vocabulary_-_Hotel_aug_brightness_contrast.mp4,DOOR
DOOR/msasl_door_deaffriendly_ASL_Vocabulary_-_Hotel_aug_horizontal_flip.mp4,DOOR
DOOR/msasl_door_deaffriendly_ASL_Vocabulary_-_Hotel_aug_slight_rotation.mp4,DOOR
DOOR/msasl_door_deaffriendly_ASL_Vocabulary_-_Hotel_aug_temporal.mp4,DOOR
DOOR/wlasl_17324.mp4,DOOR
DOOR/wlasl_17324_aug_brightness_contrast.mp4,DOOR
DOOR/wlasl_17324_aug_horizontal_flip.mp4,DOOR
DOOR/wlasl_17324_aug_slight_rotation.mp4,DOOR
DOOR/wlasl_17324_aug_temporal.mp4,DOOR
DOOR/wlasl_17325.mp4,DOOR
DOOR/wlasl_17325_aug_brightness_contrast.mp4,DOOR
DOOR/wlasl_17325_aug_horizontal_flip.mp4,DOOR
DOOR/wlasl_17325_aug_slight_rotation.mp4,DOOR
DOOR/wlasl_17325_aug_temporal.mp4,DOOR
DOOR/wlasl_17326.mp4,DOOR
DOOR/wlasl_17326_aug_brightness_contrast.mp4,DOOR
DOOR/wlasl_17326_aug_horizontal_flip.mp4,DOOR
DOOR/wlasl_17326_aug_slight_rotation.mp4,DOOR
DOOR/wlasl_17326_aug_temporal.mp4,DOOR
DOOR/wlasl_17327.mp4,DOOR
DOOR/wlasl_17327_aug_brightness_contrast.mp4,DOOR
DOOR/wlasl_17327_aug_horizontal_flip.mp4,DOOR
DOOR/wlasl_17327_aug_slight_rotation.mp4,DOOR
DOOR/wlasl_17327_aug_temporal.mp4,DOOR
DOOR/wlasl_17330.mp4,DOOR
DOOR/wlasl_17330_aug_brightness_contrast.mp4,DOOR
DOOR/wlasl_17330_aug_horizontal_flip.mp4,DOOR
DOOR/wlasl_17330_aug_slight_rotation.mp4,DOOR
DOOR/wlasl_17330_aug_temporal.mp4,DOOR
DRINK/ASLLVD_DRINK__ASL_2006_10_10_scene7-2397-2405_camera1.mov,DRINK
DRINK/ASLLVD_DRINK__ASL_2006_10_10_scene7-2397-2405_camera1_aug_brightness_contrast.mp4,DRINK
DRINK/ASLLVD_DRINK__ASL_2006_10_10_scene7-2397-2405_camera1_aug_horizontal_flip.mp4,DRINK
DRINK/ASLLVD_DRINK__ASL_2006_10_10_scene7-2397-2405_camera1_aug_slight_rotation.mp4,DRINK
DRINK/ASLLVD_DRINK__ASL_2006_10_10_scene7-2397-2405_camera1_aug_temporal.mp4,DRINK
DRINK/ASLLVD_DRINK__ASL_2007_05_24_scene11-2578-2622_camera1.mov,DRINK
DRINK/ASLLVD_DRINK__ASL_2007_05_24_scene11-2578-2622_camera1_aug_brightness_contrast.mp4,DRINK
DRINK/ASLLVD_DRINK__ASL_2007_05_24_scene11-2578-2622_camera1_aug_horizontal_flip.mp4,DRINK
DRINK/ASLLVD_DRINK__ASL_2007_05_24_scene11-2578-2622_camera1_aug_slight_rotation.mp4,DRINK
DRINK/ASLLVD_DRINK__ASL_2007_05_24_scene11-2578-2622_camera1_aug_temporal.mp4,DRINK
DRINK/ASLLVD_DRINK__ASL_2008_01_11_scene81-2260-2301_camera1.mov,DRINK
DRINK/ASLLVD_DRINK__ASL_2008_01_11_scene81-2260-2301_camera1_aug_brightness_contrast.mp4,DRINK
DRINK/ASLLVD_DRINK__ASL_2008_01_11_scene81-2260-2301_camera1_aug_horizontal_flip.mp4,DRINK
DRINK/ASLLVD_DRINK__ASL_2008_01_11_scene81-2260-2301_camera1_aug_slight_rotation.mp4,DRINK
DRINK/ASLLVD_DRINK__ASL_2008_01_11_scene81-2260-2301_camera1_aug_temporal.mp4,DRINK
DRINK/ASLLVD_DRINK__ASL_2008_01_18_scene24-2880-2910_camera1.mov,DRINK
DRINK/ASLLVD_DRINK__ASL_2008_01_18_scene24-2880-2910_camera1_aug_brightness_contrast.mp4,DRINK
DRINK/ASLLVD_DRINK__ASL_2008_01_18_scene24-2880-2910_camera1_aug_horizontal_flip.mp4,DRINK
DRINK/ASLLVD_DRINK__ASL_2008_01_18_scene24-2880-2910_camera1_aug_slight_rotation.mp4,DRINK
DRINK/ASLLVD_DRINK__ASL_2008_01_18_scene24-2880-2910_camera1_aug_temporal.mp4,DRINK
DRINK/ASLLVD_DRINK__ASL_2008_05_12_scene49-215-242_camera1.mov,DRINK
DRINK/ASLLVD_DRINK__ASL_2008_05_12_scene49-215-242_camera1_aug_brightness_contrast.mp4,DRINK
DRINK/ASLLVD_DRINK__ASL_2008_05_12_scene49-215-242_camera1_aug_horizontal_flip.mp4,DRINK
DRINK/ASLLVD_DRINK__ASL_2008_05_12_scene49-215-242_camera1_aug_slight_rotation.mp4,DRINK
DRINK/ASLLVD_DRINK__ASL_2008_05_12_scene49-215-242_camera1_aug_temporal.mp4,DRINK
DRINK/ASLLVD_DRINK__ASL_2008_05_29_scene4-2215-2240_camera1.mov,DRINK
DRINK/ASLLVD_DRINK__ASL_2008_05_29_scene4-2215-2240_camera1_aug_brightness_contrast.mp4,DRINK
DRINK/ASLLVD_DRINK__ASL_2008_05_29_scene4-2215-2240_camera1_aug_horizontal_flip.mp4,DRINK
DRINK/ASLLVD_DRINK__ASL_2008_05_29_scene4-2215-2240_camera1_aug_slight_rotation.mp4,DRINK
DRINK/ASLLVD_DRINK__ASL_2008_05_29_scene4-2215-2240_camera1_aug_temporal.mp4,DRINK
DRINK/ASLLVD_DRINK__ASL_2008_08_04_scene51-220-247_camera1.mov,DRINK
DRINK/ASLLVD_DRINK__ASL_2008_08_04_scene51-220-247_camera1_aug_brightness_contrast.mp4,DRINK
DRINK/ASLLVD_DRINK__ASL_2008_08_04_scene51-220-247_camera1_aug_horizontal_flip.mp4,DRINK
DRINK/ASLLVD_DRINK__ASL_2008_08_04_scene51-220-247_camera1_aug_slight_rotation.mp4,DRINK
DRINK/ASLLVD_DRINK__ASL_2008_08_04_scene51-220-247_camera1_aug_temporal.mp4,DRINK
DRINK/ASLLVD_DRINK__ASL_2008_08_04_scene8-928-955_camera1.mov,DRINK
DRINK/ASLLVD_DRINK__ASL_2008_08_04_scene8-928-955_camera1_aug_brightness_contrast.mp4,DRINK
DRINK/ASLLVD_DRINK__ASL_2008_08_04_scene8-928-955_camera1_aug_horizontal_flip.mp4,DRINK
DRINK/ASLLVD_DRINK__ASL_2008_08_04_scene8-928-955_camera1_aug_slight_rotation.mp4,DRINK
DRINK/ASLLVD_DRINK__ASL_2008_08_04_scene8-928-955_camera1_aug_temporal.mp4,DRINK
DRINK/ASLLVD_DRINK__ASL_2008_08_06_scene24-1520-1542_camera1.mov,DRINK
DRINK/ASLLVD_DRINK__ASL_2008_08_06_scene24-1520-1542_camera1_aug_brightness_contrast.mp4,DRINK
DRINK/ASLLVD_DRINK__ASL_2008_08_06_scene24-1520-1542_camera1_aug_horizontal_flip.mp4,DRINK
DRINK/ASLLVD_DRINK__ASL_2008_08_06_scene24-1520-1542_camera1_aug_slight_rotation.mp4,DRINK
DRINK/ASLLVD_DRINK__ASL_2008_08_06_scene24-1520-1542_camera1_aug_temporal.mp4,DRINK
DRINK/ASLLVD_DRINK__ASL_2011_06_08_scene28-11115-11135_camera1.mov,DRINK
DRINK/ASLLVD_DRINK__ASL_2011_06_08_scene28-11115-11135_camera1_aug_brightness_contrast.mp4,DRINK
DRINK/ASLLVD_DRINK__ASL_2011_06_08_scene28-11115-11135_camera1_aug_horizontal_flip.mp4,DRINK
DRINK/ASLLVD_DRINK__ASL_2011_06_08_scene28-11115-11135_camera1_aug_slight_rotation.mp4,DRINK
DRINK/ASLLVD_DRINK__ASL_2011_06_08_scene28-11115-11135_camera1_aug_temporal.mp4,DRINK
DRINK/ASLLVD_DRINK__ASL_2011_06_14_scene7-3617-3636_camera1.mov,DRINK
DRINK/ASLLVD_DRINK__ASL_2011_06_14_scene7-3617-3636_camera1_aug_brightness_contrast.mp4,DRINK
DRINK/ASLLVD_DRINK__ASL_2011_06_14_scene7-3617-3636_camera1_aug_horizontal_flip.mp4,DRINK
DRINK/ASLLVD_DRINK__ASL_2011_06_14_scene7-3617-3636_camera1_aug_slight_rotation.mp4,DRINK
DRINK/ASLLVD_DRINK__ASL_2011_06_14_scene7-3617-3636_camera1_aug_temporal.mp4,DRINK
DRINK/desktop.ini,DRINK
DRINK/desktop_aug_brightness_contrast.mp4,DRINK
DRINK/desktop_aug_horizontal_flip.mp4,DRINK
DRINK/desktop_aug_slight_rotation.mp4,DRINK
DRINK/desktop_aug_temporal.mp4,DRINK
DRINK/msasl_drink_ASL_Lesson_10_MoneyFood.mp4.mkv,DRINK
DRINK/msasl_drink_ASL_Lesson_10_MoneyFood.mp4_aug_brightness_contrast.mp4,DRINK
DRINK/msasl_drink_ASL_Lesson_10_MoneyFood.mp4_aug_horizontal_flip.mp4,DRINK
DRINK/msasl_drink_ASL_Lesson_10_MoneyFood.mp4_aug_slight_rotation.mp4,DRINK
DRINK/msasl_drink_ASL_Lesson_10_MoneyFood.mp4_aug_temporal.mp4,DRINK
DRINK/msasl_drink_ASL_Level_1_Unit_3_Vocabulary.mp4,DRINK
DRINK/msasl_drink_ASL_Level_1_Unit_3_Vocabulary_aug_brightness_contrast.mp4,DRINK
DRINK/msasl_drink_ASL_Level_1_Unit_3_Vocabulary_aug_horizontal_flip.mp4,DRINK
DRINK/msasl_drink_ASL_Level_1_Unit_3_Vocabulary_aug_slight_rotation.mp4,DRINK
DRINK/msasl_drink_ASL_Level_1_Unit_3_Vocabulary_aug_temporal.mp4,DRINK
DRINK/msasl_drink_ASL_Signs_for_family_and_basic_school_related_words.mp4,DRINK
DRINK/msasl_drink_ASL_Signs_for_family_and_basic_school_related_words_aug_brightness_contrast.mp4,DRINK
DRINK/msasl_drink_ASL_Signs_for_family_and_basic_school_related_words_aug_horizontal_flip.mp4,DRINK
DRINK/msasl_drink_ASL_Signs_for_family_and_basic_school_related_words_aug_slight_rotation.mp4,DRINK
DRINK/msasl_drink_ASL_Signs_for_family_and_basic_school_related_words_aug_temporal.mp4,DRINK
DRINK/msasl_drink_Baby_Language_Song_(ASL)_Basic_Words_and_Commands_9_by_Patty_Shukla.mp4.webm,DRINK
DRINK/msasl_drink_Baby_Language_Song_(ASL)_Basic_Words_and_Commands_9_by_Patty_Shukla.mp4_aug_brightness_contrast.mp4,DRINK
DRINK/msasl_drink_Baby_Language_Song_(ASL)_Basic_Words_and_Commands_9_by_Patty_Shukla.mp4_aug_horizontal_flip.mp4,DRINK
DRINK/msasl_drink_Baby_Language_Song_(ASL)_Basic_Words_and_Commands_9_by_Patty_Shukla.mp4_aug_slight_rotation.mp4,DRINK
DRINK/msasl_drink_Baby_Language_Song_(ASL)_Basic_Words_and_Commands_9_by_Patty_Shukla.mp4_aug_temporal.mp4,DRINK
DRINK/msasl_drink_Basic_ASL_Vocabulary_for_Babies.mp4,DRINK
DRINK/msasl_drink_Basic_ASL_Vocabulary_for_Babies_aug_brightness_contrast.mp4,DRINK
DRINK/msasl_drink_Basic_ASL_Vocabulary_for_Babies_aug_horizontal_flip.mp4,DRINK
DRINK/msasl_drink_Basic_ASL_Vocabulary_for_Babies_aug_slight_rotation.mp4,DRINK
DRINK/msasl_drink_Basic_ASL_Vocabulary_for_Babies_aug_temporal.mp4,DRINK
DRINK/msasl_drink_Basic_Sign_Language_for_Caregivers_(mealtime).mp4.mkv,DRINK
DRINK/msasl_drink_Basic_Sign_Language_for_Caregivers_(mealtime).mp4_aug_brightness_contrast.mp4,DRINK
DRINK/msasl_drink_Basic_Sign_Language_for_Caregivers_(mealtime).mp4_aug_horizontal_flip.mp4,DRINK
DRINK/msasl_drink_Basic_Sign_Language_for_Caregivers_(mealtime).mp4_aug_slight_rotation.mp4,DRINK
DRINK/msasl_drink_Basic_Sign_Language_for_Caregivers_(mealtime).mp4_aug_temporal.mp4,DRINK
DRINK/msasl_drink_Basic_Sign_Language_for_Caregivers_of_the_DeafHard_of_Hearing.mp4.webm,DRINK
DRINK/msasl_drink_Basic_Sign_Language_for_Caregivers_of_the_DeafHard_of_Hearing.mp4_aug_brightness_contrast.mp4,DRINK
DRINK/msasl_drink_Basic_Sign_Language_for_Caregivers_of_the_DeafHard_of_Hearing.mp4_aug_horizontal_flip.mp4,DRINK
DRINK/msasl_drink_Basic_Sign_Language_for_Caregivers_of_the_DeafHard_of_Hearing.mp4_aug_slight_rotation.mp4,DRINK
DRINK/msasl_drink_Basic_Sign_Language_for_Caregivers_of_the_DeafHard_of_Hearing.mp4_aug_temporal.mp4,DRINK
DRINK/msasl_drink_DRINK(1).mp4.mkv,DRINK
DRINK/msasl_drink_DRINK(1).mp4_aug_brightness_contrast.mp4,DRINK
DRINK/msasl_drink_DRINK(1).mp4_aug_horizontal_flip.mp4,DRINK
DRINK/msasl_drink_DRINK(1).mp4_aug_slight_rotation.mp4,DRINK
DRINK/msasl_drink_DRINK(1).mp4_aug_temporal.mp4,DRINK
DRINK/msasl_drink_DRINK(3).mp4,DRINK
DRINK/msasl_drink_DRINK(3)_aug_brightness_contrast.mp4,DRINK
DRINK/msasl_drink_DRINK(3)_aug_horizontal_flip.mp4,DRINK
DRINK/msasl_drink_DRINK(3)_aug_slight_rotation.mp4,DRINK
DRINK/msasl_drink_DRINK(3)_aug_temporal.mp4,DRINK
DRINK/msasl_drink_DRINK(4).mp4.mkv,DRINK
DRINK/msasl_drink_DRINK(4).mp4_aug_brightness_contrast.mp4,DRINK
DRINK/msasl_drink_DRINK(4).mp4_aug_horizontal_flip.mp4,DRINK
DRINK/msasl_drink_DRINK(4).mp4_aug_slight_rotation.mp4,DRINK
DRINK/msasl_drink_DRINK(4).mp4_aug_temporal.mp4,DRINK
DRINK/msasl_drink_DRINK-C-hand-version-general-sign-for-non-alcoholic-drinks.mp4.mkv,DRINK
DRINK/msasl_drink_DRINK-C-hand-version-general-sign-for-non-alcoholic-drinks.mp4_aug_brightness_contrast.mp4,DRINK
DRINK/msasl_drink_DRINK-C-hand-version-general-sign-for-non-alcoholic-drinks.mp4_aug_horizontal_flip.mp4,DRINK
DRINK/msasl_drink_DRINK-C-hand-version-general-sign-for-non-alcoholic-drinks.mp4_aug_slight_rotation.mp4,DRINK
DRINK/msasl_drink_DRINK-C-hand-version-general-sign-for-non-alcoholic-drinks.mp4_aug_temporal.mp4,DRINK
DRINK/msasl_drink_DRINK-cocktail-drink-from-a-small-glass.mp4.mkv,DRINK
DRINK/msasl_drink_DRINK-cocktail-drink-from-a-small-glass.mp4_aug_brightness_contrast.mp4,DRINK
DRINK/msasl_drink_DRINK-cocktail-drink-from-a-small-glass.mp4_aug_horizontal_flip.mp4,DRINK
DRINK/msasl_drink_DRINK-cocktail-drink-from-a-small-glass.mp4_aug_slight_rotation.mp4,DRINK
DRINK/msasl_drink_DRINK-cocktail-drink-from-a-small-glass.mp4_aug_temporal.mp4,DRINK
DRINK/msasl_drink_Drink.mp4,DRINK
DRINK/msasl_drink_Drink_aug_brightness_contrast.mp4,DRINK
DRINK/msasl_drink_Drink_aug_horizontal_flip.mp4,DRINK
DRINK/msasl_drink_Drink_aug_slight_rotation.mp4,DRINK
DRINK/msasl_drink_Drink_aug_temporal.mp4,DRINK
DRINK/msasl_drink_Drink_in_Sign_Language_ASL_Dictionary_for_kids.mp4.webm,DRINK
DRINK/msasl_drink_Drink_in_Sign_Language_ASL_Dictionary_for_kids.mp4_aug_brightness_contrast.mp4,DRINK
DRINK/msasl_drink_Drink_in_Sign_Language_ASL_Dictionary_for_kids.mp4_aug_horizontal_flip.mp4,DRINK
DRINK/msasl_drink_Drink_in_Sign_Language_ASL_Dictionary_for_kids.mp4_aug_slight_rotation.mp4,DRINK
DRINK/msasl_drink_Drink_in_Sign_Language_ASL_Dictionary_for_kids.mp4_aug_temporal.mp4,DRINK
DRINK/msasl_drink_Drinks.mp4.mkv,DRINK
DRINK/msasl_drink_Drinks.mp4_aug_brightness_contrast.mp4,DRINK
DRINK/msasl_drink_Drinks.mp4_aug_horizontal_flip.mp4,DRINK
DRINK/msasl_drink_Drinks.mp4_aug_slight_rotation.mp4,DRINK
DRINK/msasl_drink_Drinks.mp4_aug_temporal.mp4,DRINK
DRINK/msasl_drink_First_100_Verbs_in_ASL_with_captions.mp4,DRINK
DRINK/msasl_drink_First_100_Verbs_in_ASL_with_captions_aug_brightness_contrast.mp4,DRINK
DRINK/msasl_drink_First_100_Verbs_in_ASL_with_captions_aug_horizontal_flip.mp4,DRINK
DRINK/msasl_drink_First_100_Verbs_in_ASL_with_captions_aug_slight_rotation.mp4,DRINK
DRINK/msasl_drink_First_100_Verbs_in_ASL_with_captions_aug_temporal.mp4,DRINK
DRINK/msasl_drink_Food_Signs_in_ASL.mp4.mkv,DRINK
DRINK/msasl_drink_Food_Signs_in_ASL.mp4_aug_brightness_contrast.mp4,DRINK
DRINK/msasl_drink_Food_Signs_in_ASL.mp4_aug_horizontal_flip.mp4,DRINK
DRINK/msasl_drink_Food_Signs_in_ASL.mp4_aug_slight_rotation.mp4,DRINK
DRINK/msasl_drink_Food_Signs_in_ASL.mp4_aug_temporal.mp4,DRINK
DRINK/msasl_drink_Lesson_5_Vocabulary_-_A_Basic_Course_(ABC)_in_ASL.mp4.mkv,DRINK
DRINK/msasl_drink_Lesson_5_Vocabulary_-_A_Basic_Course_(ABC)_in_ASL.mp4_aug_brightness_contrast.mp4,DRINK
DRINK/msasl_drink_Lesson_5_Vocabulary_-_A_Basic_Course_(ABC)_in_ASL.mp4_aug_horizontal_flip.mp4,DRINK
DRINK/msasl_drink_Lesson_5_Vocabulary_-_A_Basic_Course_(ABC)_in_ASL.mp4_aug_slight_rotation.mp4,DRINK
DRINK/msasl_drink_Lesson_5_Vocabulary_-_A_Basic_Course_(ABC)_in_ASL.mp4_aug_temporal.mp4,DRINK
DRINK/msasl_drink_Mastering_ASL_Unit_7_Vocabulary.mp4.mkv,DRINK
DRINK/msasl_drink_Mastering_ASL_Unit_7_Vocabulary.mp4_aug_brightness_contrast.mp4,DRINK
DRINK/msasl_drink_Mastering_ASL_Unit_7_Vocabulary.mp4_aug_horizontal_flip.mp4,DRINK
DRINK/msasl_drink_Mastering_ASL_Unit_7_Vocabulary.mp4_aug_slight_rotation.mp4,DRINK
DRINK/msasl_drink_Mastering_ASL_Unit_7_Vocabulary.mp4_aug_temporal.mp4,DRINK
DRINK/msasl_drink_Signing_Naturally_Unit_2.mp4.mkv,DRINK
DRINK/msasl_drink_Signing_Naturally_Unit_2.mp4_aug_brightness_contrast.mp4,DRINK
DRINK/msasl_drink_Signing_Naturally_Unit_2.mp4_aug_horizontal_flip.mp4,DRINK
DRINK/msasl_drink_Signing_Naturally_Unit_2.mp4_aug_slight_rotation.mp4,DRINK
DRINK/msasl_drink_Signing_Naturally_Unit_2.mp4_aug_temporal.mp4,DRINK
DRINK/msasl_drink_To_drink_-_Asl.mp4,DRINK
DRINK/msasl_drink_To_drink_-_Asl_aug_brightness_contrast.mp4,DRINK
DRINK/msasl_drink_To_drink_-_Asl_aug_horizontal_flip.mp4,DRINK
DRINK/msasl_drink_To_drink_-_Asl_aug_slight_rotation.mp4,DRINK
DRINK/msasl_drink_To_drink_-_Asl_aug_temporal.mp4,DRINK
DRINK/msasl_drink_Unit_10.mp4.mkv,DRINK
DRINK/msasl_drink_Unit_10.mp4_aug_brightness_contrast.mp4,DRINK
DRINK/msasl_drink_Unit_10.mp4_aug_horizontal_flip.mp4,DRINK
DRINK/msasl_drink_Unit_10.mp4_aug_slight_rotation.mp4,DRINK
DRINK/msasl_drink_Unit_10.mp4_aug_temporal.mp4,DRINK
DRINK/msasl_drink_Unit_10_Vocabulary_-_Part_1mp4.mp4,DRINK
DRINK/msasl_drink_Unit_10_Vocabulary_-_Part_1mp4_aug_brightness_contrast.mp4,DRINK
DRINK/msasl_drink_Unit_10_Vocabulary_-_Part_1mp4_aug_horizontal_flip.mp4,DRINK
DRINK/msasl_drink_Unit_10_Vocabulary_-_Part_1mp4_aug_slight_rotation.mp4,DRINK
DRINK/msasl_drink_Unit_10_Vocabulary_-_Part_1mp4_aug_temporal.mp4,DRINK
DRINK/msasl_drink_Unit_15_Vocabulary.mp4.mkv,DRINK
DRINK/msasl_drink_Unit_15_Vocabulary.mp4_aug_brightness_contrast.mp4,DRINK
DRINK/msasl_drink_Unit_15_Vocabulary.mp4_aug_horizontal_flip.mp4,DRINK
DRINK/msasl_drink_Unit_15_Vocabulary.mp4_aug_slight_rotation.mp4,DRINK
DRINK/msasl_drink_Unit_15_Vocabulary.mp4_aug_temporal.mp4,DRINK
DRINK/msasl_drink_Unit_7_ASL_Vocabulary_Homework.mp4.mkv,DRINK
DRINK/msasl_drink_Unit_7_ASL_Vocabulary_Homework.mp4_aug_brightness_contrast.mp4,DRINK
DRINK/msasl_drink_Unit_7_ASL_Vocabulary_Homework.mp4_aug_horizontal_flip.mp4,DRINK
DRINK/msasl_drink_Unit_7_ASL_Vocabulary_Homework.mp4_aug_slight_rotation.mp4,DRINK
DRINK/msasl_drink_Unit_7_ASL_Vocabulary_Homework.mp4_aug_temporal.mp4,DRINK
DRINK/msasl_drink_Useful_vocab.mp4,DRINK
DRINK/msasl_drink_Useful_vocab_aug_brightness_contrast.mp4,DRINK
DRINK/msasl_drink_Useful_vocab_aug_horizontal_flip.mp4,DRINK
DRINK/msasl_drink_Useful_vocab_aug_slight_rotation.mp4,DRINK
DRINK/msasl_drink_Useful_vocab_aug_temporal.mp4,DRINK
DRINK/msasl_drink_drink_-_ASL_sign_for_drink.mp4.mkv,DRINK
DRINK/msasl_drink_drink_-_ASL_sign_for_drink.mp4_aug_brightness_contrast.mp4,DRINK
DRINK/msasl_drink_drink_-_ASL_sign_for_drink.mp4_aug_horizontal_flip.mp4,DRINK
DRINK/msasl_drink_drink_-_ASL_sign_for_drink.mp4_aug_slight_rotation.mp4,DRINK
DRINK/msasl_drink_drink_-_ASL_sign_for_drink.mp4_aug_temporal.mp4,DRINK
DRINK/wlasl_17709.mp4,DRINK
DRINK/wlasl_17709_aug_brightness_contrast.mp4,DRINK
DRINK/wlasl_17709_aug_horizontal_flip.mp4,DRINK
DRINK/wlasl_17709_aug_slight_rotation.mp4,DRINK
DRINK/wlasl_17709_aug_temporal.mp4,DRINK
DRINK/wlasl_17710.mp4,DRINK
DRINK/wlasl_17710_aug_brightness_contrast.mp4,DRINK
DRINK/wlasl_17710_aug_horizontal_flip.mp4,DRINK
DRINK/wlasl_17710_aug_slight_rotation.mp4,DRINK
DRINK/wlasl_17710_aug_temporal.mp4,DRINK
DRINK/wlasl_17711.mp4,DRINK
DRINK/wlasl_17711_aug_brightness_contrast.mp4,DRINK
DRINK/wlasl_17711_aug_horizontal_flip.mp4,DRINK
DRINK/wlasl_17711_aug_slight_rotation.mp4,DRINK
DRINK/wlasl_17711_aug_temporal.mp4,DRINK
DRINK/wlasl_17712.mp4,DRINK
DRINK/wlasl_17712_aug_brightness_contrast.mp4,DRINK
DRINK/wlasl_17712_aug_horizontal_flip.mp4,DRINK
DRINK/wlasl_17712_aug_slight_rotation.mp4,DRINK
DRINK/wlasl_17712_aug_temporal.mp4,DRINK
DRINK/wlasl_17713.mp4,DRINK
DRINK/wlasl_17713_aug_brightness_contrast.mp4,DRINK
DRINK/wlasl_17713_aug_horizontal_flip.mp4,DRINK
DRINK/wlasl_17713_aug_slight_rotation.mp4,DRINK
DRINK/wlasl_17713_aug_temporal.mp4,DRINK
DRINK/wlasl_17720.mp4,DRINK
DRINK/wlasl_17720_aug_brightness_contrast.mp4,DRINK
DRINK/wlasl_17720_aug_horizontal_flip.mp4,DRINK
DRINK/wlasl_17720_aug_slight_rotation.mp4,DRINK
DRINK/wlasl_17720_aug_temporal.mp4,DRINK
DRINK/wlasl_17721.mp4,DRINK
DRINK/wlasl_17721_aug_brightness_contrast.mp4,DRINK
DRINK/wlasl_17721_aug_horizontal_flip.mp4,DRINK
DRINK/wlasl_17721_aug_slight_rotation.mp4,DRINK
DRINK/wlasl_17721_aug_temporal.mp4,DRINK
DRINK/wlasl_17722.mp4,DRINK
DRINK/wlasl_17722_aug_brightness_contrast.mp4,DRINK
DRINK/wlasl_17722_aug_horizontal_flip.mp4,DRINK
DRINK/wlasl_17722_aug_slight_rotation.mp4,DRINK
DRINK/wlasl_17722_aug_temporal.mp4,DRINK
DRINK/wlasl_17723.mp4,DRINK
DRINK/wlasl_17723_aug_brightness_contrast.mp4,DRINK
DRINK/wlasl_17723_aug_horizontal_flip.mp4,DRINK
DRINK/wlasl_17723_aug_slight_rotation.mp4,DRINK
DRINK/wlasl_17723_aug_temporal.mp4,DRINK
DRINK/wlasl_17724.mp4,DRINK
DRINK/wlasl_17724_aug_brightness_contrast.mp4,DRINK
DRINK/wlasl_17724_aug_horizontal_flip.mp4,DRINK
DRINK/wlasl_17724_aug_slight_rotation.mp4,DRINK
DRINK/wlasl_17724_aug_temporal.mp4,DRINK
DRINK/wlasl_69302.mp4,DRINK
DRINK/wlasl_69302_aug_brightness_contrast.mp4,DRINK
DRINK/wlasl_69302_aug_horizontal_flip.mp4,DRINK
DRINK/wlasl_69302_aug_slight_rotation.mp4,DRINK
DRINK/wlasl_69302_aug_temporal.mp4,DRINK
EAT/ASLLVD_EAT__ASL_2006_10_10_scene8-1742-1776_camera1.mov,EAT
EAT/ASLLVD_EAT__ASL_2006_10_10_scene8-1742-1776_camera1_aug_brightness_contrast.mp4,EAT
EAT/ASLLVD_EAT__ASL_2006_10_10_scene8-1742-1776_camera1_aug_horizontal_flip.mp4,EAT
EAT/ASLLVD_EAT__ASL_2006_10_10_scene8-1742-1776_camera1_aug_slight_rotation.mp4,EAT
EAT/ASLLVD_EAT__ASL_2006_10_10_scene8-1742-1776_camera1_aug_temporal.mp4,EAT
EAT/ASLLVD_EAT__ASL_2007_05_24_scene12-1689-1720_camera1.mov,EAT
EAT/ASLLVD_EAT__ASL_2007_05_24_scene12-1689-1720_camera1_aug_brightness_contrast.mp4,EAT
EAT/ASLLVD_EAT__ASL_2007_05_24_scene12-1689-1720_camera1_aug_horizontal_flip.mp4,EAT
EAT/ASLLVD_EAT__ASL_2007_05_24_scene12-1689-1720_camera1_aug_slight_rotation.mp4,EAT
EAT/ASLLVD_EAT__ASL_2007_05_24_scene12-1689-1720_camera1_aug_temporal.mp4,EAT
EAT/ASLLVD_EAT__ASL_2007_05_24_scene14-1155-1204_camera1.mov,EAT
EAT/ASLLVD_EAT__ASL_2007_05_24_scene14-1155-1204_camera1_aug_brightness_contrast.mp4,EAT
EAT/ASLLVD_EAT__ASL_2007_05_24_scene14-1155-1204_camera1_aug_horizontal_flip.mp4,EAT
EAT/ASLLVD_EAT__ASL_2007_05_24_scene14-1155-1204_camera1_aug_slight_rotation.mp4,EAT
EAT/ASLLVD_EAT__ASL_2007_05_24_scene14-1155-1204_camera1_aug_temporal.mp4,EAT
EAT/ASLLVD_EAT__ASL_2008_01_18_scene28-1552-1590_camera1.mov,EAT
EAT/ASLLVD_EAT__ASL_2008_01_18_scene28-1552-1590_camera1_aug_brightness_contrast.mp4,EAT
EAT/ASLLVD_EAT__ASL_2008_01_18_scene28-1552-1590_camera1_aug_horizontal_flip.mp4,EAT
EAT/ASLLVD_EAT__ASL_2008_01_18_scene28-1552-1590_camera1_aug_slight_rotation.mp4,EAT
EAT/ASLLVD_EAT__ASL_2008_01_18_scene28-1552-1590_camera1_aug_temporal.mp4,EAT
EAT/ASLLVD_EAT__ASL_2008_01_18_scene40-240-300_camera1.mov,EAT
EAT/ASLLVD_EAT__ASL_2008_01_18_scene40-240-300_camera1_aug_brightness_contrast.mp4,EAT
EAT/ASLLVD_EAT__ASL_2008_01_18_scene40-240-300_camera1_aug_horizontal_flip.mp4,EAT
EAT/ASLLVD_EAT__ASL_2008_01_18_scene40-240-300_camera1_aug_slight_rotation.mp4,EAT
EAT/ASLLVD_EAT__ASL_2008_01_18_scene40-240-300_camera1_aug_temporal.mp4,EAT
EAT/ASLLVD_EAT__ASL_2008_05_29_scene19-4660-4712_camera1.mov,EAT
EAT/ASLLVD_EAT__ASL_2008_05_29_scene19-4660-4712_camera1_aug_brightness_contrast.mp4,EAT
EAT/ASLLVD_EAT__ASL_2008_05_29_scene19-4660-4712_camera1_aug_horizontal_flip.mp4,EAT
EAT/ASLLVD_EAT__ASL_2008_05_29_scene19-4660-4712_camera1_aug_slight_rotation.mp4,EAT
EAT/ASLLVD_EAT__ASL_2008_05_29_scene19-4660-4712_camera1_aug_temporal.mp4,EAT
EAT/ASLLVD_EAT__ASL_2008_05_29_scene8-850-895_camera1.mov,EAT
EAT/ASLLVD_EAT__ASL_2008_05_29_scene8-850-895_camera1_aug_brightness_contrast.mp4,EAT
EAT/ASLLVD_EAT__ASL_2008_05_29_scene8-850-895_camera1_aug_horizontal_flip.mp4,EAT
EAT/ASLLVD_EAT__ASL_2008_05_29_scene8-850-895_camera1_aug_slight_rotation.mp4,EAT
EAT/ASLLVD_EAT__ASL_2008_05_29_scene8-850-895_camera1_aug_temporal.mp4,EAT
EAT/ASLLVD_EAT__ASL_2008_08_06_scene28-916-942_camera1.mov,EAT
EAT/ASLLVD_EAT__ASL_2008_08_06_scene28-916-942_camera1_aug_brightness_contrast.mp4,EAT
EAT/ASLLVD_EAT__ASL_2008_08_06_scene28-916-942_camera1_aug_horizontal_flip.mp4,EAT
EAT/ASLLVD_EAT__ASL_2008_08_06_scene28-916-942_camera1_aug_slight_rotation.mp4,EAT
EAT/ASLLVD_EAT__ASL_2008_08_06_scene28-916-942_camera1_aug_temporal.mp4,EAT
EAT/ASLLVD_EAT__ASL_2008_08_06_scene39-2500-2550_camera1.mov,EAT
EAT/ASLLVD_EAT__ASL_2008_08_06_scene39-2500-2550_camera1_aug_brightness_contrast.mp4,EAT
EAT/ASLLVD_EAT__ASL_2008_08_06_scene39-2500-2550_camera1_aug_horizontal_flip.mp4,EAT
EAT/ASLLVD_EAT__ASL_2008_08_06_scene39-2500-2550_camera1_aug_slight_rotation.mp4,EAT
EAT/ASLLVD_EAT__ASL_2008_08_06_scene39-2500-2550_camera1_aug_temporal.mp4,EAT
EAT/ASLLVD_EAT__ASL_2011_06_08_scene16-4981-5021_camera1.mov,EAT
EAT/ASLLVD_EAT__ASL_2011_06_08_scene16-4981-5021_camera1_aug_brightness_contrast.mp4,EAT
EAT/ASLLVD_EAT__ASL_2011_06_08_scene16-4981-5021_camera1_aug_horizontal_flip.mp4,EAT
EAT/ASLLVD_EAT__ASL_2011_06_08_scene16-4981-5021_camera1_aug_slight_rotation.mp4,EAT
EAT/ASLLVD_EAT__ASL_2011_06_08_scene16-4981-5021_camera1_aug_temporal.mp4,EAT
EAT/ASLLVD_EAT__ASL_2011_06_14_scene17-576-609_camera1.mov,EAT
EAT/ASLLVD_EAT__ASL_2011_06_14_scene17-576-609_camera1_aug_brightness_contrast.mp4,EAT
EAT/ASLLVD_EAT__ASL_2011_06_14_scene17-576-609_camera1_aug_horizontal_flip.mp4,EAT
EAT/ASLLVD_EAT__ASL_2011_06_14_scene17-576-609_camera1_aug_slight_rotation.mp4,EAT
EAT/ASLLVD_EAT__ASL_2011_06_14_scene17-576-609_camera1_aug_temporal.mp4,EAT
EAT/ASLLVD_EAT__ASL_2011_06_14_scene9-7760-7790_camera1.mov,EAT
EAT/ASLLVD_EAT__ASL_2011_06_14_scene9-7760-7790_camera1_aug_brightness_contrast.mp4,EAT
EAT/ASLLVD_EAT__ASL_2011_06_14_scene9-7760-7790_camera1_aug_horizontal_flip.mp4,EAT
EAT/ASLLVD_EAT__ASL_2011_06_14_scene9-7760-7790_camera1_aug_slight_rotation.mp4,EAT
EAT/ASLLVD_EAT__ASL_2011_06_14_scene9-7760-7790_camera1_aug_temporal.mp4,EAT
EAT/desktop.ini,EAT
EAT/desktop_aug_brightness_contrast.mp4,EAT
EAT/desktop_aug_horizontal_flip.mp4,EAT
EAT/desktop_aug_slight_rotation.mp4,EAT
EAT/desktop_aug_temporal.mp4,EAT
EAT/msasl_eat_ASL1_Class_10_New_SIGNS.mp4.mkv,EAT
EAT/msasl_eat_ASL1_Class_10_New_SIGNS.mp4_aug_brightness_contrast.mp4,EAT
EAT/msasl_eat_ASL1_Class_10_New_SIGNS.mp4_aug_horizontal_flip.mp4,EAT
EAT/msasl_eat_ASL1_Class_10_New_SIGNS.mp4_aug_slight_rotation.mp4,EAT
EAT/msasl_eat_ASL1_Class_10_New_SIGNS.mp4_aug_temporal.mp4,EAT
EAT/msasl_eat_ASL_-_Rotuines.mp4.mkv,EAT
EAT/msasl_eat_ASL_-_Rotuines.mp4_aug_brightness_contrast.mp4,EAT
EAT/msasl_eat_ASL_-_Rotuines.mp4_aug_horizontal_flip.mp4,EAT
EAT/msasl_eat_ASL_-_Rotuines.mp4_aug_slight_rotation.mp4,EAT
EAT/msasl_eat_ASL_-_Rotuines.mp4_aug_temporal.mp4,EAT
EAT/msasl_eat_ASL_1_Unit_5_Vocabulary.mp4,EAT
EAT/msasl_eat_ASL_1_Unit_5_Vocabulary_aug_brightness_contrast.mp4,EAT
EAT/msasl_eat_ASL_1_Unit_5_Vocabulary_aug_horizontal_flip.mp4,EAT
EAT/msasl_eat_ASL_1_Unit_5_Vocabulary_aug_slight_rotation.mp4,EAT
EAT/msasl_eat_ASL_1_Unit_5_Vocabulary_aug_temporal.mp4,EAT
EAT/msasl_eat_ASL_2_UNIT_14_VOCABULARY.mp4.mkv,EAT
EAT/msasl_eat_ASL_2_UNIT_14_VOCABULARY.mp4_aug_brightness_contrast.mp4,EAT
EAT/msasl_eat_ASL_2_UNIT_14_VOCABULARY.mp4_aug_horizontal_flip.mp4,EAT
EAT/msasl_eat_ASL_2_UNIT_14_VOCABULARY.mp4_aug_slight_rotation.mp4,EAT
EAT/msasl_eat_ASL_2_UNIT_14_VOCABULARY.mp4_aug_temporal.mp4,EAT
EAT/msasl_eat_ASL_Food_.mp4.mkv,EAT
EAT/msasl_eat_ASL_Food_.mp4_aug_brightness_contrast.mp4,EAT
EAT/msasl_eat_ASL_Food_.mp4_aug_horizontal_flip.mp4,EAT
EAT/msasl_eat_ASL_Food_.mp4_aug_slight_rotation.mp4,EAT
EAT/msasl_eat_ASL_Food_.mp4_aug_temporal.mp4,EAT
EAT/msasl_eat_ASL_Lesson_10_MoneyFood.mp4.mkv,EAT
EAT/msasl_eat_ASL_Lesson_10_MoneyFood.mp4_aug_brightness_contrast.mp4,EAT
EAT/msasl_eat_ASL_Lesson_10_MoneyFood.mp4_aug_horizontal_flip.mp4,EAT
EAT/msasl_eat_ASL_Lesson_10_MoneyFood.mp4_aug_slight_rotation.mp4,EAT
EAT/msasl_eat_ASL_Lesson_10_MoneyFood.mp4_aug_temporal.mp4,EAT
EAT/msasl_eat_ASL_Level_1_Unit_6_Vocabulary.mp4.mkv,EAT
EAT/msasl_eat_ASL_Level_1_Unit_6_Vocabulary.mp4_aug_brightness_contrast.mp4,EAT
EAT/msasl_eat_ASL_Level_1_Unit_6_Vocabulary.mp4_aug_horizontal_flip.mp4,EAT
EAT/msasl_eat_ASL_Level_1_Unit_6_Vocabulary.mp4_aug_slight_rotation.mp4,EAT
EAT/msasl_eat_ASL_Level_1_Unit_6_Vocabulary.mp4_aug_temporal.mp4,EAT
EAT/msasl_eat_ASL_Level_2_Unit_12_Vocabulary.mp4,EAT
EAT/msasl_eat_ASL_Level_2_Unit_12_Vocabulary_aug_brightness_contrast.mp4,EAT
EAT/msasl_eat_ASL_Level_2_Unit_12_Vocabulary_aug_horizontal_flip.mp4,EAT
EAT/msasl_eat_ASL_Level_2_Unit_12_Vocabulary_aug_slight_rotation.mp4,EAT
EAT/msasl_eat_ASL_Level_2_Unit_12_Vocabulary_aug_temporal.mp4,EAT
EAT/msasl_eat_ASL_Top_ASL_Signs_for_Servers.mp4,EAT
EAT/msasl_eat_ASL_Top_ASL_Signs_for_Servers_aug_brightness_contrast.mp4,EAT
EAT/msasl_eat_ASL_Top_ASL_Signs_for_Servers_aug_horizontal_flip.mp4,EAT
EAT/msasl_eat_ASL_Top_ASL_Signs_for_Servers_aug_slight_rotation.mp4,EAT
EAT/msasl_eat_ASL_Top_ASL_Signs_for_Servers_aug_temporal.mp4,EAT
EAT/msasl_eat_ASL_Top_ASL_Signs_for_Servers.mp4.mkv,EAT
EAT/msasl_eat_ASL_Top_ASL_Signs_for_Servers.mp4_aug_brightness_contrast.mp4,EAT
EAT/msasl_eat_ASL_Top_ASL_Signs_for_Servers.mp4_aug_horizontal_flip.mp4,EAT
EAT/msasl_eat_ASL_Top_ASL_Signs_for_Servers.mp4_aug_slight_rotation.mp4,EAT
EAT/msasl_eat_ASL_Top_ASL_Signs_for_Servers.mp4_aug_temporal.mp4,EAT
EAT/msasl_eat_ASL_conversational_signs.mp4,EAT
EAT/msasl_eat_ASL_conversational_signs_aug_brightness_contrast.mp4,EAT
EAT/msasl_eat_ASL_conversational_signs_aug_horizontal_flip.mp4,EAT
EAT/msasl_eat_ASL_conversational_signs_aug_slight_rotation.mp4,EAT
EAT/msasl_eat_ASL_conversational_signs_aug_temporal.mp4,EAT
EAT/msasl_eat_ASL_food.mp4,EAT
EAT/msasl_eat_ASL_food_aug_brightness_contrast.mp4,EAT
EAT/msasl_eat_ASL_food_aug_horizontal_flip.mp4,EAT
EAT/msasl_eat_ASL_food_aug_slight_rotation.mp4,EAT
EAT/msasl_eat_ASL_food_aug_temporal.mp4,EAT
EAT/msasl_eat_Asl_vocab_2.mp4.mkv,EAT
EAT/msasl_eat_Asl_vocab_2.mp4_aug_brightness_contrast.mp4,EAT
EAT/msasl_eat_Asl_vocab_2.mp4_aug_horizontal_flip.mp4,EAT
EAT/msasl_eat_Asl_vocab_2.mp4_aug_slight_rotation.mp4,EAT
EAT/msasl_eat_Asl_vocab_2.mp4_aug_temporal.mp4,EAT
EAT/msasl_eat_Basic_ASL_Vocabulary_for_Babies.mp4,EAT
EAT/msasl_eat_Basic_ASL_Vocabulary_for_Babies_aug_brightness_contrast.mp4,EAT
EAT/msasl_eat_Basic_ASL_Vocabulary_for_Babies_aug_horizontal_flip.mp4,EAT
EAT/msasl_eat_Basic_ASL_Vocabulary_for_Babies_aug_slight_rotation.mp4,EAT
EAT/msasl_eat_Basic_ASL_Vocabulary_for_Babies_aug_temporal.mp4,EAT
EAT/msasl_eat_Basic_Sign_Language_for_Caregivers_(mealtime).mp4.mkv,EAT
EAT/msasl_eat_Basic_Sign_Language_for_Caregivers_(mealtime).mp4_aug_brightness_contrast.mp4,EAT
EAT/msasl_eat_Basic_Sign_Language_for_Caregivers_(mealtime).mp4_aug_horizontal_flip.mp4,EAT
EAT/msasl_eat_Basic_Sign_Language_for_Caregivers_(mealtime).mp4_aug_slight_rotation.mp4,EAT
EAT/msasl_eat_Basic_Sign_Language_for_Caregivers_(mealtime).mp4_aug_temporal.mp4,EAT
EAT/msasl_eat_Basic_Sign_Language_for_Caregivers_of_the_DeafHard_of_Hearing.mp4.webm,EAT
EAT/msasl_eat_Basic_Sign_Language_for_Caregivers_of_the_DeafHard_of_Hearing.mp4_aug_brightness_contrast.mp4,EAT
EAT/msasl_eat_Basic_Sign_Language_for_Caregivers_of_the_DeafHard_of_Hearing.mp4_aug_horizontal_flip.mp4,EAT
EAT/msasl_eat_Basic_Sign_Language_for_Caregivers_of_the_DeafHard_of_Hearing.mp4_aug_slight_rotation.mp4,EAT
EAT/msasl_eat_Basic_Sign_Language_for_Caregivers_of_the_DeafHard_of_Hearing.mp4_aug_temporal.mp4,EAT
EAT/msasl_eat_EAT(2).mp4.mkv,EAT
EAT/msasl_eat_EAT(2).mp4_aug_brightness_contrast.mp4,EAT
EAT/msasl_eat_EAT(2).mp4_aug_horizontal_flip.mp4,EAT
EAT/msasl_eat_EAT(2).mp4_aug_slight_rotation.mp4,EAT
EAT/msasl_eat_EAT(2).mp4_aug_temporal.mp4,EAT
EAT/msasl_eat_Eat.mp4.mkv,EAT
EAT/msasl_eat_Eat.mp4_aug_brightness_contrast.mp4,EAT
EAT/msasl_eat_Eat.mp4_aug_horizontal_flip.mp4,EAT
EAT/msasl_eat_Eat.mp4_aug_slight_rotation.mp4,EAT
EAT/msasl_eat_Eat.mp4_aug_temporal.mp4,EAT
EAT/msasl_eat_Examples_of_Baby_Sign_Language.mp4.mkv,EAT
EAT/msasl_eat_Examples_of_Baby_Sign_Language.mp4_aug_brightness_contrast.mp4,EAT
EAT/msasl_eat_Examples_of_Baby_Sign_Language.mp4_aug_horizontal_flip.mp4,EAT
EAT/msasl_eat_Examples_of_Baby_Sign_Language.mp4_aug_slight_rotation.mp4,EAT
EAT/msasl_eat_Examples_of_Baby_Sign_Language.mp4_aug_temporal.mp4,EAT
EAT/msasl_eat_FOOD.mp4,EAT
EAT/msasl_eat_FOOD_aug_brightness_contrast.mp4,EAT
EAT/msasl_eat_FOOD_aug_horizontal_flip.mp4,EAT
EAT/msasl_eat_FOOD_aug_slight_rotation.mp4,EAT
EAT/msasl_eat_FOOD_aug_temporal.mp4,EAT
EAT/msasl_eat_First_100_Verbs_in_ASL_with_captions.mp4.mkv,EAT
EAT/msasl_eat_First_100_Verbs_in_ASL_with_captions.mp4_aug_brightness_contrast.mp4,EAT
EAT/msasl_eat_First_100_Verbs_in_ASL_with_captions.mp4_aug_horizontal_flip.mp4,EAT
EAT/msasl_eat_First_100_Verbs_in_ASL_with_captions.mp4_aug_slight_rotation.mp4,EAT
EAT/msasl_eat_First_100_Verbs_in_ASL_with_captions.mp4_aug_temporal.mp4,EAT
EAT/msasl_eat_Food_in_Sign_Language_ASL_Dictionary_for_kids.mp4.webm,EAT
EAT/msasl_eat_Food_in_Sign_Language_ASL_Dictionary_for_kids.mp4_aug_brightness_contrast.mp4,EAT
EAT/msasl_eat_Food_in_Sign_Language_ASL_Dictionary_for_kids.mp4_aug_horizontal_flip.mp4,EAT
EAT/msasl_eat_Food_in_Sign_Language_ASL_Dictionary_for_kids.mp4_aug_slight_rotation.mp4,EAT
EAT/msasl_eat_Food_in_Sign_Language_ASL_Dictionary_for_kids.mp4_aug_temporal.mp4,EAT
EAT/msasl_eat_How_to_sign_Eat_-_ASL_Vocabulary_Series.mp4,EAT
EAT/msasl_eat_How_to_sign_Eat_-_ASL_Vocabulary_Series_aug_brightness_contrast.mp4,EAT
EAT/msasl_eat_How_to_sign_Eat_-_ASL_Vocabulary_Series_aug_horizontal_flip.mp4,EAT
EAT/msasl_eat_How_to_sign_Eat_-_ASL_Vocabulary_Series_aug_slight_rotation.mp4,EAT
EAT/msasl_eat_How_to_sign_Eat_-_ASL_Vocabulary_Series_aug_temporal.mp4,EAT
EAT/msasl_eat_How_to_sign_Food_-_ASL_Vocabulary_Series.mp4.mkv,EAT
EAT/msasl_eat_How_to_sign_Food_-_ASL_Vocabulary_Series.mp4_aug_brightness_contrast.mp4,EAT
EAT/msasl_eat_How_to_sign_Food_-_ASL_Vocabulary_Series.mp4_aug_horizontal_flip.mp4,EAT
EAT/msasl_eat_How_to_sign_Food_-_ASL_Vocabulary_Series.mp4_aug_slight_rotation.mp4,EAT
EAT/msasl_eat_How_to_sign_Food_-_ASL_Vocabulary_Series.mp4_aug_temporal.mp4,EAT
EAT/msasl_eat_Lesson_4_Vocabulary_-_A_Basic_Course_(ABC)_in_ASL.mp4.mkv,EAT
EAT/msasl_eat_Lesson_4_Vocabulary_-_A_Basic_Course_(ABC)_in_ASL.mp4_aug_brightness_contrast.mp4,EAT
EAT/msasl_eat_Lesson_4_Vocabulary_-_A_Basic_Course_(ABC)_in_ASL.mp4_aug_horizontal_flip.mp4,EAT
EAT/msasl_eat_Lesson_4_Vocabulary_-_A_Basic_Course_(ABC)_in_ASL.mp4_aug_slight_rotation.mp4,EAT
EAT/msasl_eat_Lesson_4_Vocabulary_-_A_Basic_Course_(ABC)_in_ASL.mp4_aug_temporal.mp4,EAT
EAT/msasl_eat_Major_Exports_Vocabulary_ASL_-_American_Sign_Language.mp4.mkv,EAT
EAT/msasl_eat_Major_Exports_Vocabulary_ASL_-_American_Sign_Language.mp4_aug_brightness_contrast.mp4,EAT
EAT/msasl_eat_Major_Exports_Vocabulary_ASL_-_American_Sign_Language.mp4_aug_horizontal_flip.mp4,EAT
EAT/msasl_eat_Major_Exports_Vocabulary_ASL_-_American_Sign_Language.mp4_aug_slight_rotation.mp4,EAT
EAT/msasl_eat_Major_Exports_Vocabulary_ASL_-_American_Sign_Language.mp4_aug_temporal.mp4,EAT
EAT/msasl_eat_Mr_Miseners_ASL_lesson_4_review.mp4.mkv,EAT
EAT/msasl_eat_Mr_Miseners_ASL_lesson_4_review.mp4_aug_brightness_contrast.mp4,EAT
EAT/msasl_eat_Mr_Miseners_ASL_lesson_4_review.mp4_aug_horizontal_flip.mp4,EAT
EAT/msasl_eat_Mr_Miseners_ASL_lesson_4_review.mp4_aug_slight_rotation.mp4,EAT
EAT/msasl_eat_Mr_Miseners_ASL_lesson_4_review.mp4_aug_temporal.mp4,EAT
EAT/msasl_eat_Signing_Naturally_Unit_14_Vocabulary_(UpdatedShorter_Version).mp4.mkv,EAT
EAT/msasl_eat_Signing_Naturally_Unit_14_Vocabulary_(UpdatedShorter_Version).mp4_aug_brightness_contrast.mp4,EAT
EAT/msasl_eat_Signing_Naturally_Unit_14_Vocabulary_(UpdatedShorter_Version).mp4_aug_horizontal_flip.mp4,EAT
EAT/msasl_eat_Signing_Naturally_Unit_14_Vocabulary_(UpdatedShorter_Version).mp4_aug_slight_rotation.mp4,EAT
EAT/msasl_eat_Signing_Naturally_Unit_14_Vocabulary_(UpdatedShorter_Version).mp4_aug_temporal.mp4,EAT
EAT/msasl_eat_Signing_Naturally_Unit_14_Vocabulary_Signed_by_Dr_Wooten.mp4,EAT
EAT/msasl_eat_Signing_Naturally_Unit_14_Vocabulary_Signed_by_Dr_Wooten_aug_brightness_contrast.mp4,EAT
EAT/msasl_eat_Signing_Naturally_Unit_14_Vocabulary_Signed_by_Dr_Wooten_aug_horizontal_flip.mp4,EAT
EAT/msasl_eat_Signing_Naturally_Unit_14_Vocabulary_Signed_by_Dr_Wooten_aug_slight_rotation.mp4,EAT
EAT/msasl_eat_Signing_Naturally_Unit_14_Vocabulary_Signed_by_Dr_Wooten_aug_temporal.mp4,EAT
EAT/msasl_eat_Signing_Naturally_Unit_2.mp4.mkv,EAT
EAT/msasl_eat_Signing_Naturally_Unit_2.mp4_aug_brightness_contrast.mp4,EAT
EAT/msasl_eat_Signing_Naturally_Unit_2.mp4_aug_horizontal_flip.mp4,EAT
EAT/msasl_eat_Signing_Naturally_Unit_2.mp4_aug_slight_rotation.mp4,EAT
EAT/msasl_eat_Signing_Naturally_Unit_2.mp4_aug_temporal.mp4,EAT
EAT/msasl_eat_To_eat_-_Asl.mp4,EAT
EAT/msasl_eat_To_eat_-_Asl_aug_brightness_contrast.mp4,EAT
EAT/msasl_eat_To_eat_-_Asl_aug_horizontal_flip.mp4,EAT
EAT/msasl_eat_To_eat_-_Asl_aug_slight_rotation.mp4,EAT
EAT/msasl_eat_To_eat_-_Asl_aug_temporal.mp4,EAT
EAT/msasl_eat_UNIT_11.mp4.mkv,EAT
EAT/msasl_eat_UNIT_11.mp4_aug_brightness_contrast.mp4,EAT
EAT/msasl_eat_UNIT_11.mp4_aug_horizontal_flip.mp4,EAT
EAT/msasl_eat_UNIT_11.mp4_aug_slight_rotation.mp4,EAT
EAT/msasl_eat_UNIT_11.mp4_aug_temporal.mp4,EAT
EAT/msasl_eat_Unit_10.mp4,EAT
EAT/msasl_eat_Unit_10_aug_brightness_contrast.mp4,EAT
EAT/msasl_eat_Unit_10_aug_horizontal_flip.mp4,EAT
EAT/msasl_eat_Unit_10_aug_slight_rotation.mp4,EAT
EAT/msasl_eat_Unit_10_aug_temporal.mp4,EAT
EAT/msasl_eat_Unit_10_Vocabulary.mp4.mkv,EAT
EAT/msasl_eat_Unit_10_Vocabulary.mp4_aug_brightness_contrast.mp4,EAT
EAT/msasl_eat_Unit_10_Vocabulary.mp4_aug_horizontal_flip.mp4,EAT
EAT/msasl_eat_Unit_10_Vocabulary.mp4_aug_slight_rotation.mp4,EAT
EAT/msasl_eat_Unit_10_Vocabulary.mp4_aug_temporal.mp4,EAT
EAT/msasl_eat_Unit_10_Vocabulary_(turn_on_CC)_-_Food_Unit_(part_one_of_three)_in_ASL_(American_Sign_Language).mp4,EAT
EAT/msasl_eat_Unit_10_Vocabulary_(turn_on_CC)_-_Food_Unit_(part_one_of_three)_in_ASL_(American_Sign_Language)_aug_brightness_contrast.mp4,EAT
EAT/msasl_eat_Unit_10_Vocabulary_(turn_on_CC)_-_Food_Unit_(part_one_of_three)_in_ASL_(American_Sign_Language)_aug_horizontal_flip.mp4,EAT
EAT/msasl_eat_Unit_10_Vocabulary_(turn_on_CC)_-_Food_Unit_(part_one_of_three)_in_ASL_(American_Sign_Language)_aug_slight_rotation.mp4,EAT
EAT/msasl_eat_Unit_10_Vocabulary_(turn_on_CC)_-_Food_Unit_(part_one_of_three)_in_ASL_(American_Sign_Language)_aug_temporal.mp4,EAT
EAT/msasl_eat_Unit_10_Vocabulary_-_Part_1mp4.mp4,EAT
EAT/msasl_eat_Unit_10_Vocabulary_-_Part_1mp4_aug_brightness_contrast.mp4,EAT
EAT/msasl_eat_Unit_10_Vocabulary_-_Part_1mp4_aug_horizontal_flip.mp4,EAT
EAT/msasl_eat_Unit_10_Vocabulary_-_Part_1mp4_aug_slight_rotation.mp4,EAT
EAT/msasl_eat_Unit_10_Vocabulary_-_Part_1mp4_aug_temporal.mp4,EAT
EAT/msasl_eat_Unit_11_Vocabulary.mp4.mkv,EAT
EAT/msasl_eat_Unit_11_Vocabulary.mp4_aug_brightness_contrast.mp4,EAT
EAT/msasl_eat_Unit_11_Vocabulary.mp4_aug_horizontal_flip.mp4,EAT
EAT/msasl_eat_Unit_11_Vocabulary.mp4_aug_slight_rotation.mp4,EAT
EAT/msasl_eat_Unit_11_Vocabulary.mp4_aug_temporal.mp4,EAT
EAT/msasl_eat_Unit_11_Vocabularymp4.mp4.mkv,EAT
EAT/msasl_eat_Unit_11_Vocabularymp4.mp4_aug_brightness_contrast.mp4,EAT
EAT/msasl_eat_Unit_11_Vocabularymp4.mp4_aug_horizontal_flip.mp4,EAT
EAT/msasl_eat_Unit_11_Vocabularymp4.mp4_aug_slight_rotation.mp4,EAT
EAT/msasl_eat_Unit_11_Vocabularymp4.mp4_aug_temporal.mp4,EAT
EAT/msasl_eat_Unit_2_Vocabulary_ASL_Level_1_-_American_Sign_Language.mp4.webm,EAT
EAT/msasl_eat_Unit_2_Vocabulary_ASL_Level_1_-_American_Sign_Language.mp4_aug_brightness_contrast.mp4,EAT
EAT/msasl_eat_Unit_2_Vocabulary_ASL_Level_1_-_American_Sign_Language.mp4_aug_horizontal_flip.mp4,EAT
EAT/msasl_eat_Unit_2_Vocabulary_ASL_Level_1_-_American_Sign_Language.mp4_aug_slight_rotation.mp4,EAT
EAT/msasl_eat_Unit_2_Vocabulary_ASL_Level_1_-_American_Sign_Language.mp4_aug_temporal.mp4,EAT
EAT/msasl_eat_Useful_vocab.mp4,EAT
EAT/msasl_eat_Useful_vocab_aug_brightness_contrast.mp4,EAT
EAT/msasl_eat_Useful_vocab_aug_horizontal_flip.mp4,EAT
EAT/msasl_eat_Useful_vocab_aug_slight_rotation.mp4,EAT
EAT/msasl_eat_Useful_vocab_aug_temporal.mp4,EAT
EAT/msasl_eat_deaffriendly_ASL_Vocabulary_-_Hotel.mp4,EAT
EAT/msasl_eat_deaffriendly_ASL_Vocabulary_-_Hotel_aug_brightness_contrast.mp4,EAT
EAT/msasl_eat_deaffriendly_ASL_Vocabulary_-_Hotel_aug_horizontal_flip.mp4,EAT
EAT/msasl_eat_deaffriendly_ASL_Vocabulary_-_Hotel_aug_slight_rotation.mp4,EAT
EAT/msasl_eat_deaffriendly_ASL_Vocabulary_-_Hotel_aug_temporal.mp4,EAT
EAT/msasl_eat_eat_-_ASL_sign_for_eat.mp4.mkv,EAT
EAT/msasl_eat_eat_-_ASL_sign_for_eat.mp4_aug_brightness_contrast.mp4,EAT
EAT/msasl_eat_eat_-_ASL_sign_for_eat.mp4_aug_horizontal_flip.mp4,EAT
EAT/msasl_eat_eat_-_ASL_sign_for_eat.mp4_aug_slight_rotation.mp4,EAT
EAT/msasl_eat_eat_-_ASL_sign_for_eat.mp4_aug_temporal.mp4,EAT
EAT/wlasl_18323.mp4,EAT
EAT/wlasl_18323_aug_brightness_contrast.mp4,EAT
EAT/wlasl_18323_aug_horizontal_flip.mp4,EAT
EAT/wlasl_18323_aug_slight_rotation.mp4,EAT
EAT/wlasl_18323_aug_temporal.mp4,EAT
EAT/wlasl_18324.mp4,EAT
EAT/wlasl_18324_aug_brightness_contrast.mp4,EAT
EAT/wlasl_18324_aug_horizontal_flip.mp4,EAT
EAT/wlasl_18324_aug_slight_rotation.mp4,EAT
EAT/wlasl_18324_aug_temporal.mp4,EAT
EAT/wlasl_18325.mp4,EAT
EAT/wlasl_18325_aug_brightness_contrast.mp4,EAT
EAT/wlasl_18325_aug_horizontal_flip.mp4,EAT
EAT/wlasl_18325_aug_slight_rotation.mp4,EAT
EAT/wlasl_18325_aug_temporal.mp4,EAT
EAT/wlasl_18329.mp4,EAT
EAT/wlasl_18329_aug_brightness_contrast.mp4,EAT
EAT/wlasl_18329_aug_horizontal_flip.mp4,EAT
EAT/wlasl_18329_aug_slight_rotation.mp4,EAT
EAT/wlasl_18329_aug_temporal.mp4,EAT
EAT/wlasl_69307.mp4,EAT
EAT/wlasl_69307_aug_brightness_contrast.mp4,EAT
EAT/wlasl_69307_aug_horizontal_flip.mp4,EAT
EAT/wlasl_69307_aug_slight_rotation.mp4,EAT
EAT/wlasl_69307_aug_temporal.mp4,EAT
FAMILY/ASLLVD_FAMILY__ASL_2006_10_10_scene9-1602-1634_camera1.mov,FAMILY
FAMILY/ASLLVD_FAMILY__ASL_2006_10_10_scene9-1602-1634_camera1_aug_brightness_contrast.mp4,FAMILY
FAMILY/ASLLVD_FAMILY__ASL_2006_10_10_scene9-1602-1634_camera1_aug_horizontal_flip.mp4,FAMILY
FAMILY/ASLLVD_FAMILY__ASL_2006_10_10_scene9-1602-1634_camera1_aug_slight_rotation.mp4,FAMILY
FAMILY/ASLLVD_FAMILY__ASL_2006_10_10_scene9-1602-1634_camera1_aug_temporal.mp4,FAMILY
FAMILY/ASLLVD_FAMILY__ASL_2007_05_24_scene13-1724-1793_camera1.mov,FAMILY
FAMILY/ASLLVD_FAMILY__ASL_2007_05_24_scene13-1724-1793_camera1_aug_brightness_contrast.mp4,FAMILY
FAMILY/ASLLVD_FAMILY__ASL_2007_05_24_scene13-1724-1793_camera1_aug_horizontal_flip.mp4,FAMILY
FAMILY/ASLLVD_FAMILY__ASL_2007_05_24_scene13-1724-1793_camera1_aug_slight_rotation.mp4,FAMILY
FAMILY/ASLLVD_FAMILY__ASL_2007_05_24_scene13-1724-1793_camera1_aug_temporal.mp4,FAMILY
FAMILY/ASLLVD_FAMILY__ASL_2008_01_18_scene38-875-912_camera1.mov,FAMILY
FAMILY/ASLLVD_FAMILY__ASL_2008_01_18_scene38-875-912_camera1_aug_brightness_contrast.mp4,FAMILY
FAMILY/ASLLVD_FAMILY__ASL_2008_01_18_scene38-875-912_camera1_aug_horizontal_flip.mp4,FAMILY
FAMILY/ASLLVD_FAMILY__ASL_2008_01_18_scene38-875-912_camera1_aug_slight_rotation.mp4,FAMILY
FAMILY/ASLLVD_FAMILY__ASL_2008_01_18_scene38-875-912_camera1_aug_temporal.mp4,FAMILY
FAMILY/ASLLVD_FAMILY__ASL_2008_05_29_scene18-1190-1250_camera1.mov,FAMILY
FAMILY/ASLLVD_FAMILY__ASL_2008_05_29_scene18-1190-1250_camera1_aug_brightness_contrast.mp4,FAMILY
FAMILY/ASLLVD_FAMILY__ASL_2008_05_29_scene18-1190-1250_camera1_aug_horizontal_flip.mp4,FAMILY
FAMILY/ASLLVD_FAMILY__ASL_2008_05_29_scene18-1190-1250_camera1_aug_slight_rotation.mp4,FAMILY
FAMILY/ASLLVD_FAMILY__ASL_2008_05_29_scene18-1190-1250_camera1_aug_temporal.mp4,FAMILY
FAMILY/ASLLVD_FAMILY__ASL_2008_08_06_scene38-550-576_camera1.mov,FAMILY
FAMILY/ASLLVD_FAMILY__ASL_2008_08_06_scene38-550-576_camera1_aug_brightness_contrast.mp4,FAMILY
FAMILY/ASLLVD_FAMILY__ASL_2008_08_06_scene38-550-576_camera1_aug_horizontal_flip.mp4,FAMILY
FAMILY/ASLLVD_FAMILY__ASL_2008_08_06_scene38-550-576_camera1_aug_slight_rotation.mp4,FAMILY
FAMILY/ASLLVD_FAMILY__ASL_2008_08_06_scene38-550-576_camera1_aug_temporal.mp4,FAMILY
FAMILY/ASLLVD_FAMILY__ASL_2011_06_14_scene16-452-471_camera1.mov,FAMILY
FAMILY/ASLLVD_FAMILY__ASL_2011_06_14_scene16-452-471_camera1_aug_brightness_contrast.mp4,FAMILY
FAMILY/ASLLVD_FAMILY__ASL_2011_06_14_scene16-452-471_camera1_aug_horizontal_flip.mp4,FAMILY
FAMILY/ASLLVD_FAMILY__ASL_2011_06_14_scene16-452-471_camera1_aug_slight_rotation.mp4,FAMILY
FAMILY/ASLLVD_FAMILY__ASL_2011_06_14_scene16-452-471_camera1_aug_temporal.mp4,FAMILY
FAMILY/desktop.ini,FAMILY
FAMILY/desktop_aug_brightness_contrast.mp4,FAMILY
FAMILY/desktop_aug_horizontal_flip.mp4,FAMILY
FAMILY/desktop_aug_slight_rotation.mp4,FAMILY
FAMILY/desktop_aug_temporal.mp4,FAMILY
FAMILY/msasl_family_ASL1_Class_13_New_SIGNS.mp4.mkv,FAMILY
FAMILY/msasl_family_ASL1_Class_13_New_SIGNS.mp4_aug_brightness_contrast.mp4,FAMILY
FAMILY/msasl_family_ASL1_Class_13_New_SIGNS.mp4_aug_horizontal_flip.mp4,FAMILY
FAMILY/msasl_family_ASL1_Class_13_New_SIGNS.mp4_aug_slight_rotation.mp4,FAMILY
FAMILY/msasl_family_ASL1_Class_13_New_SIGNS.mp4_aug_temporal.mp4,FAMILY
FAMILY/msasl_family_ASL1_Class_19_New_SIGNS.mp4.mkv,FAMILY
FAMILY/msasl_family_ASL1_Class_19_New_SIGNS.mp4_aug_brightness_contrast.mp4,FAMILY
FAMILY/msasl_family_ASL1_Class_19_New_SIGNS.mp4_aug_horizontal_flip.mp4,FAMILY
FAMILY/msasl_family_ASL1_Class_19_New_SIGNS.mp4_aug_slight_rotation.mp4,FAMILY
FAMILY/msasl_family_ASL1_Class_19_New_SIGNS.mp4_aug_temporal.mp4,FAMILY
FAMILY/msasl_family_ASL_-_Extended_Family.mp4.mkv,FAMILY
FAMILY/msasl_family_ASL_-_Extended_Family.mp4_aug_brightness_contrast.mp4,FAMILY
FAMILY/msasl_family_ASL_-_Extended_Family.mp4_aug_horizontal_flip.mp4,FAMILY
FAMILY/msasl_family_ASL_-_Extended_Family.mp4_aug_slight_rotation.mp4,FAMILY
FAMILY/msasl_family_ASL_-_Extended_Family.mp4_aug_temporal.mp4,FAMILY
FAMILY/msasl_family_ASL_-_Family_Vacation_Places.mp4,FAMILY
FAMILY/msasl_family_ASL_-_Family_Vacation_Places_aug_brightness_contrast.mp4,FAMILY
FAMILY/msasl_family_ASL_-_Family_Vacation_Places_aug_horizontal_flip.mp4,FAMILY
FAMILY/msasl_family_ASL_-_Family_Vacation_Places_aug_slight_rotation.mp4,FAMILY
FAMILY/msasl_family_ASL_-_Family_Vacation_Places_aug_temporal.mp4,FAMILY
FAMILY/msasl_family_ASL_-_Immediate_Family.mp4.mkv,FAMILY
FAMILY/msasl_family_ASL_-_Immediate_Family.mp4_aug_brightness_contrast.mp4,FAMILY
FAMILY/msasl_family_ASL_-_Immediate_Family.mp4_aug_horizontal_flip.mp4,FAMILY
FAMILY/msasl_family_ASL_-_Immediate_Family.mp4_aug_slight_rotation.mp4,FAMILY
FAMILY/msasl_family_ASL_-_Immediate_Family.mp4_aug_temporal.mp4,FAMILY
FAMILY/msasl_family_ASL_1_Unit_3_Vocabulary.mp4.mkv,FAMILY
FAMILY/msasl_family_ASL_1_Unit_3_Vocabulary.mp4_aug_brightness_contrast.mp4,FAMILY
FAMILY/msasl_family_ASL_1_Unit_3_Vocabulary.mp4_aug_horizontal_flip.mp4,FAMILY
FAMILY/msasl_family_ASL_1_Unit_3_Vocabulary.mp4_aug_slight_rotation.mp4,FAMILY
FAMILY/msasl_family_ASL_1_Unit_3_Vocabulary.mp4_aug_temporal.mp4,FAMILY
FAMILY/msasl_family_ASL_1_Unit_4_Vocabulary(1).mp4.mkv,FAMILY
FAMILY/msasl_family_ASL_1_Unit_4_Vocabulary(1).mp4_aug_brightness_contrast.mp4,FAMILY
FAMILY/msasl_family_ASL_1_Unit_4_Vocabulary(1).mp4_aug_horizontal_flip.mp4,FAMILY
FAMILY/msasl_family_ASL_1_Unit_4_Vocabulary(1).mp4_aug_slight_rotation.mp4,FAMILY
FAMILY/msasl_family_ASL_1_Unit_4_Vocabulary(1).mp4_aug_temporal.mp4,FAMILY
FAMILY/msasl_family_ASL_1_Unit_4_Vocabulary.mp4.mkv,FAMILY
FAMILY/msasl_family_ASL_1_Unit_4_Vocabulary.mp4_aug_brightness_contrast.mp4,FAMILY
FAMILY/msasl_family_ASL_1_Unit_4_Vocabulary.mp4_aug_horizontal_flip.mp4,FAMILY
FAMILY/msasl_family_ASL_1_Unit_4_Vocabulary.mp4_aug_slight_rotation.mp4,FAMILY
FAMILY/msasl_family_ASL_1_Unit_4_Vocabulary.mp4_aug_temporal.mp4,FAMILY
FAMILY/msasl_family_ASL_Class_-_April_26.mp4.mkv,FAMILY
FAMILY/msasl_family_ASL_Class_-_April_26.mp4_aug_brightness_contrast.mp4,FAMILY
FAMILY/msasl_family_ASL_Class_-_April_26.mp4_aug_horizontal_flip.mp4,FAMILY
FAMILY/msasl_family_ASL_Class_-_April_26.mp4_aug_slight_rotation.mp4,FAMILY
FAMILY/msasl_family_ASL_Class_-_April_26.mp4_aug_temporal.mp4,FAMILY
FAMILY/msasl_family_ASL_Dictionary_-_Thanksgiving_Words.mp4.mkv,FAMILY
FAMILY/msasl_family_ASL_Dictionary_-_Thanksgiving_Words.mp4_aug_brightness_contrast.mp4,FAMILY
FAMILY/msasl_family_ASL_Dictionary_-_Thanksgiving_Words.mp4_aug_horizontal_flip.mp4,FAMILY
FAMILY/msasl_family_ASL_Dictionary_-_Thanksgiving_Words.mp4_aug_slight_rotation.mp4,FAMILY
FAMILY/msasl_family_ASL_Dictionary_-_Thanksgiving_Words.mp4_aug_temporal.mp4,FAMILY
FAMILY/msasl_family_ASL_FAMILY.mp4,FAMILY
FAMILY/msasl_family_ASL_FAMILY_aug_brightness_contrast.mp4,FAMILY
FAMILY/msasl_family_ASL_FAMILY_aug_horizontal_flip.mp4,FAMILY
FAMILY/msasl_family_ASL_FAMILY_aug_slight_rotation.mp4,FAMILY
FAMILY/msasl_family_ASL_FAMILY_aug_temporal.mp4,FAMILY
FAMILY/msasl_family_ASL_Family_Signs.mp4.webm,FAMILY
FAMILY/msasl_family_ASL_Family_Signs.mp4_aug_brightness_contrast.mp4,FAMILY
FAMILY/msasl_family_ASL_Family_Signs.mp4_aug_horizontal_flip.mp4,FAMILY
FAMILY/msasl_family_ASL_Family_Signs.mp4_aug_slight_rotation.mp4,FAMILY
FAMILY/msasl_family_ASL_Family_Signs.mp4_aug_temporal.mp4,FAMILY
FAMILY/msasl_family_ASL_I_-_Unit_5_Vocabulary_Review.mp4,FAMILY
FAMILY/msasl_family_ASL_I_-_Unit_5_Vocabulary_Review_aug_brightness_contrast.mp4,FAMILY
FAMILY/msasl_family_ASL_I_-_Unit_5_Vocabulary_Review_aug_horizontal_flip.mp4,FAMILY
FAMILY/msasl_family_ASL_I_-_Unit_5_Vocabulary_Review_aug_slight_rotation.mp4,FAMILY
FAMILY/msasl_family_ASL_I_-_Unit_5_Vocabulary_Review_aug_temporal.mp4,FAMILY
FAMILY/msasl_family_ASL_Signs_for_family_and_basic_school_related_words.mp4,FAMILY
FAMILY/msasl_family_ASL_Signs_for_family_and_basic_school_related_words_aug_brightness_contrast.mp4,FAMILY
FAMILY/msasl_family_ASL_Signs_for_family_and_basic_school_related_words_aug_horizontal_flip.mp4,FAMILY
FAMILY/msasl_family_ASL_Signs_for_family_and_basic_school_related_words_aug_slight_rotation.mp4,FAMILY
FAMILY/msasl_family_ASL_Signs_for_family_and_basic_school_related_words_aug_temporal.mp4,FAMILY
FAMILY/msasl_family_ASL_Vocabulary_(Spring_2018).mp4.webm,FAMILY
FAMILY/msasl_family_ASL_Vocabulary_(Spring_2018).mp4_aug_brightness_contrast.mp4,FAMILY
FAMILY/msasl_family_ASL_Vocabulary_(Spring_2018).mp4_aug_horizontal_flip.mp4,FAMILY
FAMILY/msasl_family_ASL_Vocabulary_(Spring_2018).mp4_aug_slight_rotation.mp4,FAMILY
FAMILY/msasl_family_ASL_Vocabulary_(Spring_2018).mp4_aug_temporal.mp4,FAMILY
FAMILY/msasl_family_ASL_conversation_class_2.mp4.mkv,FAMILY
FAMILY/msasl_family_ASL_conversation_class_2.mp4_aug_brightness_contrast.mp4,FAMILY
FAMILY/msasl_family_ASL_conversation_class_2.mp4_aug_horizontal_flip.mp4,FAMILY
FAMILY/msasl_family_ASL_conversation_class_2.mp4_aug_slight_rotation.mp4,FAMILY
FAMILY/msasl_family_ASL_conversation_class_2.mp4_aug_temporal.mp4,FAMILY
FAMILY/msasl_family_American_Sign_Language_(ASL)_Family_Signs_-_Part_Two.mp4.webm,FAMILY
FAMILY/msasl_family_American_Sign_Language_(ASL)_Family_Signs_-_Part_Two.mp4_aug_brightness_contrast.mp4,FAMILY
FAMILY/msasl_family_American_Sign_Language_(ASL)_Family_Signs_-_Part_Two.mp4_aug_horizontal_flip.mp4,FAMILY
FAMILY/msasl_family_American_Sign_Language_(ASL)_Family_Signs_-_Part_Two.mp4_aug_slight_rotation.mp4,FAMILY
FAMILY/msasl_family_American_Sign_Language_(ASL)_Family_Signs_-_Part_Two.mp4_aug_temporal.mp4,FAMILY
FAMILY/msasl_family_Aug_to_Oct_Voc_Captions.mp4,FAMILY
FAMILY/msasl_family_Aug_to_Oct_Voc_Captions_aug_brightness_contrast.mp4,FAMILY
FAMILY/msasl_family_Aug_to_Oct_Voc_Captions_aug_horizontal_flip.mp4,FAMILY
FAMILY/msasl_family_Aug_to_Oct_Voc_Captions_aug_slight_rotation.mp4,FAMILY
FAMILY/msasl_family_Aug_to_Oct_Voc_Captions_aug_temporal.mp4,FAMILY
FAMILY/msasl_family_Basic_Sign_Language_for_Caregivers_(family).mp4.mkv,FAMILY
FAMILY/msasl_family_Basic_Sign_Language_for_Caregivers_(family).mp4_aug_brightness_contrast.mp4,FAMILY
FAMILY/msasl_family_Basic_Sign_Language_for_Caregivers_(family).mp4_aug_horizontal_flip.mp4,FAMILY
FAMILY/msasl_family_Basic_Sign_Language_for_Caregivers_(family).mp4_aug_slight_rotation.mp4,FAMILY
FAMILY/msasl_family_Basic_Sign_Language_for_Caregivers_(family).mp4_aug_temporal.mp4,FAMILY
FAMILY/msasl_family_FAMILY(2).mp4,FAMILY
FAMILY/msasl_family_FAMILY(2)_aug_brightness_contrast.mp4,FAMILY
FAMILY/msasl_family_FAMILY(2)_aug_horizontal_flip.mp4,FAMILY
FAMILY/msasl_family_FAMILY(2)_aug_slight_rotation.mp4,FAMILY
FAMILY/msasl_family_FAMILY(2)_aug_temporal.mp4,FAMILY
FAMILY/msasl_family_FAMILY-non-initialized.mp4.mkv,FAMILY
FAMILY/msasl_family_FAMILY-non-initialized.mp4_aug_brightness_contrast.mp4,FAMILY
FAMILY/msasl_family_FAMILY-non-initialized.mp4_aug_horizontal_flip.mp4,FAMILY
FAMILY/msasl_family_FAMILY-non-initialized.mp4_aug_slight_rotation.mp4,FAMILY
FAMILY/msasl_family_FAMILY-non-initialized.mp4_aug_temporal.mp4,FAMILY
FAMILY/msasl_family_Family.mp4.mkv,FAMILY
FAMILY/msasl_family_Family.mp4_aug_brightness_contrast.mp4,FAMILY
FAMILY/msasl_family_Family.mp4_aug_horizontal_flip.mp4,FAMILY
FAMILY/msasl_family_Family.mp4_aug_slight_rotation.mp4,FAMILY
FAMILY/msasl_family_Family.mp4_aug_temporal.mp4,FAMILY
FAMILY/msasl_family_Family_Signs_in_ASL_-_American_Sign_Language.mp4.webm,FAMILY
FAMILY/msasl_family_Family_Signs_in_ASL_-_American_Sign_Language.mp4_aug_brightness_contrast.mp4,FAMILY
FAMILY/msasl_family_Family_Signs_in_ASL_-_American_Sign_Language.mp4_aug_horizontal_flip.mp4,FAMILY
FAMILY/msasl_family_Family_Signs_in_ASL_-_American_Sign_Language.mp4_aug_slight_rotation.mp4,FAMILY
FAMILY/msasl_family_Family_Signs_in_ASL_-_American_Sign_Language.mp4_aug_temporal.mp4,FAMILY
FAMILY/msasl_family_Family_Voc_Unit.mp4.mkv,FAMILY
FAMILY/msasl_family_Family_Voc_Unit.mp4_aug_brightness_contrast.mp4,FAMILY
FAMILY/msasl_family_Family_Voc_Unit.mp4_aug_horizontal_flip.mp4,FAMILY
FAMILY/msasl_family_Family_Voc_Unit.mp4_aug_slight_rotation.mp4,FAMILY
FAMILY/msasl_family_Family_Voc_Unit.mp4_aug_temporal.mp4,FAMILY
FAMILY/msasl_family_Family_Vocabulary.mp4.mkv,FAMILY
FAMILY/msasl_family_Family_Vocabulary.mp4_aug_brightness_contrast.mp4,FAMILY
FAMILY/msasl_family_Family_Vocabulary.mp4_aug_horizontal_flip.mp4,FAMILY
FAMILY/msasl_family_Family_Vocabulary.mp4_aug_slight_rotation.mp4,FAMILY
FAMILY/msasl_family_Family_Vocabulary.mp4_aug_temporal.mp4,FAMILY
FAMILY/msasl_family_How_to_sign_Easter_words_in_ASL.mp4,FAMILY
FAMILY/msasl_family_How_to_sign_Easter_words_in_ASL_aug_brightness_contrast.mp4,FAMILY
FAMILY/msasl_family_How_to_sign_Easter_words_in_ASL_aug_horizontal_flip.mp4,FAMILY
FAMILY/msasl_family_How_to_sign_Easter_words_in_ASL_aug_slight_rotation.mp4,FAMILY
FAMILY/msasl_family_How_to_sign_Easter_words_in_ASL_aug_temporal.mp4,FAMILY
FAMILY/msasl_family_Introduction_to_American_Sign_Language_Questions_and_Small_Talk.mp4.mkv,FAMILY
FAMILY/msasl_family_Introduction_to_American_Sign_Language_Questions_and_Small_Talk.mp4_aug_brightness_contrast.mp4,FAMILY
FAMILY/msasl_family_Introduction_to_American_Sign_Language_Questions_and_Small_Talk.mp4_aug_horizontal_flip.mp4,FAMILY
FAMILY/msasl_family_Introduction_to_American_Sign_Language_Questions_and_Small_Talk.mp4_aug_slight_rotation.mp4,FAMILY
FAMILY/msasl_family_Introduction_to_American_Sign_Language_Questions_and_Small_Talk.mp4_aug_temporal.mp4,FAMILY
FAMILY/msasl_family_Kindergarten_ASL_Vocabulary_-_1.mp4.mkv,FAMILY
FAMILY/msasl_family_Kindergarten_ASL_Vocabulary_-_1.mp4_aug_brightness_contrast.mp4,FAMILY
FAMILY/msasl_family_Kindergarten_ASL_Vocabulary_-_1.mp4_aug_horizontal_flip.mp4,FAMILY
FAMILY/msasl_family_Kindergarten_ASL_Vocabulary_-_1.mp4_aug_slight_rotation.mp4,FAMILY
FAMILY/msasl_family_Kindergarten_ASL_Vocabulary_-_1.mp4_aug_temporal.mp4,FAMILY
FAMILY/msasl_family_Lesson_2_Vocabulary_-_A_Basic_Course_(ABC)_in_ASL.mp4.mkv,FAMILY
FAMILY/msasl_family_Lesson_2_Vocabulary_-_A_Basic_Course_(ABC)_in_ASL.mp4_aug_brightness_contrast.mp4,FAMILY
FAMILY/msasl_family_Lesson_2_Vocabulary_-_A_Basic_Course_(ABC)_in_ASL.mp4_aug_horizontal_flip.mp4,FAMILY
FAMILY/msasl_family_Lesson_2_Vocabulary_-_A_Basic_Course_(ABC)_in_ASL.mp4_aug_slight_rotation.mp4,FAMILY
FAMILY/msasl_family_Lesson_2_Vocabulary_-_A_Basic_Course_(ABC)_in_ASL.mp4_aug_temporal.mp4,FAMILY
FAMILY/msasl_family_Mastering_ASL_Unit_4_Vocabulary_signed_by_Dr_Wooten.mp4,FAMILY
FAMILY/msasl_family_Mastering_ASL_Unit_4_Vocabulary_signed_by_Dr_Wooten_aug_brightness_contrast.mp4,FAMILY
FAMILY/msasl_family_Mastering_ASL_Unit_4_Vocabulary_signed_by_Dr_Wooten_aug_horizontal_flip.mp4,FAMILY
FAMILY/msasl_family_Mastering_ASL_Unit_4_Vocabulary_signed_by_Dr_Wooten_aug_slight_rotation.mp4,FAMILY
FAMILY/msasl_family_Mastering_ASL_Unit_4_Vocabulary_signed_by_Dr_Wooten_aug_temporal.mp4,FAMILY
FAMILY/msasl_family_People_Signs_in_ASL.mp4,FAMILY
FAMILY/msasl_family_People_Signs_in_ASL_aug_brightness_contrast.mp4,FAMILY
FAMILY/msasl_family_People_Signs_in_ASL_aug_horizontal_flip.mp4,FAMILY
FAMILY/msasl_family_People_Signs_in_ASL_aug_slight_rotation.mp4,FAMILY
FAMILY/msasl_family_People_Signs_in_ASL_aug_temporal.mp4,FAMILY
FAMILY/msasl_family_Sign_FAMILY.mp4.mkv,FAMILY
FAMILY/msasl_family_Sign_FAMILY.mp4_aug_brightness_contrast.mp4,FAMILY
FAMILY/msasl_family_Sign_FAMILY.mp4_aug_horizontal_flip.mp4,FAMILY
FAMILY/msasl_family_Sign_FAMILY.mp4_aug_slight_rotation.mp4,FAMILY
FAMILY/msasl_family_Sign_FAMILY.mp4_aug_temporal.mp4,FAMILY
FAMILY/msasl_family_Unit_08_Vocabulary.mp4.webm,FAMILY
FAMILY/msasl_family_Unit_08_Vocabulary.mp4_aug_brightness_contrast.mp4,FAMILY
FAMILY/msasl_family_Unit_08_Vocabulary.mp4_aug_horizontal_flip.mp4,FAMILY
FAMILY/msasl_family_Unit_08_Vocabulary.mp4_aug_slight_rotation.mp4,FAMILY
FAMILY/msasl_family_Unit_08_Vocabulary.mp4_aug_temporal.mp4,FAMILY
FAMILY/msasl_family_Unit_3_vocabulary.mp4,FAMILY
FAMILY/msasl_family_Unit_3_vocabulary_aug_brightness_contrast.mp4,FAMILY
FAMILY/msasl_family_Unit_3_vocabulary_aug_horizontal_flip.mp4,FAMILY
FAMILY/msasl_family_Unit_3_vocabulary_aug_slight_rotation.mp4,FAMILY
FAMILY/msasl_family_Unit_3_vocabulary_aug_temporal.mp4,FAMILY
FAMILY/msasl_family_Unit_4_vocabulary_pg_1-3.mp4,FAMILY
FAMILY/msasl_family_Unit_4_vocabulary_pg_1-3_aug_brightness_contrast.mp4,FAMILY
FAMILY/msasl_family_Unit_4_vocabulary_pg_1-3_aug_horizontal_flip.mp4,FAMILY
FAMILY/msasl_family_Unit_4_vocabulary_pg_1-3_aug_slight_rotation.mp4,FAMILY
FAMILY/msasl_family_Unit_4_vocabulary_pg_1-3_aug_temporal.mp4,FAMILY
FAMILY/msasl_family_Unit_8_Vocabulary(1).mp4,FAMILY
FAMILY/msasl_family_Unit_8_Vocabulary(1)_aug_brightness_contrast.mp4,FAMILY
FAMILY/msasl_family_Unit_8_Vocabulary(1)_aug_horizontal_flip.mp4,FAMILY
FAMILY/msasl_family_Unit_8_Vocabulary(1)_aug_slight_rotation.mp4,FAMILY
FAMILY/msasl_family_Unit_8_Vocabulary(1)_aug_temporal.mp4,FAMILY
FAMILY/msasl_family_Useful_vocab.mp4,FAMILY
FAMILY/msasl_family_Useful_vocab_aug_brightness_contrast.mp4,FAMILY
FAMILY/msasl_family_Useful_vocab_aug_horizontal_flip.mp4,FAMILY
FAMILY/msasl_family_Useful_vocab_aug_slight_rotation.mp4,FAMILY
FAMILY/msasl_family_Useful_vocab_aug_temporal.mp4,FAMILY
FAMILY/wlasl_20978.mp4,FAMILY
FAMILY/wlasl_20978_aug_brightness_contrast.mp4,FAMILY
FAMILY/wlasl_20978_aug_horizontal_flip.mp4,FAMILY
FAMILY/wlasl_20978_aug_slight_rotation.mp4,FAMILY
FAMILY/wlasl_20978_aug_temporal.mp4,FAMILY
FAMILY/wlasl_20979.mp4,FAMILY
FAMILY/wlasl_20979_aug_brightness_contrast.mp4,FAMILY
FAMILY/wlasl_20979_aug_horizontal_flip.mp4,FAMILY
FAMILY/wlasl_20979_aug_slight_rotation.mp4,FAMILY
FAMILY/wlasl_20979_aug_temporal.mp4,FAMILY
FAMILY/wlasl_20980.mp4,FAMILY
FAMILY/wlasl_20980_aug_brightness_contrast.mp4,FAMILY
FAMILY/wlasl_20980_aug_horizontal_flip.mp4,FAMILY
FAMILY/wlasl_20980_aug_slight_rotation.mp4,FAMILY
FAMILY/wlasl_20980_aug_temporal.mp4,FAMILY
FAMILY/wlasl_20981.mp4,FAMILY
FAMILY/wlasl_20981_aug_brightness_contrast.mp4,FAMILY
FAMILY/wlasl_20981_aug_horizontal_flip.mp4,FAMILY
FAMILY/wlasl_20981_aug_slight_rotation.mp4,FAMILY
FAMILY/wlasl_20981_aug_temporal.mp4,FAMILY
FAMILY/wlasl_20982.mp4,FAMILY
FAMILY/wlasl_20982_aug_brightness_contrast.mp4,FAMILY
FAMILY/wlasl_20982_aug_horizontal_flip.mp4,FAMILY
FAMILY/wlasl_20982_aug_slight_rotation.mp4,FAMILY
FAMILY/wlasl_20982_aug_temporal.mp4,FAMILY
FAMILY/wlasl_20983.mp4,FAMILY
FAMILY/wlasl_20983_aug_brightness_contrast.mp4,FAMILY
FAMILY/wlasl_20983_aug_horizontal_flip.mp4,FAMILY
FAMILY/wlasl_20983_aug_slight_rotation.mp4,FAMILY
FAMILY/wlasl_20983_aug_temporal.mp4,FAMILY
FAMILY/wlasl_20986.mp4,FAMILY
FAMILY/wlasl_20986_aug_brightness_contrast.mp4,FAMILY
FAMILY/wlasl_20986_aug_horizontal_flip.mp4,FAMILY
FAMILY/wlasl_20986_aug_slight_rotation.mp4,FAMILY
FAMILY/wlasl_20986_aug_temporal.mp4,FAMILY
FAMILY/wlasl_20987.mp4,FAMILY
FAMILY/wlasl_20987_aug_brightness_contrast.mp4,FAMILY
FAMILY/wlasl_20987_aug_horizontal_flip.mp4,FAMILY
FAMILY/wlasl_20987_aug_slight_rotation.mp4,FAMILY
FAMILY/wlasl_20987_aug_temporal.mp4,FAMILY
FAMILY/wlasl_69316.mp4,FAMILY
FAMILY/wlasl_69316_aug_brightness_contrast.mp4,FAMILY
FAMILY/wlasl_69316_aug_horizontal_flip.mp4,FAMILY
FAMILY/wlasl_69316_aug_slight_rotation.mp4,FAMILY
FAMILY/wlasl_69316_aug_temporal.mp4,FAMILY
FATHER/ASLLVD_FATHER__ASL_2006_10_10_scene9-1084-1116_camera1.mov,FATHER
FATHER/ASLLVD_FATHER__ASL_2006_10_10_scene9-1084-1116_camera1_aug_brightness_contrast.mp4,FATHER
FATHER/ASLLVD_FATHER__ASL_2006_10_10_scene9-1084-1116_camera1_aug_horizontal_flip.mp4,FATHER
FATHER/ASLLVD_FATHER__ASL_2006_10_10_scene9-1084-1116_camera1_aug_slight_rotation.mp4,FATHER
FATHER/ASLLVD_FATHER__ASL_2006_10_10_scene9-1084-1116_camera1_aug_temporal.mp4,FATHER
FATHER/ASLLVD_FATHER__ASL_2007_05_24_scene13-1138-1182_camera1.mov,FATHER
FATHER/ASLLVD_FATHER__ASL_2007_05_24_scene13-1138-1182_camera1_aug_brightness_contrast.mp4,FATHER
FATHER/ASLLVD_FATHER__ASL_2007_05_24_scene13-1138-1182_camera1_aug_horizontal_flip.mp4,FATHER
FATHER/ASLLVD_FATHER__ASL_2007_05_24_scene13-1138-1182_camera1_aug_slight_rotation.mp4,FATHER
FATHER/ASLLVD_FATHER__ASL_2007_05_24_scene13-1138-1182_camera1_aug_temporal.mp4,FATHER
FATHER/ASLLVD_FATHER__ASL_2008_01_18_scene39-1320-1345_camera1.mov,FATHER
FATHER/ASLLVD_FATHER__ASL_2008_01_18_scene39-1320-1345_camera1_aug_brightness_contrast.mp4,FATHER
FATHER/ASLLVD_FATHER__ASL_2008_01_18_scene39-1320-1345_camera1_aug_horizontal_flip.mp4,FATHER
FATHER/ASLLVD_FATHER__ASL_2008_01_18_scene39-1320-1345_camera1_aug_slight_rotation.mp4,FATHER
FATHER/ASLLVD_FATHER__ASL_2008_01_18_scene39-1320-1345_camera1_aug_temporal.mp4,FATHER
FATHER/ASLLVD_FATHER__ASL_2008_05_29_scene19-2487-2527_camera1.mov,FATHER
FATHER/ASLLVD_FATHER__ASL_2008_05_29_scene19-2487-2527_camera1_aug_brightness_contrast.mp4,FATHER
FATHER/ASLLVD_FATHER__ASL_2008_05_29_scene19-2487-2527_camera1_aug_horizontal_flip.mp4,FATHER
FATHER/ASLLVD_FATHER__ASL_2008_05_29_scene19-2487-2527_camera1_aug_slight_rotation.mp4,FATHER
FATHER/ASLLVD_FATHER__ASL_2008_05_29_scene19-2487-2527_camera1_aug_temporal.mp4,FATHER
FATHER/ASLLVD_FATHER__ASL_2008_08_06_scene39-1140-1162_camera1.mov,FATHER
FATHER/ASLLVD_FATHER__ASL_2008_08_06_scene39-1140-1162_camera1_aug_brightness_contrast.mp4,FATHER
FATHER/ASLLVD_FATHER__ASL_2008_08_06_scene39-1140-1162_camera1_aug_horizontal_flip.mp4,FATHER
FATHER/ASLLVD_FATHER__ASL_2008_08_06_scene39-1140-1162_camera1_aug_slight_rotation.mp4,FATHER
FATHER/ASLLVD_FATHER__ASL_2008_08_06_scene39-1140-1162_camera1_aug_temporal.mp4,FATHER
FATHER/ASLLVD_FATHER__ASL_2011_06_14_scene16-5637-5653_camera1.mov,FATHER
FATHER/ASLLVD_FATHER__ASL_2011_06_14_scene16-5637-5653_camera1_aug_brightness_contrast.mp4,FATHER
FATHER/ASLLVD_FATHER__ASL_2011_06_14_scene16-5637-5653_camera1_aug_horizontal_flip.mp4,FATHER
FATHER/ASLLVD_FATHER__ASL_2011_06_14_scene16-5637-5653_camera1_aug_slight_rotation.mp4,FATHER
FATHER/ASLLVD_FATHER__ASL_2011_06_14_scene16-5637-5653_camera1_aug_temporal.mp4,FATHER
FATHER/desktop.ini,FATHER
FATHER/desktop_aug_brightness_contrast.mp4,FATHER
FATHER/desktop_aug_horizontal_flip.mp4,FATHER
FATHER/desktop_aug_slight_rotation.mp4,FATHER
FATHER/desktop_aug_temporal.mp4,FATHER
FATHER/msasl_father_ASL1_Class_20_New_SIGNS.mp4,FATHER
FATHER/msasl_father_ASL1_Class_20_New_SIGNS_aug_brightness_contrast.mp4,FATHER
FATHER/msasl_father_ASL1_Class_20_New_SIGNS_aug_horizontal_flip.mp4,FATHER
FATHER/msasl_father_ASL1_Class_20_New_SIGNS_aug_slight_rotation.mp4,FATHER
FATHER/msasl_father_ASL1_Class_20_New_SIGNS_aug_temporal.mp4,FATHER
FATHER/msasl_father_ASL_-_Immediate_Family.mp4.mkv,FATHER
FATHER/msasl_father_ASL_-_Immediate_Family.mp4_aug_brightness_contrast.mp4,FATHER
FATHER/msasl_father_ASL_-_Immediate_Family.mp4_aug_horizontal_flip.mp4,FATHER
FATHER/msasl_father_ASL_-_Immediate_Family.mp4_aug_slight_rotation.mp4,FATHER
FATHER/msasl_father_ASL_-_Immediate_Family.mp4_aug_temporal.mp4,FATHER
FATHER/msasl_father_ASL_1_Unit_3_Vocabulary.mp4.mkv,FATHER
FATHER/msasl_father_ASL_1_Unit_3_Vocabulary.mp4_aug_brightness_contrast.mp4,FATHER
FATHER/msasl_father_ASL_1_Unit_3_Vocabulary.mp4_aug_horizontal_flip.mp4,FATHER
FATHER/msasl_father_ASL_1_Unit_3_Vocabulary.mp4_aug_slight_rotation.mp4,FATHER
FATHER/msasl_father_ASL_1_Unit_3_Vocabulary.mp4_aug_temporal.mp4,FATHER
FATHER/msasl_father_ASL_1_Unit_4_Vocabulary(1).mp4.mkv,FATHER
FATHER/msasl_father_ASL_1_Unit_4_Vocabulary(1).mp4_aug_brightness_contrast.mp4,FATHER
FATHER/msasl_father_ASL_1_Unit_4_Vocabulary(1).mp4_aug_horizontal_flip.mp4,FATHER
FATHER/msasl_father_ASL_1_Unit_4_Vocabulary(1).mp4_aug_slight_rotation.mp4,FATHER
FATHER/msasl_father_ASL_1_Unit_4_Vocabulary(1).mp4_aug_temporal.mp4,FATHER
FATHER/msasl_father_ASL_1_Unit_4_Vocabulary.mp4.mkv,FATHER
FATHER/msasl_father_ASL_1_Unit_4_Vocabulary.mp4_aug_brightness_contrast.mp4,FATHER
FATHER/msasl_father_ASL_1_Unit_4_Vocabulary.mp4_aug_horizontal_flip.mp4,FATHER
FATHER/msasl_father_ASL_1_Unit_4_Vocabulary.mp4_aug_slight_rotation.mp4,FATHER
FATHER/msasl_father_ASL_1_Unit_4_Vocabulary.mp4_aug_temporal.mp4,FATHER
FATHER/msasl_father_ASL_FAMILY.mp4,FATHER
FATHER/msasl_father_ASL_FAMILY_aug_brightness_contrast.mp4,FATHER
FATHER/msasl_father_ASL_FAMILY_aug_horizontal_flip.mp4,FATHER
FATHER/msasl_father_ASL_FAMILY_aug_slight_rotation.mp4,FATHER
FATHER/msasl_father_ASL_FAMILY_aug_temporal.mp4,FATHER
FATHER/msasl_father_ASL_Family_Signs.mp4,FATHER
FATHER/msasl_father_ASL_Family_Signs_aug_brightness_contrast.mp4,FATHER
FATHER/msasl_father_ASL_Family_Signs_aug_horizontal_flip.mp4,FATHER
FATHER/msasl_father_ASL_Family_Signs_aug_slight_rotation.mp4,FATHER
FATHER/msasl_father_ASL_Family_Signs_aug_temporal.mp4,FATHER
FATHER/msasl_father_ASL_Family_Signs.mp4.webm,FATHER
FATHER/msasl_father_ASL_Family_Signs.mp4_aug_brightness_contrast.mp4,FATHER
FATHER/msasl_father_ASL_Family_Signs.mp4_aug_horizontal_flip.mp4,FATHER
FATHER/msasl_father_ASL_Family_Signs.mp4_aug_slight_rotation.mp4,FATHER
FATHER/msasl_father_ASL_Family_Signs.mp4_aug_temporal.mp4,FATHER
FATHER/msasl_father_ASL_Father_.mp4.webm,FATHER
FATHER/msasl_father_ASL_Father_.mp4_aug_brightness_contrast.mp4,FATHER
FATHER/msasl_father_ASL_Father_.mp4_aug_horizontal_flip.mp4,FATHER
FATHER/msasl_father_ASL_Father_.mp4_aug_slight_rotation.mp4,FATHER
FATHER/msasl_father_ASL_Father_.mp4_aug_temporal.mp4,FATHER
FATHER/msasl_father_ASL_I_-_Unit_5_Vocabulary_Review.mp4,FATHER
FATHER/msasl_father_ASL_I_-_Unit_5_Vocabulary_Review_aug_brightness_contrast.mp4,FATHER
FATHER/msasl_father_ASL_I_-_Unit_5_Vocabulary_Review_aug_horizontal_flip.mp4,FATHER
FATHER/msasl_father_ASL_I_-_Unit_5_Vocabulary_Review_aug_slight_rotation.mp4,FATHER
FATHER/msasl_father_ASL_I_-_Unit_5_Vocabulary_Review_aug_temporal.mp4,FATHER
FATHER/msasl_father_ASL_Signs_for_family_and_basic_school_related_words.mp4,FATHER
FATHER/msasl_father_ASL_Signs_for_family_and_basic_school_related_words_aug_brightness_contrast.mp4,FATHER
FATHER/msasl_father_ASL_Signs_for_family_and_basic_school_related_words_aug_horizontal_flip.mp4,FATHER
FATHER/msasl_father_ASL_Signs_for_family_and_basic_school_related_words_aug_slight_rotation.mp4,FATHER
FATHER/msasl_father_ASL_Signs_for_family_and_basic_school_related_words_aug_temporal.mp4,FATHER
FATHER/msasl_father_ASL_UNIT_1_VOCAB_signing_naturally.mp4,FATHER
FATHER/msasl_father_ASL_UNIT_1_VOCAB_signing_naturally_aug_brightness_contrast.mp4,FATHER
FATHER/msasl_father_ASL_UNIT_1_VOCAB_signing_naturally_aug_horizontal_flip.mp4,FATHER
FATHER/msasl_father_ASL_UNIT_1_VOCAB_signing_naturally_aug_slight_rotation.mp4,FATHER
FATHER/msasl_father_ASL_UNIT_1_VOCAB_signing_naturally_aug_temporal.mp4,FATHER
FATHER/msasl_father_ASL_conversation_class_2.mp4.mkv,FATHER
FATHER/msasl_father_ASL_conversation_class_2.mp4_aug_brightness_contrast.mp4,FATHER
FATHER/msasl_father_ASL_conversation_class_2.mp4_aug_horizontal_flip.mp4,FATHER
FATHER/msasl_father_ASL_conversation_class_2.mp4_aug_slight_rotation.mp4,FATHER
FATHER/msasl_father_ASL_conversation_class_2.mp4_aug_temporal.mp4,FATHER
FATHER/msasl_father_American_Sign_Language_(ASL)_Family_Signs_-_Part_One.mp4.webm,FATHER
FATHER/msasl_father_American_Sign_Language_(ASL)_Family_Signs_-_Part_One.mp4_aug_brightness_contrast.mp4,FATHER
FATHER/msasl_father_American_Sign_Language_(ASL)_Family_Signs_-_Part_One.mp4_aug_horizontal_flip.mp4,FATHER
FATHER/msasl_father_American_Sign_Language_(ASL)_Family_Signs_-_Part_One.mp4_aug_slight_rotation.mp4,FATHER
FATHER/msasl_father_American_Sign_Language_(ASL)_Family_Signs_-_Part_One.mp4_aug_temporal.mp4,FATHER
FATHER/msasl_father_Asl_1_Unit_2_Vocab.mp4.mkv,FATHER
FATHER/msasl_father_Asl_1_Unit_2_Vocab.mp4_aug_brightness_contrast.mp4,FATHER
FATHER/msasl_father_Asl_1_Unit_2_Vocab.mp4_aug_horizontal_flip.mp4,FATHER
FATHER/msasl_father_Asl_1_Unit_2_Vocab.mp4_aug_slight_rotation.mp4,FATHER
FATHER/msasl_father_Asl_1_Unit_2_Vocab.mp4_aug_temporal.mp4,FATHER
FATHER/msasl_father_Aug_to_Oct_Voc_Captions.mp4.mkv,FATHER
FATHER/msasl_father_Aug_to_Oct_Voc_Captions.mp4_aug_brightness_contrast.mp4,FATHER
FATHER/msasl_father_Aug_to_Oct_Voc_Captions.mp4_aug_horizontal_flip.mp4,FATHER
FATHER/msasl_father_Aug_to_Oct_Voc_Captions.mp4_aug_slight_rotation.mp4,FATHER
FATHER/msasl_father_Aug_to_Oct_Voc_Captions.mp4_aug_temporal.mp4,FATHER
FATHER/msasl_father_BASIC_preschool_signs.mp4.mkv,FATHER
FATHER/msasl_father_BASIC_preschool_signs.mp4_aug_brightness_contrast.mp4,FATHER
FATHER/msasl_father_BASIC_preschool_signs.mp4_aug_horizontal_flip.mp4,FATHER
FATHER/msasl_father_BASIC_preschool_signs.mp4_aug_slight_rotation.mp4,FATHER
FATHER/msasl_father_BASIC_preschool_signs.mp4_aug_temporal.mp4,FATHER
FATHER/msasl_father_Basic_ASL_Vocabulary_for_Babies.mp4,FATHER
FATHER/msasl_father_Basic_ASL_Vocabulary_for_Babies_aug_brightness_contrast.mp4,FATHER
FATHER/msasl_father_Basic_ASL_Vocabulary_for_Babies_aug_horizontal_flip.mp4,FATHER
FATHER/msasl_father_Basic_ASL_Vocabulary_for_Babies_aug_slight_rotation.mp4,FATHER
FATHER/msasl_father_Basic_ASL_Vocabulary_for_Babies_aug_temporal.mp4,FATHER
FATHER/msasl_father_Basic_Sign_Language_for_Caregivers_(family).mp4.mkv,FATHER
FATHER/msasl_father_Basic_Sign_Language_for_Caregivers_(family).mp4_aug_brightness_contrast.mp4,FATHER
FATHER/msasl_father_Basic_Sign_Language_for_Caregivers_(family).mp4_aug_horizontal_flip.mp4,FATHER
FATHER/msasl_father_Basic_Sign_Language_for_Caregivers_(family).mp4_aug_slight_rotation.mp4,FATHER
FATHER/msasl_father_Basic_Sign_Language_for_Caregivers_(family).mp4_aug_temporal.mp4,FATHER
FATHER/msasl_father_Basic_Sign_Language_for_Caregivers_of_the_DeafHard_of_Hearing.mp4.webm,FATHER
FATHER/msasl_father_Basic_Sign_Language_for_Caregivers_of_the_DeafHard_of_Hearing.mp4_aug_brightness_contrast.mp4,FATHER
FATHER/msasl_father_Basic_Sign_Language_for_Caregivers_of_the_DeafHard_of_Hearing.mp4_aug_horizontal_flip.mp4,FATHER
FATHER/msasl_father_Basic_Sign_Language_for_Caregivers_of_the_DeafHard_of_Hearing.mp4_aug_slight_rotation.mp4,FATHER
FATHER/msasl_father_Basic_Sign_Language_for_Caregivers_of_the_DeafHard_of_Hearing.mp4_aug_temporal.mp4,FATHER
FATHER/msasl_father_DAD(1).mp4,FATHER
FATHER/msasl_father_DAD(1)_aug_brightness_contrast.mp4,FATHER
FATHER/msasl_father_DAD(1)_aug_horizontal_flip.mp4,FATHER
FATHER/msasl_father_DAD(1)_aug_slight_rotation.mp4,FATHER
FATHER/msasl_father_DAD(1)_aug_temporal.mp4,FATHER
FATHER/msasl_father_Daddy_in_Sign_Language_ASL_Dictionary_for_kids.mp4.webm,FATHER
FATHER/msasl_father_Daddy_in_Sign_Language_ASL_Dictionary_for_kids.mp4_aug_brightness_contrast.mp4,FATHER
FATHER/msasl_father_Daddy_in_Sign_Language_ASL_Dictionary_for_kids.mp4_aug_horizontal_flip.mp4,FATHER
FATHER/msasl_father_Daddy_in_Sign_Language_ASL_Dictionary_for_kids.mp4_aug_slight_rotation.mp4,FATHER
FATHER/msasl_father_Daddy_in_Sign_Language_ASL_Dictionary_for_kids.mp4_aug_temporal.mp4,FATHER
FATHER/msasl_father_Examples_of_Baby_Sign_Language.mp4,FATHER
FATHER/msasl_father_Examples_of_Baby_Sign_Language_aug_brightness_contrast.mp4,FATHER
FATHER/msasl_father_Examples_of_Baby_Sign_Language_aug_horizontal_flip.mp4,FATHER
FATHER/msasl_father_Examples_of_Baby_Sign_Language_aug_slight_rotation.mp4,FATHER
FATHER/msasl_father_Examples_of_Baby_Sign_Language_aug_temporal.mp4,FATHER
FATHER/msasl_father_Examples_of_Baby_Sign_Language.mp4.mkv,FATHER
FATHER/msasl_father_Examples_of_Baby_Sign_Language.mp4_aug_brightness_contrast.mp4,FATHER
FATHER/msasl_father_Examples_of_Baby_Sign_Language.mp4_aug_horizontal_flip.mp4,FATHER
FATHER/msasl_father_Examples_of_Baby_Sign_Language.mp4_aug_slight_rotation.mp4,FATHER
FATHER/msasl_father_Examples_of_Baby_Sign_Language.mp4_aug_temporal.mp4,FATHER
FATHER/msasl_father_Family_Signs_in_ASL_-_American_Sign_Language.mp4,FATHER
FATHER/msasl_father_Family_Signs_in_ASL_-_American_Sign_Language_aug_brightness_contrast.mp4,FATHER
FATHER/msasl_father_Family_Signs_in_ASL_-_American_Sign_Language_aug_horizontal_flip.mp4,FATHER
FATHER/msasl_father_Family_Signs_in_ASL_-_American_Sign_Language_aug_slight_rotation.mp4,FATHER
FATHER/msasl_father_Family_Signs_in_ASL_-_American_Sign_Language_aug_temporal.mp4,FATHER
FATHER/msasl_father_Family_Voc_Unit.mp4.mkv,FATHER
FATHER/msasl_father_Family_Voc_Unit.mp4_aug_brightness_contrast.mp4,FATHER
FATHER/msasl_father_Family_Voc_Unit.mp4_aug_horizontal_flip.mp4,FATHER
FATHER/msasl_father_Family_Voc_Unit.mp4_aug_slight_rotation.mp4,FATHER
FATHER/msasl_father_Family_Voc_Unit.mp4_aug_temporal.mp4,FATHER
FATHER/msasl_father_Family_Vocabulary.mp4.mkv,FATHER
FATHER/msasl_father_Family_Vocabulary.mp4_aug_brightness_contrast.mp4,FATHER
FATHER/msasl_father_Family_Vocabulary.mp4_aug_horizontal_flip.mp4,FATHER
FATHER/msasl_father_Family_Vocabulary.mp4_aug_slight_rotation.mp4,FATHER
FATHER/msasl_father_Family_Vocabulary.mp4_aug_temporal.mp4,FATHER
FATHER/msasl_father_How_to_sign_Father_-_ASL_Vocabulary_Series.mp4.mkv,FATHER
FATHER/msasl_father_How_to_sign_Father_-_ASL_Vocabulary_Series.mp4_aug_brightness_contrast.mp4,FATHER
FATHER/msasl_father_How_to_sign_Father_-_ASL_Vocabulary_Series.mp4_aug_horizontal_flip.mp4,FATHER
FATHER/msasl_father_How_to_sign_Father_-_ASL_Vocabulary_Series.mp4_aug_slight_rotation.mp4,FATHER
FATHER/msasl_father_How_to_sign_Father_-_ASL_Vocabulary_Series.mp4_aug_temporal.mp4,FATHER
FATHER/msasl_father_Kindergarten_ASL_Vocabulary_-_1.mp4.mkv,FATHER
FATHER/msasl_father_Kindergarten_ASL_Vocabulary_-_1.mp4_aug_brightness_contrast.mp4,FATHER
FATHER/msasl_father_Kindergarten_ASL_Vocabulary_-_1.mp4_aug_horizontal_flip.mp4,FATHER
FATHER/msasl_father_Kindergarten_ASL_Vocabulary_-_1.mp4_aug_slight_rotation.mp4,FATHER
FATHER/msasl_father_Kindergarten_ASL_Vocabulary_-_1.mp4_aug_temporal.mp4,FATHER
FATHER/msasl_father_Lesson_2_Vocabulary_-_A_Basic_Course_(ABC)_in_ASL.mp4.mkv,FATHER
FATHER/msasl_father_Lesson_2_Vocabulary_-_A_Basic_Course_(ABC)_in_ASL.mp4_aug_brightness_contrast.mp4,FATHER
FATHER/msasl_father_Lesson_2_Vocabulary_-_A_Basic_Course_(ABC)_in_ASL.mp4_aug_horizontal_flip.mp4,FATHER
FATHER/msasl_father_Lesson_2_Vocabulary_-_A_Basic_Course_(ABC)_in_ASL.mp4_aug_slight_rotation.mp4,FATHER
FATHER/msasl_father_Lesson_2_Vocabulary_-_A_Basic_Course_(ABC)_in_ASL.mp4_aug_temporal.mp4,FATHER
FATHER/msasl_father_Level_1_Unit_5_Vocabulary.mp4,FATHER
FATHER/msasl_father_Level_1_Unit_5_Vocabulary_aug_brightness_contrast.mp4,FATHER
FATHER/msasl_father_Level_1_Unit_5_Vocabulary_aug_horizontal_flip.mp4,FATHER
FATHER/msasl_father_Level_1_Unit_5_Vocabulary_aug_slight_rotation.mp4,FATHER
FATHER/msasl_father_Level_1_Unit_5_Vocabulary_aug_temporal.mp4,FATHER
FATHER/msasl_father_Mastering_ASL_Unit_4_Vocabulary_signed_by_Dr_Wooten.mp4.mkv,FATHER
FATHER/msasl_father_Mastering_ASL_Unit_4_Vocabulary_signed_by_Dr_Wooten.mp4_aug_brightness_contrast.mp4,FATHER
FATHER/msasl_father_Mastering_ASL_Unit_4_Vocabulary_signed_by_Dr_Wooten.mp4_aug_horizontal_flip.mp4,FATHER
FATHER/msasl_father_Mastering_ASL_Unit_4_Vocabulary_signed_by_Dr_Wooten.mp4_aug_slight_rotation.mp4,FATHER
FATHER/msasl_father_Mastering_ASL_Unit_4_Vocabulary_signed_by_Dr_Wooten.mp4_aug_temporal.mp4,FATHER
FATHER/msasl_father_SWIC_Community_Ed_-_Class_One.mp4,FATHER
FATHER/msasl_father_SWIC_Community_Ed_-_Class_One_aug_brightness_contrast.mp4,FATHER
FATHER/msasl_father_SWIC_Community_Ed_-_Class_One_aug_horizontal_flip.mp4,FATHER
FATHER/msasl_father_SWIC_Community_Ed_-_Class_One_aug_slight_rotation.mp4,FATHER
FATHER/msasl_father_SWIC_Community_Ed_-_Class_One_aug_temporal.mp4,FATHER
FATHER/msasl_father_Sign_FATHER.mp4.mkv,FATHER
FATHER/msasl_father_Sign_FATHER.mp4_aug_brightness_contrast.mp4,FATHER
FATHER/msasl_father_Sign_FATHER.mp4_aug_horizontal_flip.mp4,FATHER
FATHER/msasl_father_Sign_FATHER.mp4_aug_slight_rotation.mp4,FATHER
FATHER/msasl_father_Sign_FATHER.mp4_aug_temporal.mp4,FATHER
FATHER/msasl_father_The_First_100_Signs_You_Need_to_Know.mp4.webm,FATHER
FATHER/msasl_father_The_First_100_Signs_You_Need_to_Know.mp4_aug_brightness_contrast.mp4,FATHER
FATHER/msasl_father_The_First_100_Signs_You_Need_to_Know.mp4_aug_horizontal_flip.mp4,FATHER
FATHER/msasl_father_The_First_100_Signs_You_Need_to_Know.mp4_aug_slight_rotation.mp4,FATHER
FATHER/msasl_father_The_First_100_Signs_You_Need_to_Know.mp4_aug_temporal.mp4,FATHER
FATHER/msasl_father_Unit_01_Vocabulary.mp4.webm,FATHER
FATHER/msasl_father_Unit_01_Vocabulary.mp4_aug_brightness_contrast.mp4,FATHER
FATHER/msasl_father_Unit_01_Vocabulary.mp4_aug_horizontal_flip.mp4,FATHER
FATHER/msasl_father_Unit_01_Vocabulary.mp4_aug_slight_rotation.mp4,FATHER
FATHER/msasl_father_Unit_01_Vocabulary.mp4_aug_temporal.mp4,FATHER
FATHER/msasl_father_Unit_1.mp4,FATHER
FATHER/msasl_father_Unit_1_aug_brightness_contrast.mp4,FATHER
FATHER/msasl_father_Unit_1_aug_horizontal_flip.mp4,FATHER
FATHER/msasl_father_Unit_1_aug_slight_rotation.mp4,FATHER
FATHER/msasl_father_Unit_1_aug_temporal.mp4,FATHER
FATHER/msasl_father_Unit_1_Vocabulary(3).mp4,FATHER
FATHER/msasl_father_Unit_1_Vocabulary(3)_aug_brightness_contrast.mp4,FATHER
FATHER/msasl_father_Unit_1_Vocabulary(3)_aug_horizontal_flip.mp4,FATHER
FATHER/msasl_father_Unit_1_Vocabulary(3)_aug_slight_rotation.mp4,FATHER
FATHER/msasl_father_Unit_1_Vocabulary(3)_aug_temporal.mp4,FATHER
FATHER/msasl_father_Unit_4_Family_Signs_Part_1_Members.mp4.mkv,FATHER
FATHER/msasl_father_Unit_4_Family_Signs_Part_1_Members.mp4_aug_brightness_contrast.mp4,FATHER
FATHER/msasl_father_Unit_4_Family_Signs_Part_1_Members.mp4_aug_horizontal_flip.mp4,FATHER
FATHER/msasl_father_Unit_4_Family_Signs_Part_1_Members.mp4_aug_slight_rotation.mp4,FATHER
FATHER/msasl_father_Unit_4_Family_Signs_Part_1_Members.mp4_aug_temporal.mp4,FATHER
FATHER/msasl_father_Unit_4_vocabulary_pg_1-3.mp4,FATHER
FATHER/msasl_father_Unit_4_vocabulary_pg_1-3_aug_brightness_contrast.mp4,FATHER
FATHER/msasl_father_Unit_4_vocabulary_pg_1-3_aug_horizontal_flip.mp4,FATHER
FATHER/msasl_father_Unit_4_vocabulary_pg_1-3_aug_slight_rotation.mp4,FATHER
FATHER/msasl_father_Unit_4_vocabulary_pg_1-3_aug_temporal.mp4,FATHER
FATHER/msasl_father_Unit_8.mp4.mkv,FATHER
FATHER/msasl_father_Unit_8.mp4_aug_brightness_contrast.mp4,FATHER
FATHER/msasl_father_Unit_8.mp4_aug_horizontal_flip.mp4,FATHER
FATHER/msasl_father_Unit_8.mp4_aug_slight_rotation.mp4,FATHER
FATHER/msasl_father_Unit_8.mp4_aug_temporal.mp4,FATHER
FEEL/ASLLVD_FEEL__ASL_2006_10_10_scene9-1746-1774_camera1.mov,FEEL
FEEL/ASLLVD_FEEL__ASL_2006_10_10_scene9-1746-1774_camera1_aug_brightness_contrast.mp4,FEEL
FEEL/ASLLVD_FEEL__ASL_2006_10_10_scene9-1746-1774_camera1_aug_horizontal_flip.mp4,FEEL
FEEL/ASLLVD_FEEL__ASL_2006_10_10_scene9-1746-1774_camera1_aug_slight_rotation.mp4,FEEL
FEEL/ASLLVD_FEEL__ASL_2006_10_10_scene9-1746-1774_camera1_aug_temporal.mp4,FEEL
FEEL/ASLLVD_FEEL__ASL_2007_05_24_scene13-1881-1957_camera1.mov,FEEL
FEEL/ASLLVD_FEEL__ASL_2007_05_24_scene13-1881-1957_camera1_aug_brightness_contrast.mp4,FEEL
FEEL/ASLLVD_FEEL__ASL_2007_05_24_scene13-1881-1957_camera1_aug_horizontal_flip.mp4,FEEL
FEEL/ASLLVD_FEEL__ASL_2007_05_24_scene13-1881-1957_camera1_aug_slight_rotation.mp4,FEEL
FEEL/ASLLVD_FEEL__ASL_2007_05_24_scene13-1881-1957_camera1_aug_temporal.mp4,FEEL
FEEL/ASLLVD_FEEL__ASL_2008_01_18_scene40-765-801_camera1.mov,FEEL
FEEL/ASLLVD_FEEL__ASL_2008_01_18_scene40-765-801_camera1_aug_brightness_contrast.mp4,FEEL
FEEL/ASLLVD_FEEL__ASL_2008_01_18_scene40-765-801_camera1_aug_horizontal_flip.mp4,FEEL
FEEL/ASLLVD_FEEL__ASL_2008_01_18_scene40-765-801_camera1_aug_slight_rotation.mp4,FEEL
FEEL/ASLLVD_FEEL__ASL_2008_01_18_scene40-765-801_camera1_aug_temporal.mp4,FEEL
FEEL/ASLLVD_FEEL__ASL_2008_05_29_scene13-3722-3755_camera1.mov,FEEL
FEEL/ASLLVD_FEEL__ASL_2008_05_29_scene13-3722-3755_camera1_aug_brightness_contrast.mp4,FEEL
FEEL/ASLLVD_FEEL__ASL_2008_05_29_scene13-3722-3755_camera1_aug_horizontal_flip.mp4,FEEL
FEEL/ASLLVD_FEEL__ASL_2008_05_29_scene13-3722-3755_camera1_aug_slight_rotation.mp4,FEEL
FEEL/ASLLVD_FEEL__ASL_2008_05_29_scene13-3722-3755_camera1_aug_temporal.mp4,FEEL
FEEL/ASLLVD_FEEL__ASL_2008_05_29_scene20-645-690_camera1.mov,FEEL
FEEL/ASLLVD_FEEL__ASL_2008_05_29_scene20-645-690_camera1_aug_brightness_contrast.mp4,FEEL
FEEL/ASLLVD_FEEL__ASL_2008_05_29_scene20-645-690_camera1_aug_horizontal_flip.mp4,FEEL
FEEL/ASLLVD_FEEL__ASL_2008_05_29_scene20-645-690_camera1_aug_slight_rotation.mp4,FEEL
FEEL/ASLLVD_FEEL__ASL_2008_05_29_scene20-645-690_camera1_aug_temporal.mp4,FEEL
FEEL/ASLLVD_FEEL__ASL_2008_08_06_scene40-705-741_camera1.mov,FEEL
FEEL/ASLLVD_FEEL__ASL_2008_08_06_scene40-705-741_camera1_aug_brightness_contrast.mp4,FEEL
FEEL/ASLLVD_FEEL__ASL_2008_08_06_scene40-705-741_camera1_aug_horizontal_flip.mp4,FEEL
FEEL/ASLLVD_FEEL__ASL_2008_08_06_scene40-705-741_camera1_aug_slight_rotation.mp4,FEEL
FEEL/ASLLVD_FEEL__ASL_2008_08_06_scene40-705-741_camera1_aug_temporal.mp4,FEEL
FEEL/ASLLVD_FEEL__ASL_2011_06_14_scene17-2854-2877_camera1.mov,FEEL
FEEL/ASLLVD_FEEL__ASL_2011_06_14_scene17-2854-2877_camera1_aug_brightness_contrast.mp4,FEEL
FEEL/ASLLVD_FEEL__ASL_2011_06_14_scene17-2854-2877_camera1_aug_horizontal_flip.mp4,FEEL
FEEL/ASLLVD_FEEL__ASL_2011_06_14_scene17-2854-2877_camera1_aug_slight_rotation.mp4,FEEL
FEEL/ASLLVD_FEEL__ASL_2011_06_14_scene17-2854-2877_camera1_aug_temporal.mp4,FEEL
FEEL/desktop.ini,FEEL
FEEL/desktop_aug_brightness_contrast.mp4,FEEL
FEEL/desktop_aug_horizontal_flip.mp4,FEEL
FEEL/desktop_aug_slight_rotation.mp4,FEEL
FEEL/desktop_aug_temporal.mp4,FEEL
FEEL/msasl_feel_ASL1_Class_51a_New_SIGNS.mp4.mkv,FEEL
FEEL/msasl_feel_ASL1_Class_51a_New_SIGNS.mp4_aug_brightness_contrast.mp4,FEEL
FEEL/msasl_feel_ASL1_Class_51a_New_SIGNS.mp4_aug_horizontal_flip.mp4,FEEL
FEEL/msasl_feel_ASL1_Class_51a_New_SIGNS.mp4_aug_slight_rotation.mp4,FEEL
FEEL/msasl_feel_ASL1_Class_51a_New_SIGNS.mp4_aug_temporal.mp4,FEEL
FEEL/msasl_feel_ASL_Class_-_April_26.mp4.mkv,FEEL
FEEL/msasl_feel_ASL_Class_-_April_26.mp4_aug_brightness_contrast.mp4,FEEL
FEEL/msasl_feel_ASL_Class_-_April_26.mp4_aug_horizontal_flip.mp4,FEEL
FEEL/msasl_feel_ASL_Class_-_April_26.mp4_aug_slight_rotation.mp4,FEEL
FEEL/msasl_feel_ASL_Class_-_April_26.mp4_aug_temporal.mp4,FEEL
FEEL/msasl_feel_Dr_Wooten_Signing_Unit_8_Vocabulary.mp4.mkv,FEEL
FEEL/msasl_feel_Dr_Wooten_Signing_Unit_8_Vocabulary.mp4_aug_brightness_contrast.mp4,FEEL
FEEL/msasl_feel_Dr_Wooten_Signing_Unit_8_Vocabulary.mp4_aug_horizontal_flip.mp4,FEEL
FEEL/msasl_feel_Dr_Wooten_Signing_Unit_8_Vocabulary.mp4_aug_slight_rotation.mp4,FEEL
FEEL/msasl_feel_Dr_Wooten_Signing_Unit_8_Vocabulary.mp4_aug_temporal.mp4,FEEL
FEEL/msasl_feel_FEEL(1).mp4,FEEL
FEEL/msasl_feel_FEEL(1)_aug_brightness_contrast.mp4,FEEL
FEEL/msasl_feel_FEEL(1)_aug_horizontal_flip.mp4,FEEL
FEEL/msasl_feel_FEEL(1)_aug_slight_rotation.mp4,FEEL
FEEL/msasl_feel_FEEL(1)_aug_temporal.mp4,FEEL
FEEL/msasl_feel_FEEL(2).mp4.mkv,FEEL
FEEL/msasl_feel_FEEL(2).mp4_aug_brightness_contrast.mp4,FEEL
FEEL/msasl_feel_FEEL(2).mp4_aug_horizontal_flip.mp4,FEEL
FEEL/msasl_feel_FEEL(2).mp4_aug_slight_rotation.mp4,FEEL
FEEL/msasl_feel_FEEL(2).mp4_aug_temporal.mp4,FEEL
FEEL/msasl_feel_Feel(1).mp4.mkv,FEEL
FEEL/msasl_feel_Feel(1).mp4_aug_brightness_contrast.mp4,FEEL
FEEL/msasl_feel_Feel(1).mp4_aug_horizontal_flip.mp4,FEEL
FEEL/msasl_feel_Feel(1).mp4_aug_slight_rotation.mp4,FEEL
FEEL/msasl_feel_Feel(1).mp4_aug_temporal.mp4,FEEL
FEEL/msasl_feel_Feel.mp4.mkv,FEEL
FEEL/msasl_feel_Feel.mp4_aug_brightness_contrast.mp4,FEEL
FEEL/msasl_feel_Feel.mp4_aug_horizontal_flip.mp4,FEEL
FEEL/msasl_feel_Feel.mp4_aug_slight_rotation.mp4,FEEL
FEEL/msasl_feel_Feel.mp4_aug_temporal.mp4,FEEL
FEEL/msasl_feel_Health_Vocabulary_ASL_-_American_Sign_Language.mp4.webm,FEEL
FEEL/msasl_feel_Health_Vocabulary_ASL_-_American_Sign_Language.mp4_aug_brightness_contrast.mp4,FEEL
FEEL/msasl_feel_Health_Vocabulary_ASL_-_American_Sign_Language.mp4_aug_horizontal_flip.mp4,FEEL
FEEL/msasl_feel_Health_Vocabulary_ASL_-_American_Sign_Language.mp4_aug_slight_rotation.mp4,FEEL
FEEL/msasl_feel_Health_Vocabulary_ASL_-_American_Sign_Language.mp4_aug_temporal.mp4,FEEL
FEEL/msasl_feel_Important_Emotion_signs.mp4,FEEL
FEEL/msasl_feel_Important_Emotion_signs_aug_brightness_contrast.mp4,FEEL
FEEL/msasl_feel_Important_Emotion_signs_aug_horizontal_flip.mp4,FEEL
FEEL/msasl_feel_Important_Emotion_signs_aug_slight_rotation.mp4,FEEL
FEEL/msasl_feel_Important_Emotion_signs_aug_temporal.mp4,FEEL
FEEL/msasl_feel_Master_ASL_Unit_8_(captions_available_click_on_CC_bottom_right).mp4.mkv,FEEL
FEEL/msasl_feel_Master_ASL_Unit_8_(captions_available_click_on_CC_bottom_right).mp4_aug_brightness_contrast.mp4,FEEL
FEEL/msasl_feel_Master_ASL_Unit_8_(captions_available_click_on_CC_bottom_right).mp4_aug_horizontal_flip.mp4,FEEL
FEEL/msasl_feel_Master_ASL_Unit_8_(captions_available_click_on_CC_bottom_right).mp4_aug_slight_rotation.mp4,FEEL
FEEL/msasl_feel_Master_ASL_Unit_8_(captions_available_click_on_CC_bottom_right).mp4_aug_temporal.mp4,FEEL
FEEL/msasl_feel_Medical_Vocabulary_in_ASL_for_EMS_employees.mp4.mkv,FEEL
FEEL/msasl_feel_Medical_Vocabulary_in_ASL_for_EMS_employees.mp4_aug_brightness_contrast.mp4,FEEL
FEEL/msasl_feel_Medical_Vocabulary_in_ASL_for_EMS_employees.mp4_aug_horizontal_flip.mp4,FEEL
FEEL/msasl_feel_Medical_Vocabulary_in_ASL_for_EMS_employees.mp4_aug_slight_rotation.mp4,FEEL
FEEL/msasl_feel_Medical_Vocabulary_in_ASL_for_EMS_employees.mp4_aug_temporal.mp4,FEEL
FEEL/msasl_feel_SWIC_Community_Ed_-_Class_Two.mp4.mkv,FEEL
FEEL/msasl_feel_SWIC_Community_Ed_-_Class_Two.mp4_aug_brightness_contrast.mp4,FEEL
FEEL/msasl_feel_SWIC_Community_Ed_-_Class_Two.mp4_aug_horizontal_flip.mp4,FEEL
FEEL/msasl_feel_SWIC_Community_Ed_-_Class_Two.mp4_aug_slight_rotation.mp4,FEEL
FEEL/msasl_feel_SWIC_Community_Ed_-_Class_Two.mp4_aug_temporal.mp4,FEEL
FEEL/msasl_feel_Signing_Naturally_Unit_14_Vocabulary_(UpdatedShorter_Version).mp4.mkv,FEEL
FEEL/msasl_feel_Signing_Naturally_Unit_14_Vocabulary_(UpdatedShorter_Version).mp4_aug_brightness_contrast.mp4,FEEL
FEEL/msasl_feel_Signing_Naturally_Unit_14_Vocabulary_(UpdatedShorter_Version).mp4_aug_horizontal_flip.mp4,FEEL
FEEL/msasl_feel_Signing_Naturally_Unit_14_Vocabulary_(UpdatedShorter_Version).mp4_aug_slight_rotation.mp4,FEEL
FEEL/msasl_feel_Signing_Naturally_Unit_14_Vocabulary_(UpdatedShorter_Version).mp4_aug_temporal.mp4,FEEL
FEEL/msasl_feel_Signing_Naturally_Unit_14_Vocabulary_Signed_by_Dr_Wooten.mp4.mkv,FEEL
FEEL/msasl_feel_Signing_Naturally_Unit_14_Vocabulary_Signed_by_Dr_Wooten.mp4_aug_brightness_contrast.mp4,FEEL
FEEL/msasl_feel_Signing_Naturally_Unit_14_Vocabulary_Signed_by_Dr_Wooten.mp4_aug_horizontal_flip.mp4,FEEL
FEEL/msasl_feel_Signing_Naturally_Unit_14_Vocabulary_Signed_by_Dr_Wooten.mp4_aug_slight_rotation.mp4,FEEL
FEEL/msasl_feel_Signing_Naturally_Unit_14_Vocabulary_Signed_by_Dr_Wooten.mp4_aug_temporal.mp4,FEEL
FEEL/msasl_feel_Unit_04_Vocabulary.mp4.webm,FEEL
FEEL/msasl_feel_Unit_04_Vocabulary.mp4_aug_brightness_contrast.mp4,FEEL
FEEL/msasl_feel_Unit_04_Vocabulary.mp4_aug_horizontal_flip.mp4,FEEL
FEEL/msasl_feel_Unit_04_Vocabulary.mp4_aug_slight_rotation.mp4,FEEL
FEEL/msasl_feel_Unit_04_Vocabulary.mp4_aug_temporal.mp4,FEEL
FEEL/msasl_feel_Useful_vocab.mp4,FEEL
FEEL/msasl_feel_Useful_vocab_aug_brightness_contrast.mp4,FEEL
FEEL/msasl_feel_Useful_vocab_aug_horizontal_flip.mp4,FEEL
FEEL/msasl_feel_Useful_vocab_aug_slight_rotation.mp4,FEEL
FEEL/msasl_feel_Useful_vocab_aug_temporal.mp4,FEEL
FEEL/msasl_feel_feel.mp4.webm,FEEL
FEEL/msasl_feel_feel.mp4_aug_brightness_contrast.mp4,FEEL
FEEL/msasl_feel_feel.mp4_aug_horizontal_flip.mp4,FEEL
FEEL/msasl_feel_feel.mp4_aug_slight_rotation.mp4,FEEL
FEEL/msasl_feel_feel.mp4_aug_temporal.mp4,FEEL
FEEL/wlasl_21432.mp4,FEEL
FEEL/wlasl_21432_aug_brightness_contrast.mp4,FEEL
FEEL/wlasl_21432_aug_horizontal_flip.mp4,FEEL
FEEL/wlasl_21432_aug_slight_rotation.mp4,FEEL
FEEL/wlasl_21432_aug_temporal.mp4,FEEL
FEEL/wlasl_21433.mp4,FEEL
FEEL/wlasl_21433_aug_brightness_contrast.mp4,FEEL
FEEL/wlasl_21433_aug_horizontal_flip.mp4,FEEL
FEEL/wlasl_21433_aug_slight_rotation.mp4,FEEL
FEEL/wlasl_21433_aug_temporal.mp4,FEEL
FEEL/wlasl_21434.mp4,FEEL
FEEL/wlasl_21434_aug_brightness_contrast.mp4,FEEL
FEEL/wlasl_21434_aug_horizontal_flip.mp4,FEEL
FEEL/wlasl_21434_aug_slight_rotation.mp4,FEEL
FEEL/wlasl_21434_aug_temporal.mp4,FEEL
FEEL/wlasl_21436.mp4,FEEL
FEEL/wlasl_21436_aug_brightness_contrast.mp4,FEEL
FEEL/wlasl_21436_aug_horizontal_flip.mp4,FEEL
FEEL/wlasl_21436_aug_slight_rotation.mp4,FEEL
FEEL/wlasl_21436_aug_temporal.mp4,FEEL
FEEL/wlasl_69319.mp4,FEEL
FEEL/wlasl_69319_aug_brightness_contrast.mp4,FEEL
FEEL/wlasl_69319_aug_horizontal_flip.mp4,FEEL
FEEL/wlasl_69319_aug_slight_rotation.mp4,FEEL
FEEL/wlasl_69319_aug_temporal.mp4,FEEL
FINE/ASLLVD_FINE__ASL_2006_10_10_scene9-2444-2469_camera1.mov,FINE
FINE/ASLLVD_FINE__ASL_2006_10_10_scene9-2444-2469_camera1_aug_brightness_contrast.mp4,FINE
FINE/ASLLVD_FINE__ASL_2006_10_10_scene9-2444-2469_camera1_aug_horizontal_flip.mp4,FINE
FINE/ASLLVD_FINE__ASL_2006_10_10_scene9-2444-2469_camera1_aug_slight_rotation.mp4,FINE
FINE/ASLLVD_FINE__ASL_2006_10_10_scene9-2444-2469_camera1_aug_temporal.mp4,FINE
FINE/ASLLVD_FINE__ASL_2007_05_24_scene13-2823-2870_camera1.mov,FINE
FINE/ASLLVD_FINE__ASL_2007_05_24_scene13-2823-2870_camera1_aug_brightness_contrast.mp4,FINE
FINE/ASLLVD_FINE__ASL_2007_05_24_scene13-2823-2870_camera1_aug_horizontal_flip.mp4,FINE
FINE/ASLLVD_FINE__ASL_2007_05_24_scene13-2823-2870_camera1_aug_slight_rotation.mp4,FINE
FINE/ASLLVD_FINE__ASL_2007_05_24_scene13-2823-2870_camera1_aug_temporal.mp4,FINE
FINE/ASLLVD_FINE__ASL_2008_01_18_scene41-1985-2020_camera1.mov,FINE
FINE/ASLLVD_FINE__ASL_2008_01_18_scene41-1985-2020_camera1_aug_brightness_contrast.mp4,FINE
FINE/ASLLVD_FINE__ASL_2008_01_18_scene41-1985-2020_camera1_aug_horizontal_flip.mp4,FINE
FINE/ASLLVD_FINE__ASL_2008_01_18_scene41-1985-2020_camera1_aug_slight_rotation.mp4,FINE
FINE/ASLLVD_FINE__ASL_2008_01_18_scene41-1985-2020_camera1_aug_temporal.mp4,FINE
FINE/ASLLVD_FINE__ASL_2008_05_29_scene21-1695-1730_camera1.mov,FINE
FINE/ASLLVD_FINE__ASL_2008_05_29_scene21-1695-1730_camera1_aug_brightness_contrast.mp4,FINE
FINE/ASLLVD_FINE__ASL_2008_05_29_scene21-1695-1730_camera1_aug_horizontal_flip.mp4,FINE
FINE/ASLLVD_FINE__ASL_2008_05_29_scene21-1695-1730_camera1_aug_slight_rotation.mp4,FINE
FINE/ASLLVD_FINE__ASL_2008_05_29_scene21-1695-1730_camera1_aug_temporal.mp4,FINE
FINE/ASLLVD_FINE__ASL_2008_08_06_scene41-1776-1815_camera1.mov,FINE
FINE/ASLLVD_FINE__ASL_2008_08_06_scene41-1776-1815_camera1_aug_brightness_contrast.mp4,FINE
FINE/ASLLVD_FINE__ASL_2008_08_06_scene41-1776-1815_camera1_aug_horizontal_flip.mp4,FINE
FINE/ASLLVD_FINE__ASL_2008_08_06_scene41-1776-1815_camera1_aug_slight_rotation.mp4,FINE
FINE/ASLLVD_FINE__ASL_2008_08_06_scene41-1776-1815_camera1_aug_temporal.mp4,FINE
FINE/ASLLVD_FINE__ASL_2011_06_14_scene18-2468-2502_camera1.mov,FINE
FINE/ASLLVD_FINE__ASL_2011_06_14_scene18-2468-2502_camera1_aug_brightness_contrast.mp4,FINE
FINE/ASLLVD_FINE__ASL_2011_06_14_scene18-2468-2502_camera1_aug_horizontal_flip.mp4,FINE
FINE/ASLLVD_FINE__ASL_2011_06_14_scene18-2468-2502_camera1_aug_slight_rotation.mp4,FINE
FINE/ASLLVD_FINE__ASL_2011_06_14_scene18-2468-2502_camera1_aug_temporal.mp4,FINE
FINE/desktop.ini,FINE
FINE/desktop_aug_brightness_contrast.mp4,FINE
FINE/desktop_aug_horizontal_flip.mp4,FINE
FINE/desktop_aug_slight_rotation.mp4,FINE
FINE/desktop_aug_temporal.mp4,FINE
FINE/msasl_fine_ASL1_Class_4_New_SIGNS_plus_Partner_Practice_QA_and_p29_Dialogue.mp4.mkv,FINE
FINE/msasl_fine_ASL1_Class_4_New_SIGNS_plus_Partner_Practice_QA_and_p29_Dialogue.mp4_aug_brightness_contrast.mp4,FINE
FINE/msasl_fine_ASL1_Class_4_New_SIGNS_plus_Partner_Practice_QA_and_p29_Dialogue.mp4_aug_horizontal_flip.mp4,FINE
FINE/msasl_fine_ASL1_Class_4_New_SIGNS_plus_Partner_Practice_QA_and_p29_Dialogue.mp4_aug_slight_rotation.mp4,FINE
FINE/msasl_fine_ASL1_Class_4_New_SIGNS_plus_Partner_Practice_QA_and_p29_Dialogue.mp4_aug_temporal.mp4,FINE
FINE/msasl_fine_ASL3_Class_21_Vocabulary.mp4.mkv,FINE
FINE/msasl_fine_ASL3_Class_21_Vocabulary.mp4_aug_brightness_contrast.mp4,FINE
FINE/msasl_fine_ASL3_Class_21_Vocabulary.mp4_aug_horizontal_flip.mp4,FINE
FINE/msasl_fine_ASL3_Class_21_Vocabulary.mp4_aug_slight_rotation.mp4,FINE
FINE/msasl_fine_ASL3_Class_21_Vocabulary.mp4_aug_temporal.mp4,FINE
FINE/msasl_fine_ASL_1_Set_2_Supplemental_Vocabulary.mp4.mkv,FINE
FINE/msasl_fine_ASL_1_Set_2_Supplemental_Vocabulary.mp4_aug_brightness_contrast.mp4,FINE
FINE/msasl_fine_ASL_1_Set_2_Supplemental_Vocabulary.mp4_aug_horizontal_flip.mp4,FINE
FINE/msasl_fine_ASL_1_Set_2_Supplemental_Vocabulary.mp4_aug_slight_rotation.mp4,FINE
FINE/msasl_fine_ASL_1_Set_2_Supplemental_Vocabulary.mp4_aug_temporal.mp4,FINE
FINE/msasl_fine_ASL_1_Unit_2_Vocabulary.mp4.webm,FINE
FINE/msasl_fine_ASL_1_Unit_2_Vocabulary.mp4_aug_brightness_contrast.mp4,FINE
FINE/msasl_fine_ASL_1_Unit_2_Vocabulary.mp4_aug_horizontal_flip.mp4,FINE
FINE/msasl_fine_ASL_1_Unit_2_Vocabulary.mp4_aug_slight_rotation.mp4,FINE
FINE/msasl_fine_ASL_1_Unit_2_Vocabulary.mp4_aug_temporal.mp4,FINE
FINE/msasl_fine_ASL_1st_class_VOCABULARY_BUILDER.mp4.mkv,FINE
FINE/msasl_fine_ASL_1st_class_VOCABULARY_BUILDER.mp4_aug_brightness_contrast.mp4,FINE
FINE/msasl_fine_ASL_1st_class_VOCABULARY_BUILDER.mp4_aug_horizontal_flip.mp4,FINE
FINE/msasl_fine_ASL_1st_class_VOCABULARY_BUILDER.mp4_aug_slight_rotation.mp4,FINE
FINE/msasl_fine_ASL_1st_class_VOCABULARY_BUILDER.mp4_aug_temporal.mp4,FINE
FINE/msasl_fine_ASL_I_-_Unit_9_Vocabulary_Review.mp4.mkv,FINE
FINE/msasl_fine_ASL_I_-_Unit_9_Vocabulary_Review.mp4_aug_brightness_contrast.mp4,FINE
FINE/msasl_fine_ASL_I_-_Unit_9_Vocabulary_Review.mp4_aug_horizontal_flip.mp4,FINE
FINE/msasl_fine_ASL_I_-_Unit_9_Vocabulary_Review.mp4_aug_slight_rotation.mp4,FINE
FINE/msasl_fine_ASL_I_-_Unit_9_Vocabulary_Review.mp4_aug_temporal.mp4,FINE
FINE/msasl_fine_ASL_Level_1_Unit_6_Vocabulary.mp4.mkv,FINE
FINE/msasl_fine_ASL_Level_1_Unit_6_Vocabulary.mp4_aug_brightness_contrast.mp4,FINE
FINE/msasl_fine_ASL_Level_1_Unit_6_Vocabulary.mp4_aug_horizontal_flip.mp4,FINE
FINE/msasl_fine_ASL_Level_1_Unit_6_Vocabulary.mp4_aug_slight_rotation.mp4,FINE
FINE/msasl_fine_ASL_Level_1_Unit_6_Vocabulary.mp4_aug_temporal.mp4,FINE
FINE/msasl_fine_ASL_Unit_One_Vocabulary.mp4,FINE
FINE/msasl_fine_ASL_Unit_One_Vocabulary_aug_brightness_contrast.mp4,FINE
FINE/msasl_fine_ASL_Unit_One_Vocabulary_aug_horizontal_flip.mp4,FINE
FINE/msasl_fine_ASL_Unit_One_Vocabulary_aug_slight_rotation.mp4,FINE
FINE/msasl_fine_ASL_Unit_One_Vocabulary_aug_temporal.mp4,FINE
FINE/msasl_fine_ASL_Vocabulary_fine.mp4.mkv,FINE
FINE/msasl_fine_ASL_Vocabulary_fine.mp4_aug_brightness_contrast.mp4,FINE
FINE/msasl_fine_ASL_Vocabulary_fine.mp4_aug_horizontal_flip.mp4,FINE
FINE/msasl_fine_ASL_Vocabulary_fine.mp4_aug_slight_rotation.mp4,FINE
FINE/msasl_fine_ASL_Vocabulary_fine.mp4_aug_temporal.mp4,FINE
FINE/msasl_fine_Asl_vocab_2.mp4.mkv,FINE
FINE/msasl_fine_Asl_vocab_2.mp4_aug_brightness_contrast.mp4,FINE
FINE/msasl_fine_Asl_vocab_2.mp4_aug_horizontal_flip.mp4,FINE
FINE/msasl_fine_Asl_vocab_2.mp4_aug_slight_rotation.mp4,FINE
FINE/msasl_fine_Asl_vocab_2.mp4_aug_temporal.mp4,FINE
FINE/msasl_fine_FINE(2).mp4,FINE
FINE/msasl_fine_FINE(2)_aug_brightness_contrast.mp4,FINE
FINE/msasl_fine_FINE(2)_aug_horizontal_flip.mp4,FINE
FINE/msasl_fine_FINE(2)_aug_slight_rotation.mp4,FINE
FINE/msasl_fine_FINE(2)_aug_temporal.mp4,FINE
FINE/msasl_fine_FINE(3).mp4.mkv,FINE
FINE/msasl_fine_FINE(3).mp4_aug_brightness_contrast.mp4,FINE
FINE/msasl_fine_FINE(3).mp4_aug_horizontal_flip.mp4,FINE
FINE/msasl_fine_FINE(3).mp4_aug_slight_rotation.mp4,FINE
FINE/msasl_fine_FINE(3).mp4_aug_temporal.mp4,FINE
FINE/msasl_fine_FINE(4).mp4.mkv,FINE
FINE/msasl_fine_FINE(4).mp4_aug_brightness_contrast.mp4,FINE
FINE/msasl_fine_FINE(4).mp4_aug_horizontal_flip.mp4,FINE
FINE/msasl_fine_FINE(4).mp4_aug_slight_rotation.mp4,FINE
FINE/msasl_fine_FINE(4).mp4_aug_temporal.mp4,FINE
FINE/msasl_fine_FINE-good.mp4.mkv,FINE
FINE/msasl_fine_FINE-good.mp4_aug_brightness_contrast.mp4,FINE
FINE/msasl_fine_FINE-good.mp4_aug_horizontal_flip.mp4,FINE
FINE/msasl_fine_FINE-good.mp4_aug_slight_rotation.mp4,FINE
FINE/msasl_fine_FINE-good.mp4_aug_temporal.mp4,FINE
FINE/msasl_fine_How_are_you.mp4.mkv,FINE
FINE/msasl_fine_How_are_you.mp4_aug_brightness_contrast.mp4,FINE
FINE/msasl_fine_How_are_you.mp4_aug_horizontal_flip.mp4,FINE
FINE/msasl_fine_How_are_you.mp4_aug_slight_rotation.mp4,FINE
FINE/msasl_fine_How_are_you.mp4_aug_temporal.mp4,FINE
FINE/msasl_fine_Learn_ASL_Signing_about_feelings_and_emotions.mp4.webm,FINE
FINE/msasl_fine_Learn_ASL_Signing_about_feelings_and_emotions.mp4_aug_brightness_contrast.mp4,FINE
FINE/msasl_fine_Learn_ASL_Signing_about_feelings_and_emotions.mp4_aug_horizontal_flip.mp4,FINE
FINE/msasl_fine_Learn_ASL_Signing_about_feelings_and_emotions.mp4_aug_slight_rotation.mp4,FINE
FINE/msasl_fine_Learn_ASL_Signing_about_feelings_and_emotions.mp4_aug_temporal.mp4,FINE
FINE/msasl_fine_Learn_American_Sign_Language_Basic_Vocabulary.mp4,FINE
FINE/msasl_fine_Learn_American_Sign_Language_Basic_Vocabulary_aug_brightness_contrast.mp4,FINE
FINE/msasl_fine_Learn_American_Sign_Language_Basic_Vocabulary_aug_horizontal_flip.mp4,FINE
FINE/msasl_fine_Learn_American_Sign_Language_Basic_Vocabulary_aug_slight_rotation.mp4,FINE
FINE/msasl_fine_Learn_American_Sign_Language_Basic_Vocabulary_aug_temporal.mp4,FINE
FINE/msasl_fine_Lesson_5_Vocabulary_-_A_Basic_Course_(ABC)_in_ASL.mp4.mkv,FINE
FINE/msasl_fine_Lesson_5_Vocabulary_-_A_Basic_Course_(ABC)_in_ASL.mp4_aug_brightness_contrast.mp4,FINE
FINE/msasl_fine_Lesson_5_Vocabulary_-_A_Basic_Course_(ABC)_in_ASL.mp4_aug_horizontal_flip.mp4,FINE
FINE/msasl_fine_Lesson_5_Vocabulary_-_A_Basic_Course_(ABC)_in_ASL.mp4_aug_slight_rotation.mp4,FINE
FINE/msasl_fine_Lesson_5_Vocabulary_-_A_Basic_Course_(ABC)_in_ASL.mp4_aug_temporal.mp4,FINE
FINE/msasl_fine_Robber_and_the_Geek_Vocab_video_for_ASL_class.mp4,FINE
FINE/msasl_fine_Robber_and_the_Geek_Vocab_video_for_ASL_class_aug_brightness_contrast.mp4,FINE
FINE/msasl_fine_Robber_and_the_Geek_Vocab_video_for_ASL_class_aug_horizontal_flip.mp4,FINE
FINE/msasl_fine_Robber_and_the_Geek_Vocab_video_for_ASL_class_aug_slight_rotation.mp4,FINE
FINE/msasl_fine_Robber_and_the_Geek_Vocab_video_for_ASL_class_aug_temporal.mp4,FINE
FINE/msasl_fine_SWIC_Community_Ed_-_Class_One.mp4,FINE
FINE/msasl_fine_SWIC_Community_Ed_-_Class_One_aug_brightness_contrast.mp4,FINE
FINE/msasl_fine_SWIC_Community_Ed_-_Class_One_aug_horizontal_flip.mp4,FINE
FINE/msasl_fine_SWIC_Community_Ed_-_Class_One_aug_slight_rotation.mp4,FINE
FINE/msasl_fine_SWIC_Community_Ed_-_Class_One_aug_temporal.mp4,FINE
FINE/msasl_fine_Signing_Naturally_Unit_2.mp4.mkv,FINE
FINE/msasl_fine_Signing_Naturally_Unit_2.mp4_aug_brightness_contrast.mp4,FINE
FINE/msasl_fine_Signing_Naturally_Unit_2.mp4_aug_horizontal_flip.mp4,FINE
FINE/msasl_fine_Signing_Naturally_Unit_2.mp4_aug_slight_rotation.mp4,FINE
FINE/msasl_fine_Signing_Naturally_Unit_2.mp4_aug_temporal.mp4,FINE
FINE/msasl_fine_Unit_1(1).mp4.webm,FINE
FINE/msasl_fine_Unit_1(1).mp4_aug_brightness_contrast.mp4,FINE
FINE/msasl_fine_Unit_1(1).mp4_aug_horizontal_flip.mp4,FINE
FINE/msasl_fine_Unit_1(1).mp4_aug_slight_rotation.mp4,FINE
FINE/msasl_fine_Unit_1(1).mp4_aug_temporal.mp4,FINE
FINE/msasl_fine_Unit_1_Vocabulary.mp4.mkv,FINE
FINE/msasl_fine_Unit_1_Vocabulary.mp4_aug_brightness_contrast.mp4,FINE
FINE/msasl_fine_Unit_1_Vocabulary.mp4_aug_horizontal_flip.mp4,FINE
FINE/msasl_fine_Unit_1_Vocabulary.mp4_aug_slight_rotation.mp4,FINE
FINE/msasl_fine_Unit_1_Vocabulary.mp4_aug_temporal.mp4,FINE
FINE/msasl_fine_Unit_1_Vocabulary_ASL_Level_1_-_American_Sign_Language.mp4.webm,FINE
FINE/msasl_fine_Unit_1_Vocabulary_ASL_Level_1_-_American_Sign_Language.mp4_aug_brightness_contrast.mp4,FINE
FINE/msasl_fine_Unit_1_Vocabulary_ASL_Level_1_-_American_Sign_Language.mp4_aug_horizontal_flip.mp4,FINE
FINE/msasl_fine_Unit_1_Vocabulary_ASL_Level_1_-_American_Sign_Language.mp4_aug_slight_rotation.mp4,FINE
FINE/msasl_fine_Unit_1_Vocabulary_ASL_Level_1_-_American_Sign_Language.mp4_aug_temporal.mp4,FINE
FINE/msasl_fine_Unit_1_vocabulary_part_1.mp4.mkv,FINE
FINE/msasl_fine_Unit_1_vocabulary_part_1.mp4_aug_brightness_contrast.mp4,FINE
FINE/msasl_fine_Unit_1_vocabulary_part_1.mp4_aug_horizontal_flip.mp4,FINE
FINE/msasl_fine_Unit_1_vocabulary_part_1.mp4_aug_slight_rotation.mp4,FINE
FINE/msasl_fine_Unit_1_vocabulary_part_1.mp4_aug_temporal.mp4,FINE
FINE/msasl_fine_Unit_2_Vocabulary_(Part_3)_(rev_2018).mp4,FINE
FINE/msasl_fine_Unit_2_Vocabulary_(Part_3)_(rev_2018)_aug_brightness_contrast.mp4,FINE
FINE/msasl_fine_Unit_2_Vocabulary_(Part_3)_(rev_2018)_aug_horizontal_flip.mp4,FINE
FINE/msasl_fine_Unit_2_Vocabulary_(Part_3)_(rev_2018)_aug_slight_rotation.mp4,FINE
FINE/msasl_fine_Unit_2_Vocabulary_(Part_3)_(rev_2018)_aug_temporal.mp4,FINE
FINE/msasl_fine_Unit_3.mp4.mkv,FINE
FINE/msasl_fine_Unit_3.mp4_aug_brightness_contrast.mp4,FINE
FINE/msasl_fine_Unit_3.mp4_aug_horizontal_flip.mp4,FINE
FINE/msasl_fine_Unit_3.mp4_aug_slight_rotation.mp4,FINE
FINE/msasl_fine_Unit_3.mp4_aug_temporal.mp4,FINE
FINE/msasl_fine_Unit_4_Vocabulary_(part_2)_ASL_American_Sign_Language.mp4,FINE
FINE/msasl_fine_Unit_4_Vocabulary_(part_2)_ASL_American_Sign_Language_aug_brightness_contrast.mp4,FINE
FINE/msasl_fine_Unit_4_Vocabulary_(part_2)_ASL_American_Sign_Language_aug_horizontal_flip.mp4,FINE
FINE/msasl_fine_Unit_4_Vocabulary_(part_2)_ASL_American_Sign_Language_aug_slight_rotation.mp4,FINE
FINE/msasl_fine_Unit_4_Vocabulary_(part_2)_ASL_American_Sign_Language_aug_temporal.mp4,FINE
FINE/msasl_fine_Useful_vocab.mp4,FINE
FINE/msasl_fine_Useful_vocab_aug_brightness_contrast.mp4,FINE
FINE/msasl_fine_Useful_vocab_aug_horizontal_flip.mp4,FINE
FINE/msasl_fine_Useful_vocab_aug_slight_rotation.mp4,FINE
FINE/msasl_fine_Useful_vocab_aug_temporal.mp4,FINE
FINE/msasl_fine_fine(1).mp4.mkv,FINE
FINE/msasl_fine_fine(1).mp4_aug_brightness_contrast.mp4,FINE
FINE/msasl_fine_fine(1).mp4_aug_horizontal_flip.mp4,FINE
FINE/msasl_fine_fine(1).mp4_aug_slight_rotation.mp4,FINE
FINE/msasl_fine_fine(1).mp4_aug_temporal.mp4,FINE
FINE/msasl_fine_fine.mp4.mkv,FINE
FINE/msasl_fine_fine.mp4_aug_brightness_contrast.mp4,FINE
FINE/msasl_fine_fine.mp4_aug_horizontal_flip.mp4,FINE
FINE/msasl_fine_fine.mp4_aug_slight_rotation.mp4,FINE
FINE/msasl_fine_fine.mp4_aug_temporal.mp4,FINE
FINE/wlasl_21869.mp4,FINE
FINE/wlasl_21869_aug_brightness_contrast.mp4,FINE
FINE/wlasl_21869_aug_horizontal_flip.mp4,FINE
FINE/wlasl_21869_aug_slight_rotation.mp4,FINE
FINE/wlasl_21869_aug_temporal.mp4,FINE
FINE/wlasl_21870.mp4,FINE
FINE/wlasl_21870_aug_brightness_contrast.mp4,FINE
FINE/wlasl_21870_aug_horizontal_flip.mp4,FINE
FINE/wlasl_21870_aug_slight_rotation.mp4,FINE
FINE/wlasl_21870_aug_temporal.mp4,FINE
FINE/wlasl_21871.mp4,FINE
FINE/wlasl_21871_aug_brightness_contrast.mp4,FINE
FINE/wlasl_21871_aug_horizontal_flip.mp4,FINE
FINE/wlasl_21871_aug_slight_rotation.mp4,FINE
FINE/wlasl_21871_aug_temporal.mp4,FINE
FINE/wlasl_21872.mp4,FINE
FINE/wlasl_21872_aug_brightness_contrast.mp4,FINE
FINE/wlasl_21872_aug_horizontal_flip.mp4,FINE
FINE/wlasl_21872_aug_slight_rotation.mp4,FINE
FINE/wlasl_21872_aug_temporal.mp4,FINE
FINE/wlasl_21874.mp4,FINE
FINE/wlasl_21874_aug_brightness_contrast.mp4,FINE
FINE/wlasl_21874_aug_horizontal_flip.mp4,FINE
FINE/wlasl_21874_aug_slight_rotation.mp4,FINE
FINE/wlasl_21874_aug_temporal.mp4,FINE
FINE/wlasl_21878.mp4,FINE
FINE/wlasl_21878_aug_brightness_contrast.mp4,FINE
FINE/wlasl_21878_aug_horizontal_flip.mp4,FINE
FINE/wlasl_21878_aug_slight_rotation.mp4,FINE
FINE/wlasl_21878_aug_temporal.mp4,FINE
FINE/wlasl_21883.mp4,FINE
FINE/wlasl_21883_aug_brightness_contrast.mp4,FINE
FINE/wlasl_21883_aug_horizontal_flip.mp4,FINE
FINE/wlasl_21883_aug_slight_rotation.mp4,FINE
FINE/wlasl_21883_aug_temporal.mp4,FINE
FINISH/ASLLVD_FINISH__ASL_2008_01_18_scene42-825-851_camera1.mov,FINISH
FINISH/ASLLVD_FINISH__ASL_2008_01_18_scene42-825-851_camera1_aug_brightness_contrast.mp4,FINISH
FINISH/ASLLVD_FINISH__ASL_2008_01_18_scene42-825-851_camera1_aug_horizontal_flip.mp4,FINISH
FINISH/ASLLVD_FINISH__ASL_2008_01_18_scene42-825-851_camera1_aug_slight_rotation.mp4,FINISH
FINISH/ASLLVD_FINISH__ASL_2008_01_18_scene42-825-851_camera1_aug_temporal.mp4,FINISH
FINISH/ASLLVD_FINISH__ASL_2008_02_29_scene48-513-548_camera1.mov,FINISH
FINISH/ASLLVD_FINISH__ASL_2008_02_29_scene48-513-548_camera1_aug_brightness_contrast.mp4,FINISH
FINISH/ASLLVD_FINISH__ASL_2008_02_29_scene48-513-548_camera1_aug_horizontal_flip.mp4,FINISH
FINISH/ASLLVD_FINISH__ASL_2008_02_29_scene48-513-548_camera1_aug_slight_rotation.mp4,FINISH
FINISH/ASLLVD_FINISH__ASL_2008_02_29_scene48-513-548_camera1_aug_temporal.mp4,FINISH
FINISH/ASLLVD_FINISH__ASL_2008_05_29_scene22-1325-1355_camera1.mov,FINISH
FINISH/ASLLVD_FINISH__ASL_2008_05_29_scene22-1325-1355_camera1_aug_brightness_contrast.mp4,FINISH
FINISH/ASLLVD_FINISH__ASL_2008_05_29_scene22-1325-1355_camera1_aug_horizontal_flip.mp4,FINISH
FINISH/ASLLVD_FINISH__ASL_2008_05_29_scene22-1325-1355_camera1_aug_slight_rotation.mp4,FINISH
FINISH/ASLLVD_FINISH__ASL_2008_05_29_scene22-1325-1355_camera1_aug_temporal.mp4,FINISH
FINISH/ASLLVD_FINISH__ASL_2008_08_06_scene42-515-545_camera1.mov,FINISH
FINISH/ASLLVD_FINISH__ASL_2008_08_06_scene42-515-545_camera1_aug_brightness_contrast.mp4,FINISH
FINISH/ASLLVD_FINISH__ASL_2008_08_06_scene42-515-545_camera1_aug_horizontal_flip.mp4,FINISH
FINISH/ASLLVD_FINISH__ASL_2008_08_06_scene42-515-545_camera1_aug_slight_rotation.mp4,FINISH
FINISH/ASLLVD_FINISH__ASL_2008_08_06_scene42-515-545_camera1_aug_temporal.mp4,FINISH
FINISH/ASLLVD_FINISH__ASL_2011_06_14_scene18-5012-5027_camera1.mov,FINISH
FINISH/ASLLVD_FINISH__ASL_2011_06_14_scene18-5012-5027_camera1_aug_brightness_contrast.mp4,FINISH
FINISH/ASLLVD_FINISH__ASL_2011_06_14_scene18-5012-5027_camera1_aug_horizontal_flip.mp4,FINISH
FINISH/ASLLVD_FINISH__ASL_2011_06_14_scene18-5012-5027_camera1_aug_slight_rotation.mp4,FINISH
FINISH/ASLLVD_FINISH__ASL_2011_06_14_scene18-5012-5027_camera1_aug_temporal.mp4,FINISH
FINISH/ASLLVD_FINISH__ASL_2011_07_19_scene99-1565-1580_camera1.mov,FINISH
FINISH/ASLLVD_FINISH__ASL_2011_07_19_scene99-1565-1580_camera1_aug_brightness_contrast.mp4,FINISH
FINISH/ASLLVD_FINISH__ASL_2011_07_19_scene99-1565-1580_camera1_aug_horizontal_flip.mp4,FINISH
FINISH/ASLLVD_FINISH__ASL_2011_07_19_scene99-1565-1580_camera1_aug_slight_rotation.mp4,FINISH
FINISH/ASLLVD_FINISH__ASL_2011_07_19_scene99-1565-1580_camera1_aug_temporal.mp4,FINISH
FINISH/desktop.ini,FINISH
FINISH/desktop_aug_brightness_contrast.mp4,FINISH
FINISH/desktop_aug_horizontal_flip.mp4,FINISH
FINISH/desktop_aug_slight_rotation.mp4,FINISH
FINISH/desktop_aug_temporal.mp4,FINISH
FINISH/msasl_finish_ASL1_Class_36_New_SIGNS.mp4.mkv,FINISH
FINISH/msasl_finish_ASL1_Class_36_New_SIGNS.mp4_aug_brightness_contrast.mp4,FINISH
FINISH/msasl_finish_ASL1_Class_36_New_SIGNS.mp4_aug_horizontal_flip.mp4,FINISH
FINISH/msasl_finish_ASL1_Class_36_New_SIGNS.mp4_aug_slight_rotation.mp4,FINISH
FINISH/msasl_finish_ASL1_Class_36_New_SIGNS.mp4_aug_temporal.mp4,FINISH
FINISH/msasl_finish_ASL2_Class_13_SIGNS.mp4,FINISH
FINISH/msasl_finish_ASL2_Class_13_SIGNS_aug_brightness_contrast.mp4,FINISH
FINISH/msasl_finish_ASL2_Class_13_SIGNS_aug_horizontal_flip.mp4,FINISH
FINISH/msasl_finish_ASL2_Class_13_SIGNS_aug_slight_rotation.mp4,FINISH
FINISH/msasl_finish_ASL2_Class_13_SIGNS_aug_temporal.mp4,FINISH
FINISH/msasl_finish_ASL2_Class_21_SIGNS.mp4.webm,FINISH
FINISH/msasl_finish_ASL2_Class_21_SIGNS.mp4_aug_brightness_contrast.mp4,FINISH
FINISH/msasl_finish_ASL2_Class_21_SIGNS.mp4_aug_horizontal_flip.mp4,FINISH
FINISH/msasl_finish_ASL2_Class_21_SIGNS.mp4_aug_slight_rotation.mp4,FINISH
FINISH/msasl_finish_ASL2_Class_21_SIGNS.mp4_aug_temporal.mp4,FINISH
FINISH/msasl_finish_ASL_1_Set_4_Supplemental_Vocabulary.mp4.mkv,FINISH
FINISH/msasl_finish_ASL_1_Set_4_Supplemental_Vocabulary.mp4_aug_brightness_contrast.mp4,FINISH
FINISH/msasl_finish_ASL_1_Set_4_Supplemental_Vocabulary.mp4_aug_horizontal_flip.mp4,FINISH
FINISH/msasl_finish_ASL_1_Set_4_Supplemental_Vocabulary.mp4_aug_slight_rotation.mp4,FINISH
FINISH/msasl_finish_ASL_1_Set_4_Supplemental_Vocabulary.mp4_aug_temporal.mp4,FINISH
FINISH/msasl_finish_ASL_1_Set_5_Supplemental_Vocabulary.mp4.mkv,FINISH
FINISH/msasl_finish_ASL_1_Set_5_Supplemental_Vocabulary.mp4_aug_brightness_contrast.mp4,FINISH
FINISH/msasl_finish_ASL_1_Set_5_Supplemental_Vocabulary.mp4_aug_horizontal_flip.mp4,FINISH
FINISH/msasl_finish_ASL_1_Set_5_Supplemental_Vocabulary.mp4_aug_slight_rotation.mp4,FINISH
FINISH/msasl_finish_ASL_1_Set_5_Supplemental_Vocabulary.mp4_aug_temporal.mp4,FINISH
FINISH/msasl_finish_ASL_1_Unit_5_Vocabulary.mp4,FINISH
FINISH/msasl_finish_ASL_1_Unit_5_Vocabulary_aug_brightness_contrast.mp4,FINISH
FINISH/msasl_finish_ASL_1_Unit_5_Vocabulary_aug_horizontal_flip.mp4,FINISH
FINISH/msasl_finish_ASL_1_Unit_5_Vocabulary_aug_slight_rotation.mp4,FINISH
FINISH/msasl_finish_ASL_1_Unit_5_Vocabulary_aug_temporal.mp4,FINISH
FINISH/msasl_finish_ASL_1st_class_VOCABULARY_BUILDER.mp4.mkv,FINISH
FINISH/msasl_finish_ASL_1st_class_VOCABULARY_BUILDER.mp4_aug_brightness_contrast.mp4,FINISH
FINISH/msasl_finish_ASL_1st_class_VOCABULARY_BUILDER.mp4_aug_horizontal_flip.mp4,FINISH
FINISH/msasl_finish_ASL_1st_class_VOCABULARY_BUILDER.mp4_aug_slight_rotation.mp4,FINISH
FINISH/msasl_finish_ASL_1st_class_VOCABULARY_BUILDER.mp4_aug_temporal.mp4,FINISH
FINISH/msasl_finish_ASL_2_UNIT_14_VOCABULARY.mp4.mkv,FINISH
FINISH/msasl_finish_ASL_2_UNIT_14_VOCABULARY.mp4_aug_brightness_contrast.mp4,FINISH
FINISH/msasl_finish_ASL_2_UNIT_14_VOCABULARY.mp4_aug_horizontal_flip.mp4,FINISH
FINISH/msasl_finish_ASL_2_UNIT_14_VOCABULARY.mp4_aug_slight_rotation.mp4,FINISH
FINISH/msasl_finish_ASL_2_UNIT_14_VOCABULARY.mp4_aug_temporal.mp4,FINISH
FINISH/msasl_finish_ASL_ACTIONS.mp4,FINISH
FINISH/msasl_finish_ASL_ACTIONS_aug_brightness_contrast.mp4,FINISH
FINISH/msasl_finish_ASL_ACTIONS_aug_horizontal_flip.mp4,FINISH
FINISH/msasl_finish_ASL_ACTIONS_aug_slight_rotation.mp4,FINISH
FINISH/msasl_finish_ASL_ACTIONS_aug_temporal.mp4,FINISH
FINISH/msasl_finish_ASL_Basic_Classroom_Signs.mp4.mkv,FINISH
FINISH/msasl_finish_ASL_Basic_Classroom_Signs.mp4_aug_brightness_contrast.mp4,FINISH
FINISH/msasl_finish_ASL_Basic_Classroom_Signs.mp4_aug_horizontal_flip.mp4,FINISH
FINISH/msasl_finish_ASL_Basic_Classroom_Signs.mp4_aug_slight_rotation.mp4,FINISH
FINISH/msasl_finish_ASL_Basic_Classroom_Signs.mp4_aug_temporal.mp4,FINISH
FINISH/msasl_finish_ASL_I_-_Unit_6_Vocabulary_Review.mp4.mkv,FINISH
FINISH/msasl_finish_ASL_I_-_Unit_6_Vocabulary_Review.mp4_aug_brightness_contrast.mp4,FINISH
FINISH/msasl_finish_ASL_I_-_Unit_6_Vocabulary_Review.mp4_aug_horizontal_flip.mp4,FINISH
FINISH/msasl_finish_ASL_I_-_Unit_6_Vocabulary_Review.mp4_aug_slight_rotation.mp4,FINISH
FINISH/msasl_finish_ASL_I_-_Unit_6_Vocabulary_Review.mp4_aug_temporal.mp4,FINISH
FINISH/msasl_finish_ASL_I_-_Unit_9_Vocabulary_Review.mp4.mkv,FINISH
FINISH/msasl_finish_ASL_I_-_Unit_9_Vocabulary_Review.mp4_aug_brightness_contrast.mp4,FINISH
FINISH/msasl_finish_ASL_I_-_Unit_9_Vocabulary_Review.mp4_aug_horizontal_flip.mp4,FINISH
FINISH/msasl_finish_ASL_I_-_Unit_9_Vocabulary_Review.mp4_aug_slight_rotation.mp4,FINISH
FINISH/msasl_finish_ASL_I_-_Unit_9_Vocabulary_Review.mp4_aug_temporal.mp4,FINISH
FINISH/msasl_finish_ASL_Level_2_Unit_12_Vocabulary.mp4,FINISH
FINISH/msasl_finish_ASL_Level_2_Unit_12_Vocabulary_aug_brightness_contrast.mp4,FINISH
FINISH/msasl_finish_ASL_Level_2_Unit_12_Vocabulary_aug_horizontal_flip.mp4,FINISH
FINISH/msasl_finish_ASL_Level_2_Unit_12_Vocabulary_aug_slight_rotation.mp4,FINISH
FINISH/msasl_finish_ASL_Level_2_Unit_12_Vocabulary_aug_temporal.mp4,FINISH
FINISH/msasl_finish_ASL_Vocabulary_(Spring_2018).mp4,FINISH
FINISH/msasl_finish_ASL_Vocabulary_(Spring_2018)_aug_brightness_contrast.mp4,FINISH
FINISH/msasl_finish_ASL_Vocabulary_(Spring_2018)_aug_horizontal_flip.mp4,FINISH
FINISH/msasl_finish_ASL_Vocabulary_(Spring_2018)_aug_slight_rotation.mp4,FINISH
FINISH/msasl_finish_ASL_Vocabulary_(Spring_2018)_aug_temporal.mp4,FINISH
FINISH/msasl_finish_ASL_conversational_signs.mp4,FINISH
FINISH/msasl_finish_ASL_conversational_signs_aug_brightness_contrast.mp4,FINISH
FINISH/msasl_finish_ASL_conversational_signs_aug_horizontal_flip.mp4,FINISH
FINISH/msasl_finish_ASL_conversational_signs_aug_slight_rotation.mp4,FINISH
FINISH/msasl_finish_ASL_conversational_signs_aug_temporal.mp4,FINISH
FINISH/msasl_finish_ASL_school_vocab.mp4,FINISH
FINISH/msasl_finish_ASL_school_vocab_aug_brightness_contrast.mp4,FINISH
FINISH/msasl_finish_ASL_school_vocab_aug_horizontal_flip.mp4,FINISH
FINISH/msasl_finish_ASL_school_vocab_aug_slight_rotation.mp4,FINISH
FINISH/msasl_finish_ASL_school_vocab_aug_temporal.mp4,FINISH
FINISH/msasl_finish_American_Sign_Language_Learning_the_basics.mp4,FINISH
FINISH/msasl_finish_American_Sign_Language_Learning_the_basics_aug_brightness_contrast.mp4,FINISH
FINISH/msasl_finish_American_Sign_Language_Learning_the_basics_aug_horizontal_flip.mp4,FINISH
FINISH/msasl_finish_American_Sign_Language_Learning_the_basics_aug_slight_rotation.mp4,FINISH
FINISH/msasl_finish_American_Sign_Language_Learning_the_basics_aug_temporal.mp4,FINISH
FINISH/msasl_finish_Aug_to_Oct_Voc_Captions.mp4.mkv,FINISH
FINISH/msasl_finish_Aug_to_Oct_Voc_Captions.mp4_aug_brightness_contrast.mp4,FINISH
FINISH/msasl_finish_Aug_to_Oct_Voc_Captions.mp4_aug_horizontal_flip.mp4,FINISH
FINISH/msasl_finish_Aug_to_Oct_Voc_Captions.mp4_aug_slight_rotation.mp4,FINISH
FINISH/msasl_finish_Aug_to_Oct_Voc_Captions.mp4_aug_temporal.mp4,FINISH
FINISH/msasl_finish_Basic_Sign_Language_for_Caregivers_(bath_time).mp4.mkv,FINISH
FINISH/msasl_finish_Basic_Sign_Language_for_Caregivers_(bath_time).mp4_aug_brightness_contrast.mp4,FINISH
FINISH/msasl_finish_Basic_Sign_Language_for_Caregivers_(bath_time).mp4_aug_horizontal_flip.mp4,FINISH
FINISH/msasl_finish_Basic_Sign_Language_for_Caregivers_(bath_time).mp4_aug_slight_rotation.mp4,FINISH
FINISH/msasl_finish_Basic_Sign_Language_for_Caregivers_(bath_time).mp4_aug_temporal.mp4,FINISH
FINISH/msasl_finish_Basic_Sign_Language_for_Caregivers_(mealtime).mp4.mkv,FINISH
FINISH/msasl_finish_Basic_Sign_Language_for_Caregivers_(mealtime).mp4_aug_brightness_contrast.mp4,FINISH
FINISH/msasl_finish_Basic_Sign_Language_for_Caregivers_(mealtime).mp4_aug_horizontal_flip.mp4,FINISH
FINISH/msasl_finish_Basic_Sign_Language_for_Caregivers_(mealtime).mp4_aug_slight_rotation.mp4,FINISH
FINISH/msasl_finish_Basic_Sign_Language_for_Caregivers_(mealtime).mp4_aug_temporal.mp4,FINISH
FINISH/msasl_finish_Basic_Sign_Language_for_Caregivers_of_the_DeafHard_of_Hearing.mp4.webm,FINISH
FINISH/msasl_finish_Basic_Sign_Language_for_Caregivers_of_the_DeafHard_of_Hearing.mp4_aug_brightness_contrast.mp4,FINISH
FINISH/msasl_finish_Basic_Sign_Language_for_Caregivers_of_the_DeafHard_of_Hearing.mp4_aug_horizontal_flip.mp4,FINISH
FINISH/msasl_finish_Basic_Sign_Language_for_Caregivers_of_the_DeafHard_of_Hearing.mp4_aug_slight_rotation.mp4,FINISH
FINISH/msasl_finish_Basic_Sign_Language_for_Caregivers_of_the_DeafHard_of_Hearing.mp4_aug_temporal.mp4,FINISH
FINISH/msasl_finish_FINISH(1).mp4,FINISH
FINISH/msasl_finish_FINISH(1)_aug_brightness_contrast.mp4,FINISH
FINISH/msasl_finish_FINISH(1)_aug_horizontal_flip.mp4,FINISH
FINISH/msasl_finish_FINISH(1)_aug_slight_rotation.mp4,FINISH
FINISH/msasl_finish_FINISH(1)_aug_temporal.mp4,FINISH
FINISH/msasl_finish_FINISH(3).mp4,FINISH
FINISH/msasl_finish_FINISH(3)_aug_brightness_contrast.mp4,FINISH
FINISH/msasl_finish_FINISH(3)_aug_horizontal_flip.mp4,FINISH
FINISH/msasl_finish_FINISH(3)_aug_slight_rotation.mp4,FINISH
FINISH/msasl_finish_FINISH(3)_aug_temporal.mp4,FINISH
FINISH/msasl_finish_FINISH(4).mp4.mkv,FINISH
FINISH/msasl_finish_FINISH(4).mp4_aug_brightness_contrast.mp4,FINISH
FINISH/msasl_finish_FINISH(4).mp4_aug_horizontal_flip.mp4,FINISH
FINISH/msasl_finish_FINISH(4).mp4_aug_slight_rotation.mp4,FINISH
FINISH/msasl_finish_FINISH(4).mp4_aug_temporal.mp4,FINISH
FINISH/msasl_finish_FINISH(5).mp4,FINISH
FINISH/msasl_finish_FINISH(5)_aug_brightness_contrast.mp4,FINISH
FINISH/msasl_finish_FINISH(5)_aug_horizontal_flip.mp4,FINISH
FINISH/msasl_finish_FINISH(5)_aug_slight_rotation.mp4,FINISH
FINISH/msasl_finish_FINISH(5)_aug_temporal.mp4,FINISH
FINISH/msasl_finish_FINISH-done.mp4.mkv,FINISH
FINISH/msasl_finish_FINISH-done.mp4_aug_brightness_contrast.mp4,FINISH
FINISH/msasl_finish_FINISH-done.mp4_aug_horizontal_flip.mp4,FINISH
FINISH/msasl_finish_FINISH-done.mp4_aug_slight_rotation.mp4,FINISH
FINISH/msasl_finish_FINISH-done.mp4_aug_temporal.mp4,FINISH
FINISH/msasl_finish_Finish.mp4,FINISH
FINISH/msasl_finish_Finish_aug_brightness_contrast.mp4,FINISH
FINISH/msasl_finish_Finish_aug_horizontal_flip.mp4,FINISH
FINISH/msasl_finish_Finish_aug_slight_rotation.mp4,FINISH
FINISH/msasl_finish_Finish_aug_temporal.mp4,FINISH
FINISH/msasl_finish_How_to_Sign_Ive_Been_There_in_Sign_Language_TOP_100_PHRASES_in_ASL.mp4.mkv,FINISH
FINISH/msasl_finish_How_to_Sign_Ive_Been_There_in_Sign_Language_TOP_100_PHRASES_in_ASL.mp4_aug_brightness_contrast.mp4,FINISH
FINISH/msasl_finish_How_to_Sign_Ive_Been_There_in_Sign_Language_TOP_100_PHRASES_in_ASL.mp4_aug_horizontal_flip.mp4,FINISH
FINISH/msasl_finish_How_to_Sign_Ive_Been_There_in_Sign_Language_TOP_100_PHRASES_in_ASL.mp4_aug_slight_rotation.mp4,FINISH
FINISH/msasl_finish_How_to_Sign_Ive_Been_There_in_Sign_Language_TOP_100_PHRASES_in_ASL.mp4_aug_temporal.mp4,FINISH
FINISH/msasl_finish_Introduction_to_American_Sign_Language_Questions_and_Small_Talk.mp4.mkv,FINISH
FINISH/msasl_finish_Introduction_to_American_Sign_Language_Questions_and_Small_Talk.mp4_aug_brightness_contrast.mp4,FINISH
FINISH/msasl_finish_Introduction_to_American_Sign_Language_Questions_and_Small_Talk.mp4_aug_horizontal_flip.mp4,FINISH
FINISH/msasl_finish_Introduction_to_American_Sign_Language_Questions_and_Small_Talk.mp4_aug_slight_rotation.mp4,FINISH
FINISH/msasl_finish_Introduction_to_American_Sign_Language_Questions_and_Small_Talk.mp4_aug_temporal.mp4,FINISH
FINISH/msasl_finish_Lesson_1_Vocabulary_-_A_Basic_Course_(ABC)_in_ASL.mp4.mkv,FINISH
FINISH/msasl_finish_Lesson_1_Vocabulary_-_A_Basic_Course_(ABC)_in_ASL.mp4_aug_brightness_contrast.mp4,FINISH
FINISH/msasl_finish_Lesson_1_Vocabulary_-_A_Basic_Course_(ABC)_in_ASL.mp4_aug_horizontal_flip.mp4,FINISH
FINISH/msasl_finish_Lesson_1_Vocabulary_-_A_Basic_Course_(ABC)_in_ASL.mp4_aug_slight_rotation.mp4,FINISH
FINISH/msasl_finish_Lesson_1_Vocabulary_-_A_Basic_Course_(ABC)_in_ASL.mp4_aug_temporal.mp4,FINISH
FINISH/msasl_finish_Lesson_2_Vocabulary_-_A_Basic_Course_(ABC)_in_ASL.mp4,FINISH
FINISH/msasl_finish_Lesson_2_Vocabulary_-_A_Basic_Course_(ABC)_in_ASL_aug_brightness_contrast.mp4,FINISH
FINISH/msasl_finish_Lesson_2_Vocabulary_-_A_Basic_Course_(ABC)_in_ASL_aug_horizontal_flip.mp4,FINISH
FINISH/msasl_finish_Lesson_2_Vocabulary_-_A_Basic_Course_(ABC)_in_ASL_aug_slight_rotation.mp4,FINISH
FINISH/msasl_finish_Lesson_2_Vocabulary_-_A_Basic_Course_(ABC)_in_ASL_aug_temporal.mp4,FINISH
FINISH/msasl_finish_Lesson_3_Vocabulary_-_A_Basic_Course_(ABC)_in_ASL.mp4.mkv,FINISH
FINISH/msasl_finish_Lesson_3_Vocabulary_-_A_Basic_Course_(ABC)_in_ASL.mp4_aug_brightness_contrast.mp4,FINISH
FINISH/msasl_finish_Lesson_3_Vocabulary_-_A_Basic_Course_(ABC)_in_ASL.mp4_aug_horizontal_flip.mp4,FINISH
FINISH/msasl_finish_Lesson_3_Vocabulary_-_A_Basic_Course_(ABC)_in_ASL.mp4_aug_slight_rotation.mp4,FINISH
FINISH/msasl_finish_Lesson_3_Vocabulary_-_A_Basic_Course_(ABC)_in_ASL.mp4_aug_temporal.mp4,FINISH
FINISH/msasl_finish_Lesson_5_Vocabulary_-_A_Basic_Course_(ABC)_in_ASL.mp4.mkv,FINISH
FINISH/msasl_finish_Lesson_5_Vocabulary_-_A_Basic_Course_(ABC)_in_ASL.mp4_aug_brightness_contrast.mp4,FINISH
FINISH/msasl_finish_Lesson_5_Vocabulary_-_A_Basic_Course_(ABC)_in_ASL.mp4_aug_horizontal_flip.mp4,FINISH
FINISH/msasl_finish_Lesson_5_Vocabulary_-_A_Basic_Course_(ABC)_in_ASL.mp4_aug_slight_rotation.mp4,FINISH
FINISH/msasl_finish_Lesson_5_Vocabulary_-_A_Basic_Course_(ABC)_in_ASL.mp4_aug_temporal.mp4,FINISH
FINISH/msasl_finish_Lesson_6_Vocabulary_-_A_Basic_Course_(ABC)_in_ASL.mp4,FINISH
FINISH/msasl_finish_Lesson_6_Vocabulary_-_A_Basic_Course_(ABC)_in_ASL_aug_brightness_contrast.mp4,FINISH
FINISH/msasl_finish_Lesson_6_Vocabulary_-_A_Basic_Course_(ABC)_in_ASL_aug_horizontal_flip.mp4,FINISH
FINISH/msasl_finish_Lesson_6_Vocabulary_-_A_Basic_Course_(ABC)_in_ASL_aug_slight_rotation.mp4,FINISH
FINISH/msasl_finish_Lesson_6_Vocabulary_-_A_Basic_Course_(ABC)_in_ASL_aug_temporal.mp4,FINISH
FINISH/msasl_finish_Signing_Naturally_Unit_14_Vocabulary_(UpdatedShorter_Version).mp4.mkv,FINISH
FINISH/msasl_finish_Signing_Naturally_Unit_14_Vocabulary_(UpdatedShorter_Version).mp4_aug_brightness_contrast.mp4,FINISH
FINISH/msasl_finish_Signing_Naturally_Unit_14_Vocabulary_(UpdatedShorter_Version).mp4_aug_horizontal_flip.mp4,FINISH
FINISH/msasl_finish_Signing_Naturally_Unit_14_Vocabulary_(UpdatedShorter_Version).mp4_aug_slight_rotation.mp4,FINISH
FINISH/msasl_finish_Signing_Naturally_Unit_14_Vocabulary_(UpdatedShorter_Version).mp4_aug_temporal.mp4,FINISH
FINISH/msasl_finish_Signing_Naturally_Unit_14_Vocabulary_Signed_by_Dr_Wooten.mp4.mkv,FINISH
FINISH/msasl_finish_Signing_Naturally_Unit_14_Vocabulary_Signed_by_Dr_Wooten.mp4_aug_brightness_contrast.mp4,FINISH
FINISH/msasl_finish_Signing_Naturally_Unit_14_Vocabulary_Signed_by_Dr_Wooten.mp4_aug_horizontal_flip.mp4,FINISH
FINISH/msasl_finish_Signing_Naturally_Unit_14_Vocabulary_Signed_by_Dr_Wooten.mp4_aug_slight_rotation.mp4,FINISH
FINISH/msasl_finish_Signing_Naturally_Unit_14_Vocabulary_Signed_by_Dr_Wooten.mp4_aug_temporal.mp4,FINISH
FINISH/msasl_finish_The_First_100_Signs_You_Need_to_Know.mp4.webm,FINISH
FINISH/msasl_finish_The_First_100_Signs_You_Need_to_Know.mp4_aug_brightness_contrast.mp4,FINISH
FINISH/msasl_finish_The_First_100_Signs_You_Need_to_Know.mp4_aug_horizontal_flip.mp4,FINISH
FINISH/msasl_finish_The_First_100_Signs_You_Need_to_Know.mp4_aug_slight_rotation.mp4,FINISH
FINISH/msasl_finish_The_First_100_Signs_You_Need_to_Know.mp4_aug_temporal.mp4,FINISH
FINISH/msasl_finish_UNIT_7_VOCABULARY.mp4.webm,FINISH
FINISH/msasl_finish_UNIT_7_VOCABULARY.mp4_aug_brightness_contrast.mp4,FINISH
FINISH/msasl_finish_UNIT_7_VOCABULARY.mp4_aug_horizontal_flip.mp4,FINISH
FINISH/msasl_finish_UNIT_7_VOCABULARY.mp4_aug_slight_rotation.mp4,FINISH
FINISH/msasl_finish_UNIT_7_VOCABULARY.mp4_aug_temporal.mp4,FINISH
FINISH/msasl_finish_UNIT_9_VOCABULARY.mp4.mkv,FINISH
FINISH/msasl_finish_UNIT_9_VOCABULARY.mp4_aug_brightness_contrast.mp4,FINISH
FINISH/msasl_finish_UNIT_9_VOCABULARY.mp4_aug_horizontal_flip.mp4,FINISH
FINISH/msasl_finish_UNIT_9_VOCABULARY.mp4_aug_slight_rotation.mp4,FINISH
FINISH/msasl_finish_UNIT_9_VOCABULARY.mp4_aug_temporal.mp4,FINISH
FINISH/msasl_finish_Unit_08_Vocabulary.mp4.webm,FINISH
FINISH/msasl_finish_Unit_08_Vocabulary.mp4_aug_brightness_contrast.mp4,FINISH
FINISH/msasl_finish_Unit_08_Vocabulary.mp4_aug_horizontal_flip.mp4,FINISH
FINISH/msasl_finish_Unit_08_Vocabulary.mp4_aug_slight_rotation.mp4,FINISH
FINISH/msasl_finish_Unit_08_Vocabulary.mp4_aug_temporal.mp4,FINISH
FINISH/msasl_finish_Unit_2_Vocabulary_(Part_3)_(rev_2018).mp4,FINISH
FINISH/msasl_finish_Unit_2_Vocabulary_(Part_3)_(rev_2018)_aug_brightness_contrast.mp4,FINISH
FINISH/msasl_finish_Unit_2_Vocabulary_(Part_3)_(rev_2018)_aug_horizontal_flip.mp4,FINISH
FINISH/msasl_finish_Unit_2_Vocabulary_(Part_3)_(rev_2018)_aug_slight_rotation.mp4,FINISH
FINISH/msasl_finish_Unit_2_Vocabulary_(Part_3)_(rev_2018)_aug_temporal.mp4,FINISH
FINISH/msasl_finish_Unit_7_Vocabulary_Part_1.mp4,FINISH
FINISH/msasl_finish_Unit_7_Vocabulary_Part_1_aug_brightness_contrast.mp4,FINISH
FINISH/msasl_finish_Unit_7_Vocabulary_Part_1_aug_horizontal_flip.mp4,FINISH
FINISH/msasl_finish_Unit_7_Vocabulary_Part_1_aug_slight_rotation.mp4,FINISH
FINISH/msasl_finish_Unit_7_Vocabulary_Part_1_aug_temporal.mp4,FINISH
FINISH/msasl_finish_Unit_8.mp4.mkv,FINISH
FINISH/msasl_finish_Unit_8.mp4_aug_brightness_contrast.mp4,FINISH
FINISH/msasl_finish_Unit_8.mp4_aug_horizontal_flip.mp4,FINISH
FINISH/msasl_finish_Unit_8.mp4_aug_slight_rotation.mp4,FINISH
FINISH/msasl_finish_Unit_8.mp4_aug_temporal.mp4,FINISH
FINISH/msasl_finish_Unit_8_Vocabulary(1).mp4,FINISH
FINISH/msasl_finish_Unit_8_Vocabulary(1)_aug_brightness_contrast.mp4,FINISH
FINISH/msasl_finish_Unit_8_Vocabulary(1)_aug_horizontal_flip.mp4,FINISH
FINISH/msasl_finish_Unit_8_Vocabulary(1)_aug_slight_rotation.mp4,FINISH
FINISH/msasl_finish_Unit_8_Vocabulary(1)_aug_temporal.mp4,FINISH
FINISH/msasl_finish_deaffriendly_ASL_Vocabulary_-_Hotel.mp4,FINISH
FINISH/msasl_finish_deaffriendly_ASL_Vocabulary_-_Hotel_aug_brightness_contrast.mp4,FINISH
FINISH/msasl_finish_deaffriendly_ASL_Vocabulary_-_Hotel_aug_horizontal_flip.mp4,FINISH
FINISH/msasl_finish_deaffriendly_ASL_Vocabulary_-_Hotel_aug_slight_rotation.mp4,FINISH
FINISH/msasl_finish_deaffriendly_ASL_Vocabulary_-_Hotel_aug_temporal.mp4,FINISH
FINISH/msasl_finish_finished_-_ASL_sign_for_finished.mp4.mkv,FINISH
FINISH/msasl_finish_finished_-_ASL_sign_for_finished.mp4_aug_brightness_contrast.mp4,FINISH
FINISH/msasl_finish_finished_-_ASL_sign_for_finished.mp4_aug_horizontal_flip.mp4,FINISH
FINISH/msasl_finish_finished_-_ASL_sign_for_finished.mp4_aug_slight_rotation.mp4,FINISH
FINISH/msasl_finish_finished_-_ASL_sign_for_finished.mp4_aug_temporal.mp4,FINISH
FINISH/wlasl_21941.mp4,FINISH
FINISH/wlasl_21941_aug_brightness_contrast.mp4,FINISH
FINISH/wlasl_21941_aug_horizontal_flip.mp4,FINISH
FINISH/wlasl_21941_aug_slight_rotation.mp4,FINISH
FINISH/wlasl_21941_aug_temporal.mp4,FINISH
FINISH/wlasl_21942.mp4,FINISH
FINISH/wlasl_21942_aug_brightness_contrast.mp4,FINISH
FINISH/wlasl_21942_aug_horizontal_flip.mp4,FINISH
FINISH/wlasl_21942_aug_slight_rotation.mp4,FINISH
FINISH/wlasl_21942_aug_temporal.mp4,FINISH
FINISH/wlasl_21943.mp4,FINISH
FINISH/wlasl_21943_aug_brightness_contrast.mp4,FINISH
FINISH/wlasl_21943_aug_horizontal_flip.mp4,FINISH
FINISH/wlasl_21943_aug_slight_rotation.mp4,FINISH
FINISH/wlasl_21943_aug_temporal.mp4,FINISH
FINISH/wlasl_21944.mp4,FINISH
FINISH/wlasl_21944_aug_brightness_contrast.mp4,FINISH
FINISH/wlasl_21944_aug_horizontal_flip.mp4,FINISH
FINISH/wlasl_21944_aug_slight_rotation.mp4,FINISH
FINISH/wlasl_21944_aug_temporal.mp4,FINISH
FINISH/wlasl_21945.mp4,FINISH
FINISH/wlasl_21945_aug_brightness_contrast.mp4,FINISH
FINISH/wlasl_21945_aug_horizontal_flip.mp4,FINISH
FINISH/wlasl_21945_aug_slight_rotation.mp4,FINISH
FINISH/wlasl_21945_aug_temporal.mp4,FINISH
FINISH/wlasl_21949.mp4,FINISH
FINISH/wlasl_21949_aug_brightness_contrast.mp4,FINISH
FINISH/wlasl_21949_aug_horizontal_flip.mp4,FINISH
FINISH/wlasl_21949_aug_slight_rotation.mp4,FINISH
FINISH/wlasl_21949_aug_temporal.mp4,FINISH
FINISH/wlasl_21950.mp4,FINISH
FINISH/wlasl_21950_aug_brightness_contrast.mp4,FINISH
FINISH/wlasl_21950_aug_horizontal_flip.mp4,FINISH
FINISH/wlasl_21950_aug_slight_rotation.mp4,FINISH
FINISH/wlasl_21950_aug_temporal.mp4,FINISH
FINISH/wlasl_21951.mp4,FINISH
FINISH/wlasl_21951_aug_brightness_contrast.mp4,FINISH
FINISH/wlasl_21951_aug_horizontal_flip.mp4,FINISH
FINISH/wlasl_21951_aug_slight_rotation.mp4,FINISH
FINISH/wlasl_21951_aug_temporal.mp4,FINISH
FRIEND/ASLLVD_FRIEND__ASL_2007_05_24_scene15-1612-1671_camera1.mov,FRIEND
FRIEND/ASLLVD_FRIEND__ASL_2007_05_24_scene15-1612-1671_camera1_aug_brightness_contrast.mp4,FRIEND
FRIEND/ASLLVD_FRIEND__ASL_2007_05_24_scene15-1612-1671_camera1_aug_horizontal_flip.mp4,FRIEND
FRIEND/ASLLVD_FRIEND__ASL_2007_05_24_scene15-1612-1671_camera1_aug_slight_rotation.mp4,FRIEND
FRIEND/ASLLVD_FRIEND__ASL_2007_05_24_scene15-1612-1671_camera1_aug_temporal.mp4,FRIEND
FRIEND/ASLLVD_FRIEND__ASL_2008_01_18_scene50-455-490_camera1.mov,FRIEND
FRIEND/ASLLVD_FRIEND__ASL_2008_01_18_scene50-455-490_camera1_aug_brightness_contrast.mp4,FRIEND
FRIEND/ASLLVD_FRIEND__ASL_2008_01_18_scene50-455-490_camera1_aug_horizontal_flip.mp4,FRIEND
FRIEND/ASLLVD_FRIEND__ASL_2008_01_18_scene50-455-490_camera1_aug_slight_rotation.mp4,FRIEND
FRIEND/ASLLVD_FRIEND__ASL_2008_01_18_scene50-455-490_camera1_aug_temporal.mp4,FRIEND
FRIEND/ASLLVD_FRIEND__ASL_2008_02_29_scene9-2775-2835_camera1.mov,FRIEND
FRIEND/ASLLVD_FRIEND__ASL_2008_02_29_scene9-2775-2835_camera1_aug_brightness_contrast.mp4,FRIEND
FRIEND/ASLLVD_FRIEND__ASL_2008_02_29_scene9-2775-2835_camera1_aug_horizontal_flip.mp4,FRIEND
FRIEND/ASLLVD_FRIEND__ASL_2008_02_29_scene9-2775-2835_camera1_aug_slight_rotation.mp4,FRIEND
FRIEND/ASLLVD_FRIEND__ASL_2008_02_29_scene9-2775-2835_camera1_aug_temporal.mp4,FRIEND
FRIEND/ASLLVD_FRIEND__ASL_2008_05_29_scene31-235-265_camera1.mov,FRIEND
FRIEND/ASLLVD_FRIEND__ASL_2008_05_29_scene31-235-265_camera1_aug_brightness_contrast.mp4,FRIEND
FRIEND/ASLLVD_FRIEND__ASL_2008_05_29_scene31-235-265_camera1_aug_horizontal_flip.mp4,FRIEND
FRIEND/ASLLVD_FRIEND__ASL_2008_05_29_scene31-235-265_camera1_aug_slight_rotation.mp4,FRIEND
FRIEND/ASLLVD_FRIEND__ASL_2008_05_29_scene31-235-265_camera1_aug_temporal.mp4,FRIEND
FRIEND/ASLLVD_FRIEND__ASL_2008_08_06_scene50-105-130_camera1.mov,FRIEND
FRIEND/ASLLVD_FRIEND__ASL_2008_08_06_scene50-105-130_camera1_aug_brightness_contrast.mp4,FRIEND
FRIEND/ASLLVD_FRIEND__ASL_2008_08_06_scene50-105-130_camera1_aug_horizontal_flip.mp4,FRIEND
FRIEND/ASLLVD_FRIEND__ASL_2008_08_06_scene50-105-130_camera1_aug_slight_rotation.mp4,FRIEND
FRIEND/ASLLVD_FRIEND__ASL_2008_08_06_scene50-105-130_camera1_aug_temporal.mp4,FRIEND
FRIEND/ASLLVD_FRIEND__ASL_2011_06_14_scene23-2547-2575_camera1.mov,FRIEND
FRIEND/ASLLVD_FRIEND__ASL_2011_06_14_scene23-2547-2575_camera1_aug_brightness_contrast.mp4,FRIEND
FRIEND/ASLLVD_FRIEND__ASL_2011_06_14_scene23-2547-2575_camera1_aug_horizontal_flip.mp4,FRIEND
FRIEND/ASLLVD_FRIEND__ASL_2011_06_14_scene23-2547-2575_camera1_aug_slight_rotation.mp4,FRIEND
FRIEND/ASLLVD_FRIEND__ASL_2011_06_14_scene23-2547-2575_camera1_aug_temporal.mp4,FRIEND
FRIEND/ASLLVD_FRIEND__ASL_2011_07_19_scene54-2709-2753_camera1.mov,FRIEND
FRIEND/ASLLVD_FRIEND__ASL_2011_07_19_scene54-2709-2753_camera1_aug_brightness_contrast.mp4,FRIEND
FRIEND/ASLLVD_FRIEND__ASL_2011_07_19_scene54-2709-2753_camera1_aug_horizontal_flip.mp4,FRIEND
FRIEND/ASLLVD_FRIEND__ASL_2011_07_19_scene54-2709-2753_camera1_aug_slight_rotation.mp4,FRIEND
FRIEND/ASLLVD_FRIEND__ASL_2011_07_19_scene54-2709-2753_camera1_aug_temporal.mp4,FRIEND
FRIEND/desktop.ini,FRIEND
FRIEND/desktop_aug_brightness_contrast.mp4,FRIEND
FRIEND/desktop_aug_horizontal_flip.mp4,FRIEND
FRIEND/desktop_aug_slight_rotation.mp4,FRIEND
FRIEND/desktop_aug_temporal.mp4,FRIEND
FRIEND/msasl_friend_ASL1_Class_3_New_SIGNS.mp4.mkv,FRIEND
FRIEND/msasl_friend_ASL1_Class_3_New_SIGNS.mp4_aug_brightness_contrast.mp4,FRIEND
FRIEND/msasl_friend_ASL1_Class_3_New_SIGNS.mp4_aug_horizontal_flip.mp4,FRIEND
FRIEND/msasl_friend_ASL1_Class_3_New_SIGNS.mp4_aug_slight_rotation.mp4,FRIEND
FRIEND/msasl_friend_ASL1_Class_3_New_SIGNS.mp4_aug_temporal.mp4,FRIEND
FRIEND/msasl_friend_ASL_1_Set_2_Supplemental_Vocabulary.mp4.mkv,FRIEND
FRIEND/msasl_friend_ASL_1_Set_2_Supplemental_Vocabulary.mp4_aug_brightness_contrast.mp4,FRIEND
FRIEND/msasl_friend_ASL_1_Set_2_Supplemental_Vocabulary.mp4_aug_horizontal_flip.mp4,FRIEND
FRIEND/msasl_friend_ASL_1_Set_2_Supplemental_Vocabulary.mp4_aug_slight_rotation.mp4,FRIEND
FRIEND/msasl_friend_ASL_1_Set_2_Supplemental_Vocabulary.mp4_aug_temporal.mp4,FRIEND
FRIEND/msasl_friend_ASL_ABC_Song_NEW_with_ASL_Letters_and_Signs.mp4.webm,FRIEND
FRIEND/msasl_friend_ASL_ABC_Song_NEW_with_ASL_Letters_and_Signs.mp4_aug_brightness_contrast.mp4,FRIEND
FRIEND/msasl_friend_ASL_ABC_Song_NEW_with_ASL_Letters_and_Signs.mp4_aug_horizontal_flip.mp4,FRIEND
FRIEND/msasl_friend_ASL_ABC_Song_NEW_with_ASL_Letters_and_Signs.mp4_aug_slight_rotation.mp4,FRIEND
FRIEND/msasl_friend_ASL_ABC_Song_NEW_with_ASL_Letters_and_Signs.mp4_aug_temporal.mp4,FRIEND
FRIEND/msasl_friend_ASL_I_-_Unit_5_Vocabulary_Review.mp4,FRIEND
FRIEND/msasl_friend_ASL_I_-_Unit_5_Vocabulary_Review_aug_brightness_contrast.mp4,FRIEND
FRIEND/msasl_friend_ASL_I_-_Unit_5_Vocabulary_Review_aug_horizontal_flip.mp4,FRIEND
FRIEND/msasl_friend_ASL_I_-_Unit_5_Vocabulary_Review_aug_slight_rotation.mp4,FRIEND
FRIEND/msasl_friend_ASL_I_-_Unit_5_Vocabulary_Review_aug_temporal.mp4,FRIEND
FRIEND/msasl_friend_ASL_Unit_One_Vocabulary.mp4,FRIEND
FRIEND/msasl_friend_ASL_Unit_One_Vocabulary_aug_brightness_contrast.mp4,FRIEND
FRIEND/msasl_friend_ASL_Unit_One_Vocabulary_aug_horizontal_flip.mp4,FRIEND
FRIEND/msasl_friend_ASL_Unit_One_Vocabulary_aug_slight_rotation.mp4,FRIEND
FRIEND/msasl_friend_ASL_Unit_One_Vocabulary_aug_temporal.mp4,FRIEND
FRIEND/msasl_friend_ASL_Vocabulary_(Spring_2018).mp4.webm,FRIEND
FRIEND/msasl_friend_ASL_Vocabulary_(Spring_2018).mp4_aug_brightness_contrast.mp4,FRIEND
FRIEND/msasl_friend_ASL_Vocabulary_(Spring_2018).mp4_aug_horizontal_flip.mp4,FRIEND
FRIEND/msasl_friend_ASL_Vocabulary_(Spring_2018).mp4_aug_slight_rotation.mp4,FRIEND
FRIEND/msasl_friend_ASL_Vocabulary_(Spring_2018).mp4_aug_temporal.mp4,FRIEND
FRIEND/msasl_friend_ASL_conversation_class_2.mp4.mkv,FRIEND
FRIEND/msasl_friend_ASL_conversation_class_2.mp4_aug_brightness_contrast.mp4,FRIEND
FRIEND/msasl_friend_ASL_conversation_class_2.mp4_aug_horizontal_flip.mp4,FRIEND
FRIEND/msasl_friend_ASL_conversation_class_2.mp4_aug_slight_rotation.mp4,FRIEND
FRIEND/msasl_friend_ASL_conversation_class_2.mp4_aug_temporal.mp4,FRIEND
FRIEND/msasl_friend_ASL_school_vocab.mp4,FRIEND
FRIEND/msasl_friend_ASL_school_vocab_aug_brightness_contrast.mp4,FRIEND
FRIEND/msasl_friend_ASL_school_vocab_aug_horizontal_flip.mp4,FRIEND
FRIEND/msasl_friend_ASL_school_vocab_aug_slight_rotation.mp4,FRIEND
FRIEND/msasl_friend_ASL_school_vocab_aug_temporal.mp4,FRIEND
FRIEND/msasl_friend_Asl_1_Unit_2_Vocab.mp4.mkv,FRIEND
FRIEND/msasl_friend_Asl_1_Unit_2_Vocab.mp4_aug_brightness_contrast.mp4,FRIEND
FRIEND/msasl_friend_Asl_1_Unit_2_Vocab.mp4_aug_horizontal_flip.mp4,FRIEND
FRIEND/msasl_friend_Asl_1_Unit_2_Vocab.mp4_aug_slight_rotation.mp4,FRIEND
FRIEND/msasl_friend_Asl_1_Unit_2_Vocab.mp4_aug_temporal.mp4,FRIEND
FRIEND/msasl_friend_Aug_to_Oct_Voc_Captions.mp4.mkv,FRIEND
FRIEND/msasl_friend_Aug_to_Oct_Voc_Captions.mp4_aug_brightness_contrast.mp4,FRIEND
FRIEND/msasl_friend_Aug_to_Oct_Voc_Captions.mp4_aug_horizontal_flip.mp4,FRIEND
FRIEND/msasl_friend_Aug_to_Oct_Voc_Captions.mp4_aug_slight_rotation.mp4,FRIEND
FRIEND/msasl_friend_Aug_to_Oct_Voc_Captions.mp4_aug_temporal.mp4,FRIEND
FRIEND/msasl_friend_Basic_Sign_Language_for_Caregivers_(family).mp4.mkv,FRIEND
FRIEND/msasl_friend_Basic_Sign_Language_for_Caregivers_(family).mp4_aug_brightness_contrast.mp4,FRIEND
FRIEND/msasl_friend_Basic_Sign_Language_for_Caregivers_(family).mp4_aug_horizontal_flip.mp4,FRIEND
FRIEND/msasl_friend_Basic_Sign_Language_for_Caregivers_(family).mp4_aug_slight_rotation.mp4,FRIEND
FRIEND/msasl_friend_Basic_Sign_Language_for_Caregivers_(family).mp4_aug_temporal.mp4,FRIEND
FRIEND/msasl_friend_Basic_Sign_Language_for_Caregivers_of_the_DeafHard_of_Hearing.mp4.webm,FRIEND
FRIEND/msasl_friend_Basic_Sign_Language_for_Caregivers_of_the_DeafHard_of_Hearing.mp4_aug_brightness_contrast.mp4,FRIEND
FRIEND/msasl_friend_Basic_Sign_Language_for_Caregivers_of_the_DeafHard_of_Hearing.mp4_aug_horizontal_flip.mp4,FRIEND
FRIEND/msasl_friend_Basic_Sign_Language_for_Caregivers_of_the_DeafHard_of_Hearing.mp4_aug_slight_rotation.mp4,FRIEND
FRIEND/msasl_friend_Basic_Sign_Language_for_Caregivers_of_the_DeafHard_of_Hearing.mp4_aug_temporal.mp4,FRIEND
FRIEND/msasl_friend_FRIEND(2).mp4.webm,FRIEND
FRIEND/msasl_friend_FRIEND(2).mp4_aug_brightness_contrast.mp4,FRIEND
FRIEND/msasl_friend_FRIEND(2).mp4_aug_horizontal_flip.mp4,FRIEND
FRIEND/msasl_friend_FRIEND(2).mp4_aug_slight_rotation.mp4,FRIEND
FRIEND/msasl_friend_FRIEND(2).mp4_aug_temporal.mp4,FRIEND
FRIEND/msasl_friend_FRIEND(3).mp4,FRIEND
FRIEND/msasl_friend_FRIEND(3)_aug_brightness_contrast.mp4,FRIEND
FRIEND/msasl_friend_FRIEND(3)_aug_horizontal_flip.mp4,FRIEND
FRIEND/msasl_friend_FRIEND(3)_aug_slight_rotation.mp4,FRIEND
FRIEND/msasl_friend_FRIEND(3)_aug_temporal.mp4,FRIEND
FRIEND/msasl_friend_Family_Voc_Unit.mp4.mkv,FRIEND
FRIEND/msasl_friend_Family_Voc_Unit.mp4_aug_brightness_contrast.mp4,FRIEND
FRIEND/msasl_friend_Family_Voc_Unit.mp4_aug_horizontal_flip.mp4,FRIEND
FRIEND/msasl_friend_Family_Voc_Unit.mp4_aug_slight_rotation.mp4,FRIEND
FRIEND/msasl_friend_Family_Voc_Unit.mp4_aug_temporal.mp4,FRIEND
FRIEND/msasl_friend_Family_Vocabulary.mp4,FRIEND
FRIEND/msasl_friend_Family_Vocabulary_aug_brightness_contrast.mp4,FRIEND
FRIEND/msasl_friend_Family_Vocabulary_aug_horizontal_flip.mp4,FRIEND
FRIEND/msasl_friend_Family_Vocabulary_aug_slight_rotation.mp4,FRIEND
FRIEND/msasl_friend_Family_Vocabulary_aug_temporal.mp4,FRIEND
FRIEND/msasl_friend_Family_Vocabulary.mp4.mkv,FRIEND
FRIEND/msasl_friend_Family_Vocabulary.mp4_aug_brightness_contrast.mp4,FRIEND
FRIEND/msasl_friend_Family_Vocabulary.mp4_aug_horizontal_flip.mp4,FRIEND
FRIEND/msasl_friend_Family_Vocabulary.mp4_aug_slight_rotation.mp4,FRIEND
FRIEND/msasl_friend_Family_Vocabulary.mp4_aug_temporal.mp4,FRIEND
FRIEND/msasl_friend_Friend.mp4.mkv,FRIEND
FRIEND/msasl_friend_Friend.mp4_aug_brightness_contrast.mp4,FRIEND
FRIEND/msasl_friend_Friend.mp4_aug_horizontal_flip.mp4,FRIEND
FRIEND/msasl_friend_Friend.mp4_aug_slight_rotation.mp4,FRIEND
FRIEND/msasl_friend_Friend.mp4_aug_temporal.mp4,FRIEND
FRIEND/msasl_friend_How_to_Sign_BOYFRIEND_in_Sign_Language.mp4.mkv,FRIEND
FRIEND/msasl_friend_How_to_Sign_BOYFRIEND_in_Sign_Language.mp4_aug_brightness_contrast.mp4,FRIEND
FRIEND/msasl_friend_How_to_Sign_BOYFRIEND_in_Sign_Language.mp4_aug_horizontal_flip.mp4,FRIEND
FRIEND/msasl_friend_How_to_Sign_BOYFRIEND_in_Sign_Language.mp4_aug_slight_rotation.mp4,FRIEND
FRIEND/msasl_friend_How_to_Sign_BOYFRIEND_in_Sign_Language.mp4_aug_temporal.mp4,FRIEND
FRIEND/msasl_friend_How_to_Sign_GIRLFRIEND_in_Sign_Language.mp4.mkv,FRIEND
FRIEND/msasl_friend_How_to_Sign_GIRLFRIEND_in_Sign_Language.mp4_aug_brightness_contrast.mp4,FRIEND
FRIEND/msasl_friend_How_to_Sign_GIRLFRIEND_in_Sign_Language.mp4_aug_horizontal_flip.mp4,FRIEND
FRIEND/msasl_friend_How_to_Sign_GIRLFRIEND_in_Sign_Language.mp4_aug_slight_rotation.mp4,FRIEND
FRIEND/msasl_friend_How_to_Sign_GIRLFRIEND_in_Sign_Language.mp4_aug_temporal.mp4,FRIEND
FRIEND/msasl_friend_Introduction_to_American_Sign_Language_Questions_and_Small_Talk.mp4.mkv,FRIEND
FRIEND/msasl_friend_Introduction_to_American_Sign_Language_Questions_and_Small_Talk.mp4_aug_brightness_contrast.mp4,FRIEND
FRIEND/msasl_friend_Introduction_to_American_Sign_Language_Questions_and_Small_Talk.mp4_aug_horizontal_flip.mp4,FRIEND
FRIEND/msasl_friend_Introduction_to_American_Sign_Language_Questions_and_Small_Talk.mp4_aug_slight_rotation.mp4,FRIEND
FRIEND/msasl_friend_Introduction_to_American_Sign_Language_Questions_and_Small_Talk.mp4_aug_temporal.mp4,FRIEND
FRIEND/msasl_friend_Lesson_2_Vocabulary_-_A_Basic_Course_(ABC)_in_ASL.mp4.mkv,FRIEND
FRIEND/msasl_friend_Lesson_2_Vocabulary_-_A_Basic_Course_(ABC)_in_ASL.mp4_aug_brightness_contrast.mp4,FRIEND
FRIEND/msasl_friend_Lesson_2_Vocabulary_-_A_Basic_Course_(ABC)_in_ASL.mp4_aug_horizontal_flip.mp4,FRIEND
FRIEND/msasl_friend_Lesson_2_Vocabulary_-_A_Basic_Course_(ABC)_in_ASL.mp4_aug_slight_rotation.mp4,FRIEND
FRIEND/msasl_friend_Lesson_2_Vocabulary_-_A_Basic_Course_(ABC)_in_ASL.mp4_aug_temporal.mp4,FRIEND
FRIEND/msasl_friend_Making_Introductions_Vocabulary_ASL_-_American_Sign_Language.mp4.webm,FRIEND
FRIEND/msasl_friend_Making_Introductions_Vocabulary_ASL_-_American_Sign_Language.mp4_aug_brightness_contrast.mp4,FRIEND
FRIEND/msasl_friend_Making_Introductions_Vocabulary_ASL_-_American_Sign_Language.mp4_aug_horizontal_flip.mp4,FRIEND
FRIEND/msasl_friend_Making_Introductions_Vocabulary_ASL_-_American_Sign_Language.mp4_aug_slight_rotation.mp4,FRIEND
FRIEND/msasl_friend_Making_Introductions_Vocabulary_ASL_-_American_Sign_Language.mp4_aug_temporal.mp4,FRIEND
FRIEND/msasl_friend_People_Signs_in_ASL.mp4,FRIEND
FRIEND/msasl_friend_People_Signs_in_ASL_aug_brightness_contrast.mp4,FRIEND
FRIEND/msasl_friend_People_Signs_in_ASL_aug_horizontal_flip.mp4,FRIEND
FRIEND/msasl_friend_People_Signs_in_ASL_aug_slight_rotation.mp4,FRIEND
FRIEND/msasl_friend_People_Signs_in_ASL_aug_temporal.mp4,FRIEND
FRIEND/msasl_friend_People_at_school_ASL.mp4,FRIEND
FRIEND/msasl_friend_People_at_school_ASL_aug_brightness_contrast.mp4,FRIEND
FRIEND/msasl_friend_People_at_school_ASL_aug_horizontal_flip.mp4,FRIEND
FRIEND/msasl_friend_People_at_school_ASL_aug_slight_rotation.mp4,FRIEND
FRIEND/msasl_friend_People_at_school_ASL_aug_temporal.mp4,FRIEND
FRIEND/msasl_friend_SWIC_Community_Ed_-_Class_One.mp4,FRIEND
FRIEND/msasl_friend_SWIC_Community_Ed_-_Class_One_aug_brightness_contrast.mp4,FRIEND
FRIEND/msasl_friend_SWIC_Community_Ed_-_Class_One_aug_horizontal_flip.mp4,FRIEND
FRIEND/msasl_friend_SWIC_Community_Ed_-_Class_One_aug_slight_rotation.mp4,FRIEND
FRIEND/msasl_friend_SWIC_Community_Ed_-_Class_One_aug_temporal.mp4,FRIEND
FRIEND/msasl_friend_School_Signs_in_ASL.mp4.mkv,FRIEND
FRIEND/msasl_friend_School_Signs_in_ASL.mp4_aug_brightness_contrast.mp4,FRIEND
FRIEND/msasl_friend_School_Signs_in_ASL.mp4_aug_horizontal_flip.mp4,FRIEND
FRIEND/msasl_friend_School_Signs_in_ASL.mp4_aug_slight_rotation.mp4,FRIEND
FRIEND/msasl_friend_School_Signs_in_ASL.mp4_aug_temporal.mp4,FRIEND
FRIEND/msasl_friend_The_First_100_Signs_You_Need_to_Know.mp4,FRIEND
FRIEND/msasl_friend_The_First_100_Signs_You_Need_to_Know_aug_brightness_contrast.mp4,FRIEND
FRIEND/msasl_friend_The_First_100_Signs_You_Need_to_Know_aug_horizontal_flip.mp4,FRIEND
FRIEND/msasl_friend_The_First_100_Signs_You_Need_to_Know_aug_slight_rotation.mp4,FRIEND
FRIEND/msasl_friend_The_First_100_Signs_You_Need_to_Know_aug_temporal.mp4,FRIEND
FRIEND/msasl_friend_The_First_100_Signs_You_Need_to_Know.mp4.webm,FRIEND
FRIEND/msasl_friend_The_First_100_Signs_You_Need_to_Know.mp4_aug_brightness_contrast.mp4,FRIEND
FRIEND/msasl_friend_The_First_100_Signs_You_Need_to_Know.mp4_aug_horizontal_flip.mp4,FRIEND
FRIEND/msasl_friend_The_First_100_Signs_You_Need_to_Know.mp4_aug_slight_rotation.mp4,FRIEND
FRIEND/msasl_friend_The_First_100_Signs_You_Need_to_Know.mp4_aug_temporal.mp4,FRIEND
FRIEND/msasl_friend_Unit_08_Vocabulary.mp4.webm,FRIEND
FRIEND/msasl_friend_Unit_08_Vocabulary.mp4_aug_brightness_contrast.mp4,FRIEND
FRIEND/msasl_friend_Unit_08_Vocabulary.mp4_aug_horizontal_flip.mp4,FRIEND
FRIEND/msasl_friend_Unit_08_Vocabulary.mp4_aug_slight_rotation.mp4,FRIEND
FRIEND/msasl_friend_Unit_08_Vocabulary.mp4_aug_temporal.mp4,FRIEND
FRIEND/msasl_friend_Unit_1(1).mp4.webm,FRIEND
FRIEND/msasl_friend_Unit_1(1).mp4_aug_brightness_contrast.mp4,FRIEND
FRIEND/msasl_friend_Unit_1(1).mp4_aug_horizontal_flip.mp4,FRIEND
FRIEND/msasl_friend_Unit_1(1).mp4_aug_slight_rotation.mp4,FRIEND
FRIEND/msasl_friend_Unit_1(1).mp4_aug_temporal.mp4,FRIEND
FRIEND/msasl_friend_Unit_1_Vocabulary.mp4.mkv,FRIEND
FRIEND/msasl_friend_Unit_1_Vocabulary.mp4_aug_brightness_contrast.mp4,FRIEND
FRIEND/msasl_friend_Unit_1_Vocabulary.mp4_aug_horizontal_flip.mp4,FRIEND
FRIEND/msasl_friend_Unit_1_Vocabulary.mp4_aug_slight_rotation.mp4,FRIEND
FRIEND/msasl_friend_Unit_1_Vocabulary.mp4_aug_temporal.mp4,FRIEND
FRIEND/msasl_friend_Unit_1_Vocabulary_ASL_Level_1_-_American_Sign_Language.mp4.webm,FRIEND
FRIEND/msasl_friend_Unit_1_Vocabulary_ASL_Level_1_-_American_Sign_Language.mp4_aug_brightness_contrast.mp4,FRIEND
FRIEND/msasl_friend_Unit_1_Vocabulary_ASL_Level_1_-_American_Sign_Language.mp4_aug_horizontal_flip.mp4,FRIEND
FRIEND/msasl_friend_Unit_1_Vocabulary_ASL_Level_1_-_American_Sign_Language.mp4_aug_slight_rotation.mp4,FRIEND
FRIEND/msasl_friend_Unit_1_Vocabulary_ASL_Level_1_-_American_Sign_Language.mp4_aug_temporal.mp4,FRIEND
FRIEND/msasl_friend_Unit_4_vocabulary_pg_1-3.mp4,FRIEND
FRIEND/msasl_friend_Unit_4_vocabulary_pg_1-3_aug_brightness_contrast.mp4,FRIEND
FRIEND/msasl_friend_Unit_4_vocabulary_pg_1-3_aug_horizontal_flip.mp4,FRIEND
FRIEND/msasl_friend_Unit_4_vocabulary_pg_1-3_aug_slight_rotation.mp4,FRIEND
FRIEND/msasl_friend_Unit_4_vocabulary_pg_1-3_aug_temporal.mp4,FRIEND
FRIEND/msasl_friend_Unit_8_Vocabulary(1).mp4,FRIEND
FRIEND/msasl_friend_Unit_8_Vocabulary(1)_aug_brightness_contrast.mp4,FRIEND
FRIEND/msasl_friend_Unit_8_Vocabulary(1)_aug_horizontal_flip.mp4,FRIEND
FRIEND/msasl_friend_Unit_8_Vocabulary(1)_aug_slight_rotation.mp4,FRIEND
FRIEND/msasl_friend_Unit_8_Vocabulary(1)_aug_temporal.mp4,FRIEND
FRIEND/msasl_friend_Useful_vocab.mp4,FRIEND
FRIEND/msasl_friend_Useful_vocab_aug_brightness_contrast.mp4,FRIEND
FRIEND/msasl_friend_Useful_vocab_aug_horizontal_flip.mp4,FRIEND
FRIEND/msasl_friend_Useful_vocab_aug_slight_rotation.mp4,FRIEND
FRIEND/msasl_friend_Useful_vocab_aug_temporal.mp4,FRIEND
FRIEND/msasl_friend_friend_-_ASL_sign_for_friend.mp4,FRIEND
FRIEND/msasl_friend_friend_-_ASL_sign_for_friend_aug_brightness_contrast.mp4,FRIEND
FRIEND/msasl_friend_friend_-_ASL_sign_for_friend_aug_horizontal_flip.mp4,FRIEND
FRIEND/msasl_friend_friend_-_ASL_sign_for_friend_aug_slight_rotation.mp4,FRIEND
FRIEND/msasl_friend_friend_-_ASL_sign_for_friend_aug_temporal.mp4,FRIEND
FRIEND/wlasl_23568.mp4,FRIEND
FRIEND/wlasl_23568_aug_brightness_contrast.mp4,FRIEND
FRIEND/wlasl_23568_aug_horizontal_flip.mp4,FRIEND
FRIEND/wlasl_23568_aug_slight_rotation.mp4,FRIEND
FRIEND/wlasl_23568_aug_temporal.mp4,FRIEND
FRIEND/wlasl_23569.mp4,FRIEND
FRIEND/wlasl_23569_aug_brightness_contrast.mp4,FRIEND
FRIEND/wlasl_23569_aug_horizontal_flip.mp4,FRIEND
FRIEND/wlasl_23569_aug_slight_rotation.mp4,FRIEND
FRIEND/wlasl_23569_aug_temporal.mp4,FRIEND
FRIEND/wlasl_23570.mp4,FRIEND
FRIEND/wlasl_23570_aug_brightness_contrast.mp4,FRIEND
FRIEND/wlasl_23570_aug_horizontal_flip.mp4,FRIEND
FRIEND/wlasl_23570_aug_slight_rotation.mp4,FRIEND
FRIEND/wlasl_23570_aug_temporal.mp4,FRIEND
FRIEND/wlasl_23572.mp4,FRIEND
FRIEND/wlasl_23572_aug_brightness_contrast.mp4,FRIEND
FRIEND/wlasl_23572_aug_horizontal_flip.mp4,FRIEND
FRIEND/wlasl_23572_aug_slight_rotation.mp4,FRIEND
FRIEND/wlasl_23572_aug_temporal.mp4,FRIEND
FRIEND/wlasl_23574.mp4,FRIEND
FRIEND/wlasl_23574_aug_brightness_contrast.mp4,FRIEND
FRIEND/wlasl_23574_aug_horizontal_flip.mp4,FRIEND
FRIEND/wlasl_23574_aug_slight_rotation.mp4,FRIEND
FRIEND/wlasl_23574_aug_temporal.mp4,FRIEND
FULL/ASLLVD_FULL__ASL_2008_01_18_scene2-775-810_camera1.mov,FULL
FULL/ASLLVD_FULL__ASL_2008_01_18_scene2-775-810_camera1_aug_brightness_contrast.mp4,FULL
FULL/ASLLVD_FULL__ASL_2008_01_18_scene2-775-810_camera1_aug_horizontal_flip.mp4,FULL
FULL/ASLLVD_FULL__ASL_2008_01_18_scene2-775-810_camera1_aug_slight_rotation.mp4,FULL
FULL/ASLLVD_FULL__ASL_2008_01_18_scene2-775-810_camera1_aug_temporal.mp4,FULL
FULL/ASLLVD_FULL__ASL_2008_02_01_scene1-1105-1150_camera1.mov,FULL
FULL/ASLLVD_FULL__ASL_2008_02_01_scene1-1105-1150_camera1_aug_brightness_contrast.mp4,FULL
FULL/ASLLVD_FULL__ASL_2008_02_01_scene1-1105-1150_camera1_aug_horizontal_flip.mp4,FULL
FULL/ASLLVD_FULL__ASL_2008_02_01_scene1-1105-1150_camera1_aug_slight_rotation.mp4,FULL
FULL/ASLLVD_FULL__ASL_2008_02_01_scene1-1105-1150_camera1_aug_temporal.mp4,FULL
FULL/ASLLVD_FULL__ASL_2008_02_01_scene1-1396-1460_camera1.mov,FULL
FULL/ASLLVD_FULL__ASL_2008_02_01_scene1-1396-1460_camera1_aug_brightness_contrast.mp4,FULL
FULL/ASLLVD_FULL__ASL_2008_02_01_scene1-1396-1460_camera1_aug_horizontal_flip.mp4,FULL
FULL/ASLLVD_FULL__ASL_2008_02_01_scene1-1396-1460_camera1_aug_slight_rotation.mp4,FULL
FULL/ASLLVD_FULL__ASL_2008_02_01_scene1-1396-1460_camera1_aug_temporal.mp4,FULL
FULL/ASLLVD_FULL__ASL_2008_02_01_scene1-575-620_camera1.mov,FULL
FULL/ASLLVD_FULL__ASL_2008_02_01_scene1-575-620_camera1_aug_brightness_contrast.mp4,FULL
FULL/ASLLVD_FULL__ASL_2008_02_01_scene1-575-620_camera1_aug_horizontal_flip.mp4,FULL
FULL/ASLLVD_FULL__ASL_2008_02_01_scene1-575-620_camera1_aug_slight_rotation.mp4,FULL
FULL/ASLLVD_FULL__ASL_2008_02_01_scene1-575-620_camera1_aug_temporal.mp4,FULL
FULL/ASLLVD_FULL__ASL_2008_05_12_scene2-570-595_camera1.mov,FULL
FULL/ASLLVD_FULL__ASL_2008_05_12_scene2-570-595_camera1_aug_brightness_contrast.mp4,FULL
FULL/ASLLVD_FULL__ASL_2008_05_12_scene2-570-595_camera1_aug_horizontal_flip.mp4,FULL
FULL/ASLLVD_FULL__ASL_2008_05_12_scene2-570-595_camera1_aug_slight_rotation.mp4,FULL
FULL/ASLLVD_FULL__ASL_2008_05_12_scene2-570-595_camera1_aug_temporal.mp4,FULL
FULL/ASLLVD_FULL__ASL_2008_05_29_scene32-466-490_camera1.mov,FULL
FULL/ASLLVD_FULL__ASL_2008_05_29_scene32-466-490_camera1_aug_brightness_contrast.mp4,FULL
FULL/ASLLVD_FULL__ASL_2008_05_29_scene32-466-490_camera1_aug_horizontal_flip.mp4,FULL
FULL/ASLLVD_FULL__ASL_2008_05_29_scene32-466-490_camera1_aug_slight_rotation.mp4,FULL
FULL/ASLLVD_FULL__ASL_2008_05_29_scene32-466-490_camera1_aug_temporal.mp4,FULL
FULL/ASLLVD_FULL__ASL_2008_05_29_scene32-705-730_camera1.mov,FULL
FULL/ASLLVD_FULL__ASL_2008_05_29_scene32-705-730_camera1_aug_brightness_contrast.mp4,FULL
FULL/ASLLVD_FULL__ASL_2008_05_29_scene32-705-730_camera1_aug_horizontal_flip.mp4,FULL
FULL/ASLLVD_FULL__ASL_2008_05_29_scene32-705-730_camera1_aug_slight_rotation.mp4,FULL
FULL/ASLLVD_FULL__ASL_2008_05_29_scene32-705-730_camera1_aug_temporal.mp4,FULL
FULL/ASLLVD_FULL__ASL_2008_05_29_scene33-890-925_camera1.mov,FULL
FULL/ASLLVD_FULL__ASL_2008_05_29_scene33-890-925_camera1_aug_brightness_contrast.mp4,FULL
FULL/ASLLVD_FULL__ASL_2008_05_29_scene33-890-925_camera1_aug_horizontal_flip.mp4,FULL
FULL/ASLLVD_FULL__ASL_2008_05_29_scene33-890-925_camera1_aug_slight_rotation.mp4,FULL
FULL/ASLLVD_FULL__ASL_2008_05_29_scene33-890-925_camera1_aug_temporal.mp4,FULL
FULL/ASLLVD_FULL__ASL_2008_08_06_scene2-525-551_camera1.mov,FULL
FULL/ASLLVD_FULL__ASL_2008_08_06_scene2-525-551_camera1_aug_brightness_contrast.mp4,FULL
FULL/ASLLVD_FULL__ASL_2008_08_06_scene2-525-551_camera1_aug_horizontal_flip.mp4,FULL
FULL/ASLLVD_FULL__ASL_2008_08_06_scene2-525-551_camera1_aug_slight_rotation.mp4,FULL
FULL/ASLLVD_FULL__ASL_2008_08_06_scene2-525-551_camera1_aug_temporal.mp4,FULL
FULL/ASLLVD_FULL__ASL_2008_08_13_scene1-1056-1078_camera1.mov,FULL
FULL/ASLLVD_FULL__ASL_2008_08_13_scene1-1056-1078_camera1_aug_brightness_contrast.mp4,FULL
FULL/ASLLVD_FULL__ASL_2008_08_13_scene1-1056-1078_camera1_aug_horizontal_flip.mp4,FULL
FULL/ASLLVD_FULL__ASL_2008_08_13_scene1-1056-1078_camera1_aug_slight_rotation.mp4,FULL
FULL/ASLLVD_FULL__ASL_2008_08_13_scene1-1056-1078_camera1_aug_temporal.mp4,FULL
FULL/ASLLVD_FULL__ASL_2008_08_13_scene1-1532-1572_camera1.mov,FULL
FULL/ASLLVD_FULL__ASL_2008_08_13_scene1-1532-1572_camera1_aug_brightness_contrast.mp4,FULL
FULL/ASLLVD_FULL__ASL_2008_08_13_scene1-1532-1572_camera1_aug_horizontal_flip.mp4,FULL
FULL/ASLLVD_FULL__ASL_2008_08_13_scene1-1532-1572_camera1_aug_slight_rotation.mp4,FULL
FULL/ASLLVD_FULL__ASL_2008_08_13_scene1-1532-1572_camera1_aug_temporal.mp4,FULL
FULL/ASLLVD_FULL__ASL_2008_08_13_scene1-665-688_camera1.mov,FULL
FULL/ASLLVD_FULL__ASL_2008_08_13_scene1-665-688_camera1_aug_brightness_contrast.mp4,FULL
FULL/ASLLVD_FULL__ASL_2008_08_13_scene1-665-688_camera1_aug_horizontal_flip.mp4,FULL
FULL/ASLLVD_FULL__ASL_2008_08_13_scene1-665-688_camera1_aug_slight_rotation.mp4,FULL
FULL/ASLLVD_FULL__ASL_2008_08_13_scene1-665-688_camera1_aug_temporal.mp4,FULL
FULL/ASLLVD_FULL__ASL_2011_06_08_scene29-6349-6365_camera1.mov,FULL
FULL/ASLLVD_FULL__ASL_2011_06_08_scene29-6349-6365_camera1_aug_brightness_contrast.mp4,FULL
FULL/ASLLVD_FULL__ASL_2011_06_08_scene29-6349-6365_camera1_aug_horizontal_flip.mp4,FULL
FULL/ASLLVD_FULL__ASL_2011_06_08_scene29-6349-6365_camera1_aug_slight_rotation.mp4,FULL
FULL/ASLLVD_FULL__ASL_2011_06_08_scene29-6349-6365_camera1_aug_temporal.mp4,FULL
FULL/ASLLVD_FULL__ASL_2011_06_14_scene17-1852-1875_camera1.mov,FULL
FULL/ASLLVD_FULL__ASL_2011_06_14_scene17-1852-1875_camera1_aug_brightness_contrast.mp4,FULL
FULL/ASLLVD_FULL__ASL_2011_06_14_scene17-1852-1875_camera1_aug_horizontal_flip.mp4,FULL
FULL/ASLLVD_FULL__ASL_2011_06_14_scene17-1852-1875_camera1_aug_slight_rotation.mp4,FULL
FULL/ASLLVD_FULL__ASL_2011_06_14_scene17-1852-1875_camera1_aug_temporal.mp4,FULL
FULL/ASLLVD_FULL__ASL_2011_06_14_scene23-5329-5346_camera1.mov,FULL
FULL/ASLLVD_FULL__ASL_2011_06_14_scene23-5329-5346_camera1_aug_brightness_contrast.mp4,FULL
FULL/ASLLVD_FULL__ASL_2011_06_14_scene23-5329-5346_camera1_aug_horizontal_flip.mp4,FULL
FULL/ASLLVD_FULL__ASL_2011_06_14_scene23-5329-5346_camera1_aug_slight_rotation.mp4,FULL
FULL/ASLLVD_FULL__ASL_2011_06_14_scene23-5329-5346_camera1_aug_temporal.mp4,FULL
FULL/ASLLVD_FULL__ASL_2011_06_14_scene23-5559-5574_camera1.mov,FULL
FULL/ASLLVD_FULL__ASL_2011_06_14_scene23-5559-5574_camera1_aug_brightness_contrast.mp4,FULL
FULL/ASLLVD_FULL__ASL_2011_06_14_scene23-5559-5574_camera1_aug_horizontal_flip.mp4,FULL
FULL/ASLLVD_FULL__ASL_2011_06_14_scene23-5559-5574_camera1_aug_slight_rotation.mp4,FULL
FULL/ASLLVD_FULL__ASL_2011_06_14_scene23-5559-5574_camera1_aug_temporal.mp4,FULL
FULL/ASLLVD_FULL__ASL_2011_06_14_scene23-5781-5801_camera1.mov,FULL
FULL/ASLLVD_FULL__ASL_2011_06_14_scene23-5781-5801_camera1_aug_brightness_contrast.mp4,FULL
FULL/ASLLVD_FULL__ASL_2011_06_14_scene23-5781-5801_camera1_aug_horizontal_flip.mp4,FULL
FULL/ASLLVD_FULL__ASL_2011_06_14_scene23-5781-5801_camera1_aug_slight_rotation.mp4,FULL
FULL/ASLLVD_FULL__ASL_2011_06_14_scene23-5781-5801_camera1_aug_temporal.mp4,FULL
FULL/ASLLVD_FULL__ASL_2011_06_14_scene24-987-1007_camera1.mov,FULL
FULL/ASLLVD_FULL__ASL_2011_06_14_scene24-987-1007_camera1_aug_brightness_contrast.mp4,FULL
FULL/ASLLVD_FULL__ASL_2011_06_14_scene24-987-1007_camera1_aug_horizontal_flip.mp4,FULL
FULL/ASLLVD_FULL__ASL_2011_06_14_scene24-987-1007_camera1_aug_slight_rotation.mp4,FULL
FULL/ASLLVD_FULL__ASL_2011_06_14_scene24-987-1007_camera1_aug_temporal.mp4,FULL
FULL/desktop.ini,FULL
FULL/desktop_aug_brightness_contrast.mp4,FULL
FULL/desktop_aug_horizontal_flip.mp4,FULL
FULL/desktop_aug_slight_rotation.mp4,FULL
FULL/desktop_aug_temporal.mp4,FULL
FULL/msasl_full_ASL2_Class_32_SIGNS.mp4.mkv,FULL
FULL/msasl_full_ASL2_Class_32_SIGNS.mp4_aug_brightness_contrast.mp4,FULL
FULL/msasl_full_ASL2_Class_32_SIGNS.mp4_aug_horizontal_flip.mp4,FULL
FULL/msasl_full_ASL2_Class_32_SIGNS.mp4_aug_slight_rotation.mp4,FULL
FULL/msasl_full_ASL2_Class_32_SIGNS.mp4_aug_temporal.mp4,FULL
FULL/msasl_full_ASL_1_Set_3_Supplemental_Vocabulary.mp4.mkv,FULL
FULL/msasl_full_ASL_1_Set_3_Supplemental_Vocabulary.mp4_aug_brightness_contrast.mp4,FULL
FULL/msasl_full_ASL_1_Set_3_Supplemental_Vocabulary.mp4_aug_horizontal_flip.mp4,FULL
FULL/msasl_full_ASL_1_Set_3_Supplemental_Vocabulary.mp4_aug_slight_rotation.mp4,FULL
FULL/msasl_full_ASL_1_Set_3_Supplemental_Vocabulary.mp4_aug_temporal.mp4,FULL
FULL/msasl_full_ASL_II_Unit_12.mp4.mkv,FULL
FULL/msasl_full_ASL_II_Unit_12.mp4_aug_brightness_contrast.mp4,FULL
FULL/msasl_full_ASL_II_Unit_12.mp4_aug_horizontal_flip.mp4,FULL
FULL/msasl_full_ASL_II_Unit_12.mp4_aug_slight_rotation.mp4,FULL
FULL/msasl_full_ASL_II_Unit_12.mp4_aug_temporal.mp4,FULL
FULL/msasl_full_ASL_Lesson_10_MoneyFood.mp4,FULL
FULL/msasl_full_ASL_Lesson_10_MoneyFood_aug_brightness_contrast.mp4,FULL
FULL/msasl_full_ASL_Lesson_10_MoneyFood_aug_horizontal_flip.mp4,FULL
FULL/msasl_full_ASL_Lesson_10_MoneyFood_aug_slight_rotation.mp4,FULL
FULL/msasl_full_ASL_Lesson_10_MoneyFood_aug_temporal.mp4,FULL
FULL/msasl_full_ASL_Lesson_10_MoneyFood.mp4.mkv,FULL
FULL/msasl_full_ASL_Lesson_10_MoneyFood.mp4_aug_brightness_contrast.mp4,FULL
FULL/msasl_full_ASL_Lesson_10_MoneyFood.mp4_aug_horizontal_flip.mp4,FULL
FULL/msasl_full_ASL_Lesson_10_MoneyFood.mp4_aug_slight_rotation.mp4,FULL
FULL/msasl_full_ASL_Lesson_10_MoneyFood.mp4_aug_temporal.mp4,FULL
FULL/msasl_full_Basic_ASL_Vocabulary_for_Babies.mp4,FULL
FULL/msasl_full_Basic_ASL_Vocabulary_for_Babies_aug_brightness_contrast.mp4,FULL
FULL/msasl_full_Basic_ASL_Vocabulary_for_Babies_aug_horizontal_flip.mp4,FULL
FULL/msasl_full_Basic_ASL_Vocabulary_for_Babies_aug_slight_rotation.mp4,FULL
FULL/msasl_full_Basic_ASL_Vocabulary_for_Babies_aug_temporal.mp4,FULL
FULL/msasl_full_Basic_Sign_Language_for_Caregivers_(mealtime).mp4.mkv,FULL
FULL/msasl_full_Basic_Sign_Language_for_Caregivers_(mealtime).mp4_aug_brightness_contrast.mp4,FULL
FULL/msasl_full_Basic_Sign_Language_for_Caregivers_(mealtime).mp4_aug_horizontal_flip.mp4,FULL
FULL/msasl_full_Basic_Sign_Language_for_Caregivers_(mealtime).mp4_aug_slight_rotation.mp4,FULL
FULL/msasl_full_Basic_Sign_Language_for_Caregivers_(mealtime).mp4_aug_temporal.mp4,FULL
FULL/msasl_full_FULL(1).mp4.webm,FULL
FULL/msasl_full_FULL(1).mp4_aug_brightness_contrast.mp4,FULL
FULL/msasl_full_FULL(1).mp4_aug_horizontal_flip.mp4,FULL
FULL/msasl_full_FULL(1).mp4_aug_slight_rotation.mp4,FULL
FULL/msasl_full_FULL(1).mp4_aug_temporal.mp4,FULL
FULL/msasl_full_FULL(2).mp4.mkv,FULL
FULL/msasl_full_FULL(2).mp4_aug_brightness_contrast.mp4,FULL
FULL/msasl_full_FULL(2).mp4_aug_horizontal_flip.mp4,FULL
FULL/msasl_full_FULL(2).mp4_aug_slight_rotation.mp4,FULL
FULL/msasl_full_FULL(2).mp4_aug_temporal.mp4,FULL
FULL/msasl_full_FULL_(TO_THE_BRIM).mp4.mkv,FULL
FULL/msasl_full_FULL_(TO_THE_BRIM).mp4_aug_brightness_contrast.mp4,FULL
FULL/msasl_full_FULL_(TO_THE_BRIM).mp4_aug_horizontal_flip.mp4,FULL
FULL/msasl_full_FULL_(TO_THE_BRIM).mp4_aug_slight_rotation.mp4,FULL
FULL/msasl_full_FULL_(TO_THE_BRIM).mp4_aug_temporal.mp4,FULL
FULL/msasl_full_Signing_Naturally_Unit_15_Vocabulary_by_Dr_Wooten_1.mp4.mkv,FULL
FULL/msasl_full_Signing_Naturally_Unit_15_Vocabulary_by_Dr_Wooten_1.mp4_aug_brightness_contrast.mp4,FULL
FULL/msasl_full_Signing_Naturally_Unit_15_Vocabulary_by_Dr_Wooten_1.mp4_aug_horizontal_flip.mp4,FULL
FULL/msasl_full_Signing_Naturally_Unit_15_Vocabulary_by_Dr_Wooten_1.mp4_aug_slight_rotation.mp4,FULL
FULL/msasl_full_Signing_Naturally_Unit_15_Vocabulary_by_Dr_Wooten_1.mp4_aug_temporal.mp4,FULL
FULL/msasl_full_Signing_Naturally_Unit_5.mp4.mkv,FULL
FULL/msasl_full_Signing_Naturally_Unit_5.mp4_aug_brightness_contrast.mp4,FULL
FULL/msasl_full_Signing_Naturally_Unit_5.mp4_aug_horizontal_flip.mp4,FULL
FULL/msasl_full_Signing_Naturally_Unit_5.mp4_aug_slight_rotation.mp4,FULL
FULL/msasl_full_Signing_Naturally_Unit_5.mp4_aug_temporal.mp4,FULL
FULL/msasl_full_Unit_10_Vocabulary.mp4.mkv,FULL
FULL/msasl_full_Unit_10_Vocabulary.mp4_aug_brightness_contrast.mp4,FULL
FULL/msasl_full_Unit_10_Vocabulary.mp4_aug_horizontal_flip.mp4,FULL
FULL/msasl_full_Unit_10_Vocabulary.mp4_aug_slight_rotation.mp4,FULL
FULL/msasl_full_Unit_10_Vocabulary.mp4_aug_temporal.mp4,FULL
FULL/msasl_full_Unit_11_Signing_Naturally_ASL_II.mp4.mkv,FULL
FULL/msasl_full_Unit_11_Signing_Naturally_ASL_II.mp4_aug_brightness_contrast.mp4,FULL
FULL/msasl_full_Unit_11_Signing_Naturally_ASL_II.mp4_aug_horizontal_flip.mp4,FULL
FULL/msasl_full_Unit_11_Signing_Naturally_ASL_II.mp4_aug_slight_rotation.mp4,FULL
FULL/msasl_full_Unit_11_Signing_Naturally_ASL_II.mp4_aug_temporal.mp4,FULL
FULL/msasl_full_full_-_ASL_sign_for_full.mp4.mkv,FULL
FULL/msasl_full_full_-_ASL_sign_for_full.mp4_aug_brightness_contrast.mp4,FULL
FULL/msasl_full_full_-_ASL_sign_for_full.mp4_aug_horizontal_flip.mp4,FULL
FULL/msasl_full_full_-_ASL_sign_for_full.mp4_aug_slight_rotation.mp4,FULL
FULL/msasl_full_full_-_ASL_sign_for_full.mp4_aug_temporal.mp4,FULL
FULL/wlasl_23766.mp4,FULL
FULL/wlasl_23766_aug_brightness_contrast.mp4,FULL
FULL/wlasl_23766_aug_horizontal_flip.mp4,FULL
FULL/wlasl_23766_aug_slight_rotation.mp4,FULL
FULL/wlasl_23766_aug_temporal.mp4,FULL
FULL/wlasl_23767.mp4,FULL
FULL/wlasl_23767_aug_brightness_contrast.mp4,FULL
FULL/wlasl_23767_aug_horizontal_flip.mp4,FULL
FULL/wlasl_23767_aug_slight_rotation.mp4,FULL
FULL/wlasl_23767_aug_temporal.mp4,FULL
FULL/wlasl_23768.mp4,FULL
FULL/wlasl_23768_aug_brightness_contrast.mp4,FULL
FULL/wlasl_23768_aug_horizontal_flip.mp4,FULL
FULL/wlasl_23768_aug_slight_rotation.mp4,FULL
FULL/wlasl_23768_aug_temporal.mp4,FULL
FULL/wlasl_23769.mp4,FULL
FULL/wlasl_23769_aug_brightness_contrast.mp4,FULL
FULL/wlasl_23769_aug_horizontal_flip.mp4,FULL
FULL/wlasl_23769_aug_slight_rotation.mp4,FULL
FULL/wlasl_23769_aug_temporal.mp4,FULL
FULL/wlasl_23771.mp4,FULL
FULL/wlasl_23771_aug_brightness_contrast.mp4,FULL
FULL/wlasl_23771_aug_horizontal_flip.mp4,FULL
FULL/wlasl_23771_aug_slight_rotation.mp4,FULL
FULL/wlasl_23771_aug_temporal.mp4,FULL
FULL/wlasl_23774.mp4,FULL
FULL/wlasl_23774_aug_brightness_contrast.mp4,FULL
FULL/wlasl_23774_aug_horizontal_flip.mp4,FULL
FULL/wlasl_23774_aug_slight_rotation.mp4,FULL
FULL/wlasl_23774_aug_temporal.mp4,FULL
FULL/wlasl_23775.mp4,FULL
FULL/wlasl_23775_aug_brightness_contrast.mp4,FULL
FULL/wlasl_23775_aug_horizontal_flip.mp4,FULL
FULL/wlasl_23775_aug_slight_rotation.mp4,FULL
FULL/wlasl_23775_aug_temporal.mp4,FULL
FULL/wlasl_23776.mp4,FULL
FULL/wlasl_23776_aug_brightness_contrast.mp4,FULL
FULL/wlasl_23776_aug_horizontal_flip.mp4,FULL
FULL/wlasl_23776_aug_slight_rotation.mp4,FULL
FULL/wlasl_23776_aug_temporal.mp4,FULL
FUTURE/ASLLVD_FUTURE__ASL_2006_10_10_scene9-630-658_camera1.mov,FUTURE
FUTURE/ASLLVD_FUTURE__ASL_2006_10_10_scene9-630-658_camera1_aug_brightness_contrast.mp4,FUTURE
FUTURE/ASLLVD_FUTURE__ASL_2006_10_10_scene9-630-658_camera1_aug_horizontal_flip.mp4,FUTURE
FUTURE/ASLLVD_FUTURE__ASL_2006_10_10_scene9-630-658_camera1_aug_slight_rotation.mp4,FUTURE
FUTURE/ASLLVD_FUTURE__ASL_2006_10_10_scene9-630-658_camera1_aug_temporal.mp4,FUTURE
FUTURE/ASLLVD_FUTURE__ASL_2007_05_24_scene13-665-719_camera1.mov,FUTURE
FUTURE/ASLLVD_FUTURE__ASL_2007_05_24_scene13-665-719_camera1_aug_brightness_contrast.mp4,FUTURE
FUTURE/ASLLVD_FUTURE__ASL_2007_05_24_scene13-665-719_camera1_aug_horizontal_flip.mp4,FUTURE
FUTURE/ASLLVD_FUTURE__ASL_2007_05_24_scene13-665-719_camera1_aug_slight_rotation.mp4,FUTURE
FUTURE/ASLLVD_FUTURE__ASL_2007_05_24_scene13-665-719_camera1_aug_temporal.mp4,FUTURE
FUTURE/ASLLVD_FUTURE__ASL_2008_02_01_scene1-3106-3151_camera1.mov,FUTURE
FUTURE/ASLLVD_FUTURE__ASL_2008_02_01_scene1-3106-3151_camera1_aug_brightness_contrast.mp4,FUTURE
FUTURE/ASLLVD_FUTURE__ASL_2008_02_01_scene1-3106-3151_camera1_aug_horizontal_flip.mp4,FUTURE
FUTURE/ASLLVD_FUTURE__ASL_2008_02_01_scene1-3106-3151_camera1_aug_slight_rotation.mp4,FUTURE
FUTURE/ASLLVD_FUTURE__ASL_2008_02_01_scene1-3106-3151_camera1_aug_temporal.mp4,FUTURE
FUTURE/ASLLVD_FUTURE__ASL_2008_03_28_scene42-1676-1710_camera1.mov,FUTURE
FUTURE/ASLLVD_FUTURE__ASL_2008_03_28_scene42-1676-1710_camera1_aug_brightness_contrast.mp4,FUTURE
FUTURE/ASLLVD_FUTURE__ASL_2008_03_28_scene42-1676-1710_camera1_aug_horizontal_flip.mp4,FUTURE
FUTURE/ASLLVD_FUTURE__ASL_2008_03_28_scene42-1676-1710_camera1_aug_slight_rotation.mp4,FUTURE
FUTURE/ASLLVD_FUTURE__ASL_2008_03_28_scene42-1676-1710_camera1_aug_temporal.mp4,FUTURE
FUTURE/ASLLVD_FUTURE__ASL_2008_05_29_scene33-2860-2905_camera1.mov,FUTURE
FUTURE/ASLLVD_FUTURE__ASL_2008_05_29_scene33-2860-2905_camera1_aug_brightness_contrast.mp4,FUTURE
FUTURE/ASLLVD_FUTURE__ASL_2008_05_29_scene33-2860-2905_camera1_aug_horizontal_flip.mp4,FUTURE
FUTURE/ASLLVD_FUTURE__ASL_2008_05_29_scene33-2860-2905_camera1_aug_slight_rotation.mp4,FUTURE
FUTURE/ASLLVD_FUTURE__ASL_2008_05_29_scene33-2860-2905_camera1_aug_temporal.mp4,FUTURE
FUTURE/ASLLVD_FUTURE__ASL_2008_08_13_scene1-3568-3605_camera1.mov,FUTURE
FUTURE/ASLLVD_FUTURE__ASL_2008_08_13_scene1-3568-3605_camera1_aug_brightness_contrast.mp4,FUTURE
FUTURE/ASLLVD_FUTURE__ASL_2008_08_13_scene1-3568-3605_camera1_aug_horizontal_flip.mp4,FUTURE
FUTURE/ASLLVD_FUTURE__ASL_2008_08_13_scene1-3568-3605_camera1_aug_slight_rotation.mp4,FUTURE
FUTURE/ASLLVD_FUTURE__ASL_2008_08_13_scene1-3568-3605_camera1_aug_temporal.mp4,FUTURE
FUTURE/ASLLVD_FUTURE__ASL_2011_07_22_scene30-1594-1611_camera1.mov,FUTURE
FUTURE/ASLLVD_FUTURE__ASL_2011_07_22_scene30-1594-1611_camera1_aug_brightness_contrast.mp4,FUTURE
FUTURE/ASLLVD_FUTURE__ASL_2011_07_22_scene30-1594-1611_camera1_aug_horizontal_flip.mp4,FUTURE
FUTURE/ASLLVD_FUTURE__ASL_2011_07_22_scene30-1594-1611_camera1_aug_slight_rotation.mp4,FUTURE
FUTURE/ASLLVD_FUTURE__ASL_2011_07_22_scene30-1594-1611_camera1_aug_temporal.mp4,FUTURE
FUTURE/ASLLVD_FUTURE__ASL_2011_07_22_scene48-4301-4322_camera1.mov,FUTURE
FUTURE/ASLLVD_FUTURE__ASL_2011_07_22_scene48-4301-4322_camera1_aug_brightness_contrast.mp4,FUTURE
FUTURE/ASLLVD_FUTURE__ASL_2011_07_22_scene48-4301-4322_camera1_aug_horizontal_flip.mp4,FUTURE
FUTURE/ASLLVD_FUTURE__ASL_2011_07_22_scene48-4301-4322_camera1_aug_slight_rotation.mp4,FUTURE
FUTURE/ASLLVD_FUTURE__ASL_2011_07_22_scene48-4301-4322_camera1_aug_temporal.mp4,FUTURE
FUTURE/desktop.ini,FUTURE
FUTURE/desktop_aug_brightness_contrast.mp4,FUTURE
FUTURE/desktop_aug_horizontal_flip.mp4,FUTURE
FUTURE/desktop_aug_slight_rotation.mp4,FUTURE
FUTURE/desktop_aug_temporal.mp4,FUTURE
FUTURE/msasl_future_ASL_1_Set_3_Supplemental_Vocabulary.mp4.mkv,FUTURE
FUTURE/msasl_future_ASL_1_Set_3_Supplemental_Vocabulary.mp4_aug_brightness_contrast.mp4,FUTURE
FUTURE/msasl_future_ASL_1_Set_3_Supplemental_Vocabulary.mp4_aug_horizontal_flip.mp4,FUTURE
FUTURE/msasl_future_ASL_1_Set_3_Supplemental_Vocabulary.mp4_aug_slight_rotation.mp4,FUTURE
FUTURE/msasl_future_ASL_1_Set_3_Supplemental_Vocabulary.mp4_aug_temporal.mp4,FUTURE
FUTURE/msasl_future_ASL_Future_.mp4,FUTURE
FUTURE/msasl_future_ASL_Future__aug_brightness_contrast.mp4,FUTURE
FUTURE/msasl_future_ASL_Future__aug_horizontal_flip.mp4,FUTURE
FUTURE/msasl_future_ASL_Future__aug_slight_rotation.mp4,FUTURE
FUTURE/msasl_future_ASL_Future__aug_temporal.mp4,FUTURE
FUTURE/msasl_future_ASL_Opposites.mp4.mkv,FUTURE
FUTURE/msasl_future_ASL_Opposites.mp4_aug_brightness_contrast.mp4,FUTURE
FUTURE/msasl_future_ASL_Opposites.mp4_aug_horizontal_flip.mp4,FUTURE
FUTURE/msasl_future_ASL_Opposites.mp4_aug_slight_rotation.mp4,FUTURE
FUTURE/msasl_future_ASL_Opposites.mp4_aug_temporal.mp4,FUTURE
FUTURE/msasl_future_ASL_Time.mp4,FUTURE
FUTURE/msasl_future_ASL_Time_aug_brightness_contrast.mp4,FUTURE
FUTURE/msasl_future_ASL_Time_aug_horizontal_flip.mp4,FUTURE
FUTURE/msasl_future_ASL_Time_aug_slight_rotation.mp4,FUTURE
FUTURE/msasl_future_ASL_Time_aug_temporal.mp4,FUTURE
FUTURE/msasl_future_ASL_Vocabulary_-_Future_Tense.mp4.mkv,FUTURE
FUTURE/msasl_future_ASL_Vocabulary_-_Future_Tense.mp4_aug_brightness_contrast.mp4,FUTURE
FUTURE/msasl_future_ASL_Vocabulary_-_Future_Tense.mp4_aug_horizontal_flip.mp4,FUTURE
FUTURE/msasl_future_ASL_Vocabulary_-_Future_Tense.mp4_aug_slight_rotation.mp4,FUTURE
FUTURE/msasl_future_ASL_Vocabulary_-_Future_Tense.mp4_aug_temporal.mp4,FUTURE
FUTURE/msasl_future_FUTURE(2).mp4.mkv,FUTURE
FUTURE/msasl_future_FUTURE(2).mp4_aug_brightness_contrast.mp4,FUTURE
FUTURE/msasl_future_FUTURE(2).mp4_aug_horizontal_flip.mp4,FUTURE
FUTURE/msasl_future_FUTURE(2).mp4_aug_slight_rotation.mp4,FUTURE
FUTURE/msasl_future_FUTURE(2).mp4_aug_temporal.mp4,FUTURE
FUTURE/msasl_future_FUTURE-general-sign.mp4.webm,FUTURE
FUTURE/msasl_future_FUTURE-general-sign.mp4_aug_brightness_contrast.mp4,FUTURE
FUTURE/msasl_future_FUTURE-general-sign.mp4_aug_horizontal_flip.mp4,FUTURE
FUTURE/msasl_future_FUTURE-general-sign.mp4_aug_slight_rotation.mp4,FUTURE
FUTURE/msasl_future_FUTURE-general-sign.mp4_aug_temporal.mp4,FUTURE
FUTURE/msasl_future_Future.mp4.mkv,FUTURE
FUTURE/msasl_future_Future.mp4_aug_brightness_contrast.mp4,FUTURE
FUTURE/msasl_future_Future.mp4_aug_horizontal_flip.mp4,FUTURE
FUTURE/msasl_future_Future.mp4_aug_slight_rotation.mp4,FUTURE
FUTURE/msasl_future_Future.mp4_aug_temporal.mp4,FUTURE
FUTURE/msasl_future_Lesson_5_Vocabulary_-_A_Basic_Course_(ABC)_in_ASL.mp4.mkv,FUTURE
FUTURE/msasl_future_Lesson_5_Vocabulary_-_A_Basic_Course_(ABC)_in_ASL.mp4_aug_brightness_contrast.mp4,FUTURE
FUTURE/msasl_future_Lesson_5_Vocabulary_-_A_Basic_Course_(ABC)_in_ASL.mp4_aug_horizontal_flip.mp4,FUTURE
FUTURE/msasl_future_Lesson_5_Vocabulary_-_A_Basic_Course_(ABC)_in_ASL.mp4_aug_slight_rotation.mp4,FUTURE
FUTURE/msasl_future_Lesson_5_Vocabulary_-_A_Basic_Course_(ABC)_in_ASL.mp4_aug_temporal.mp4,FUTURE
FUTURE/msasl_future_Signing_Naturally_Unit_4_Vocabulary.mp4.mkv,FUTURE
FUTURE/msasl_future_Signing_Naturally_Unit_4_Vocabulary.mp4_aug_brightness_contrast.mp4,FUTURE
FUTURE/msasl_future_Signing_Naturally_Unit_4_Vocabulary.mp4_aug_horizontal_flip.mp4,FUTURE
FUTURE/msasl_future_Signing_Naturally_Unit_4_Vocabulary.mp4_aug_slight_rotation.mp4,FUTURE
FUTURE/msasl_future_Signing_Naturally_Unit_4_Vocabulary.mp4_aug_temporal.mp4,FUTURE
FUTURE/msasl_future_Time_Day_Voc.mp4.mkv,FUTURE
FUTURE/msasl_future_Time_Day_Voc.mp4_aug_brightness_contrast.mp4,FUTURE
FUTURE/msasl_future_Time_Day_Voc.mp4_aug_horizontal_flip.mp4,FUTURE
FUTURE/msasl_future_Time_Day_Voc.mp4_aug_slight_rotation.mp4,FUTURE
FUTURE/msasl_future_Time_Day_Voc.mp4_aug_temporal.mp4,FUTURE
FUTURE/msasl_future_Unit_6_Vocabularymp4.mp4.mkv,FUTURE
FUTURE/msasl_future_Unit_6_Vocabularymp4.mp4_aug_brightness_contrast.mp4,FUTURE
FUTURE/msasl_future_Unit_6_Vocabularymp4.mp4_aug_horizontal_flip.mp4,FUTURE
FUTURE/msasl_future_Unit_6_Vocabularymp4.mp4_aug_slight_rotation.mp4,FUTURE
FUTURE/msasl_future_Unit_6_Vocabularymp4.mp4_aug_temporal.mp4,FUTURE
FUTURE/msasl_future_Unit_8_Vocabulary(1).mp4,FUTURE
FUTURE/msasl_future_Unit_8_Vocabulary(1)_aug_brightness_contrast.mp4,FUTURE
FUTURE/msasl_future_Unit_8_Vocabulary(1)_aug_horizontal_flip.mp4,FUTURE
FUTURE/msasl_future_Unit_8_Vocabulary(1)_aug_slight_rotation.mp4,FUTURE
FUTURE/msasl_future_Unit_8_Vocabulary(1)_aug_temporal.mp4,FUTURE
FUTURE/wlasl_23946.mp4,FUTURE
FUTURE/wlasl_23946_aug_brightness_contrast.mp4,FUTURE
FUTURE/wlasl_23946_aug_horizontal_flip.mp4,FUTURE
FUTURE/wlasl_23946_aug_slight_rotation.mp4,FUTURE
FUTURE/wlasl_23946_aug_temporal.mp4,FUTURE
FUTURE/wlasl_23947.mp4,FUTURE
FUTURE/wlasl_23947_aug_brightness_contrast.mp4,FUTURE
FUTURE/wlasl_23947_aug_horizontal_flip.mp4,FUTURE
FUTURE/wlasl_23947_aug_slight_rotation.mp4,FUTURE
FUTURE/wlasl_23947_aug_temporal.mp4,FUTURE
FUTURE/wlasl_23948.mp4,FUTURE
FUTURE/wlasl_23948_aug_brightness_contrast.mp4,FUTURE
FUTURE/wlasl_23948_aug_horizontal_flip.mp4,FUTURE
FUTURE/wlasl_23948_aug_slight_rotation.mp4,FUTURE
FUTURE/wlasl_23948_aug_temporal.mp4,FUTURE
FUTURE/wlasl_23951.mp4,FUTURE
FUTURE/wlasl_23951_aug_brightness_contrast.mp4,FUTURE
FUTURE/wlasl_23951_aug_horizontal_flip.mp4,FUTURE
FUTURE/wlasl_23951_aug_slight_rotation.mp4,FUTURE
FUTURE/wlasl_23951_aug_temporal.mp4,FUTURE
FUTURE/wlasl_23952.mp4,FUTURE
FUTURE/wlasl_23952_aug_brightness_contrast.mp4,FUTURE
FUTURE/wlasl_23952_aug_horizontal_flip.mp4,FUTURE
FUTURE/wlasl_23952_aug_slight_rotation.mp4,FUTURE
FUTURE/wlasl_23952_aug_temporal.mp4,FUTURE
FUTURE/wlasl_23953.mp4,FUTURE
FUTURE/wlasl_23953_aug_brightness_contrast.mp4,FUTURE
FUTURE/wlasl_23953_aug_horizontal_flip.mp4,FUTURE
FUTURE/wlasl_23953_aug_slight_rotation.mp4,FUTURE
FUTURE/wlasl_23953_aug_temporal.mp4,FUTURE
GIVE/ASLLVD_GIVE__ASL_2007_05_24_scene16-570-613_camera1.mov,GIVE
GIVE/ASLLVD_GIVE__ASL_2007_05_24_scene16-570-613_camera1_aug_brightness_contrast.mp4,GIVE
GIVE/ASLLVD_GIVE__ASL_2007_05_24_scene16-570-613_camera1_aug_horizontal_flip.mp4,GIVE
GIVE/ASLLVD_GIVE__ASL_2007_05_24_scene16-570-613_camera1_aug_slight_rotation.mp4,GIVE
GIVE/ASLLVD_GIVE__ASL_2007_05_24_scene16-570-613_camera1_aug_temporal.mp4,GIVE
GIVE/ASLLVD_GIVE__ASL_2008_01_18_scene40-585-606_camera1.mov,GIVE
GIVE/ASLLVD_GIVE__ASL_2008_01_18_scene40-585-606_camera1_aug_brightness_contrast.mp4,GIVE
GIVE/ASLLVD_GIVE__ASL_2008_01_18_scene40-585-606_camera1_aug_horizontal_flip.mp4,GIVE
GIVE/ASLLVD_GIVE__ASL_2008_01_18_scene40-585-606_camera1_aug_slight_rotation.mp4,GIVE
GIVE/ASLLVD_GIVE__ASL_2008_01_18_scene40-585-606_camera1_aug_temporal.mp4,GIVE
GIVE/ASLLVD_GIVE__ASL_2008_01_18_scene44-1546-1586_camera1.mov,GIVE
GIVE/ASLLVD_GIVE__ASL_2008_01_18_scene44-1546-1586_camera1_aug_brightness_contrast.mp4,GIVE
GIVE/ASLLVD_GIVE__ASL_2008_01_18_scene44-1546-1586_camera1_aug_horizontal_flip.mp4,GIVE
GIVE/ASLLVD_GIVE__ASL_2008_01_18_scene44-1546-1586_camera1_aug_slight_rotation.mp4,GIVE
GIVE/ASLLVD_GIVE__ASL_2008_01_18_scene44-1546-1586_camera1_aug_temporal.mp4,GIVE
GIVE/ASLLVD_GIVE__ASL_2008_02_01_scene5-975-1005_camera1.mov,GIVE
GIVE/ASLLVD_GIVE__ASL_2008_02_01_scene5-975-1005_camera1_aug_brightness_contrast.mp4,GIVE
GIVE/ASLLVD_GIVE__ASL_2008_02_01_scene5-975-1005_camera1_aug_horizontal_flip.mp4,GIVE
GIVE/ASLLVD_GIVE__ASL_2008_02_01_scene5-975-1005_camera1_aug_slight_rotation.mp4,GIVE
GIVE/ASLLVD_GIVE__ASL_2008_02_01_scene5-975-1005_camera1_aug_temporal.mp4,GIVE
GIVE/ASLLVD_GIVE__ASL_2008_05_29_scene37-842-866_camera1.mov,GIVE
GIVE/ASLLVD_GIVE__ASL_2008_05_29_scene37-842-866_camera1_aug_brightness_contrast.mp4,GIVE
GIVE/ASLLVD_GIVE__ASL_2008_05_29_scene37-842-866_camera1_aug_horizontal_flip.mp4,GIVE
GIVE/ASLLVD_GIVE__ASL_2008_05_29_scene37-842-866_camera1_aug_slight_rotation.mp4,GIVE
GIVE/ASLLVD_GIVE__ASL_2008_05_29_scene37-842-866_camera1_aug_temporal.mp4,GIVE
GIVE/ASLLVD_GIVE__ASL_2008_08_13_scene5-1138-1168_camera1.mov,GIVE
GIVE/ASLLVD_GIVE__ASL_2008_08_13_scene5-1138-1168_camera1_aug_brightness_contrast.mp4,GIVE
GIVE/ASLLVD_GIVE__ASL_2008_08_13_scene5-1138-1168_camera1_aug_horizontal_flip.mp4,GIVE
GIVE/ASLLVD_GIVE__ASL_2008_08_13_scene5-1138-1168_camera1_aug_slight_rotation.mp4,GIVE
GIVE/ASLLVD_GIVE__ASL_2008_08_13_scene5-1138-1168_camera1_aug_temporal.mp4,GIVE
GIVE/ASLLVD_GIVE__ASL_2011_06_14_scene26-1042-1058_camera1.mov,GIVE
GIVE/ASLLVD_GIVE__ASL_2011_06_14_scene26-1042-1058_camera1_aug_brightness_contrast.mp4,GIVE
GIVE/ASLLVD_GIVE__ASL_2011_06_14_scene26-1042-1058_camera1_aug_horizontal_flip.mp4,GIVE
GIVE/ASLLVD_GIVE__ASL_2011_06_14_scene26-1042-1058_camera1_aug_slight_rotation.mp4,GIVE
GIVE/ASLLVD_GIVE__ASL_2011_06_14_scene26-1042-1058_camera1_aug_temporal.mp4,GIVE
GIVE/desktop.ini,GIVE
GIVE/desktop_aug_brightness_contrast.mp4,GIVE
GIVE/desktop_aug_horizontal_flip.mp4,GIVE
GIVE/desktop_aug_slight_rotation.mp4,GIVE
GIVE/desktop_aug_temporal.mp4,GIVE
GIVE/msasl_give_ASL1_Class_7_New_SIGNS.mp4.mkv,GIVE
GIVE/msasl_give_ASL1_Class_7_New_SIGNS.mp4_aug_brightness_contrast.mp4,GIVE
GIVE/msasl_give_ASL1_Class_7_New_SIGNS.mp4_aug_horizontal_flip.mp4,GIVE
GIVE/msasl_give_ASL1_Class_7_New_SIGNS.mp4_aug_slight_rotation.mp4,GIVE
GIVE/msasl_give_ASL1_Class_7_New_SIGNS.mp4_aug_temporal.mp4,GIVE
GIVE/msasl_give_ASL_Opposites.mp4.mkv,GIVE
GIVE/msasl_give_ASL_Opposites.mp4_aug_brightness_contrast.mp4,GIVE
GIVE/msasl_give_ASL_Opposites.mp4_aug_horizontal_flip.mp4,GIVE
GIVE/msasl_give_ASL_Opposites.mp4_aug_slight_rotation.mp4,GIVE
GIVE/msasl_give_ASL_Opposites.mp4_aug_temporal.mp4,GIVE
GIVE/msasl_give_GIVE(1).mp4,GIVE
GIVE/msasl_give_GIVE(1)_aug_brightness_contrast.mp4,GIVE
GIVE/msasl_give_GIVE(1)_aug_horizontal_flip.mp4,GIVE
GIVE/msasl_give_GIVE(1)_aug_slight_rotation.mp4,GIVE
GIVE/msasl_give_GIVE(1)_aug_temporal.mp4,GIVE
GIVE/msasl_give_GIVE.mp4.mkv,GIVE
GIVE/msasl_give_GIVE.mp4_aug_brightness_contrast.mp4,GIVE
GIVE/msasl_give_GIVE.mp4_aug_horizontal_flip.mp4,GIVE
GIVE/msasl_give_GIVE.mp4_aug_slight_rotation.mp4,GIVE
GIVE/msasl_give_GIVE.mp4_aug_temporal.mp4,GIVE
GIVE/msasl_give_GIVE_(alternative).mp4.mkv,GIVE
GIVE/msasl_give_GIVE_(alternative).mp4_aug_brightness_contrast.mp4,GIVE
GIVE/msasl_give_GIVE_(alternative).mp4_aug_horizontal_flip.mp4,GIVE
GIVE/msasl_give_GIVE_(alternative).mp4_aug_slight_rotation.mp4,GIVE
GIVE/msasl_give_GIVE_(alternative).mp4_aug_temporal.mp4,GIVE
GIVE/msasl_give_Lesson_6_Vocabulary_-_A_Basic_Course_(ABC)_in_ASL.mp4.mkv,GIVE
GIVE/msasl_give_Lesson_6_Vocabulary_-_A_Basic_Course_(ABC)_in_ASL.mp4_aug_brightness_contrast.mp4,GIVE
GIVE/msasl_give_Lesson_6_Vocabulary_-_A_Basic_Course_(ABC)_in_ASL.mp4_aug_horizontal_flip.mp4,GIVE
GIVE/msasl_give_Lesson_6_Vocabulary_-_A_Basic_Course_(ABC)_in_ASL.mp4_aug_slight_rotation.mp4,GIVE
GIVE/msasl_give_Lesson_6_Vocabulary_-_A_Basic_Course_(ABC)_in_ASL.mp4_aug_temporal.mp4,GIVE
GIVE/msasl_give_Mary_Did_You_Know_ASL_vocabulary.mp4,GIVE
GIVE/msasl_give_Mary_Did_You_Know_ASL_vocabulary_aug_brightness_contrast.mp4,GIVE
GIVE/msasl_give_Mary_Did_You_Know_ASL_vocabulary_aug_horizontal_flip.mp4,GIVE
GIVE/msasl_give_Mary_Did_You_Know_ASL_vocabulary_aug_slight_rotation.mp4,GIVE
GIVE/msasl_give_Mary_Did_You_Know_ASL_vocabulary_aug_temporal.mp4,GIVE
GIVE/msasl_give_Mr_Miseners_ASL_lesson_6_vocab.mp4.mkv,GIVE
GIVE/msasl_give_Mr_Miseners_ASL_lesson_6_vocab.mp4_aug_brightness_contrast.mp4,GIVE
GIVE/msasl_give_Mr_Miseners_ASL_lesson_6_vocab.mp4_aug_horizontal_flip.mp4,GIVE
GIVE/msasl_give_Mr_Miseners_ASL_lesson_6_vocab.mp4_aug_slight_rotation.mp4,GIVE
GIVE/msasl_give_Mr_Miseners_ASL_lesson_6_vocab.mp4_aug_temporal.mp4,GIVE
GIVE/msasl_give_Robber_and_the_Geek_Vocab_video_for_ASL_class.mp4,GIVE
GIVE/msasl_give_Robber_and_the_Geek_Vocab_video_for_ASL_class_aug_brightness_contrast.mp4,GIVE
GIVE/msasl_give_Robber_and_the_Geek_Vocab_video_for_ASL_class_aug_horizontal_flip.mp4,GIVE
GIVE/msasl_give_Robber_and_the_Geek_Vocab_video_for_ASL_class_aug_slight_rotation.mp4,GIVE
GIVE/msasl_give_Robber_and_the_Geek_Vocab_video_for_ASL_class_aug_temporal.mp4,GIVE
GIVE/msasl_give_Signing_Naturally_Unit_14_Vocabulary_(UpdatedShorter_Version).mp4.mkv,GIVE
GIVE/msasl_give_Signing_Naturally_Unit_14_Vocabulary_(UpdatedShorter_Version).mp4_aug_brightness_contrast.mp4,GIVE
GIVE/msasl_give_Signing_Naturally_Unit_14_Vocabulary_(UpdatedShorter_Version).mp4_aug_horizontal_flip.mp4,GIVE
GIVE/msasl_give_Signing_Naturally_Unit_14_Vocabulary_(UpdatedShorter_Version).mp4_aug_slight_rotation.mp4,GIVE
GIVE/msasl_give_Signing_Naturally_Unit_14_Vocabulary_(UpdatedShorter_Version).mp4_aug_temporal.mp4,GIVE
GIVE/msasl_give_Signing_Naturally_Unit_14_Vocabulary_Signed_by_Dr_Wooten.mp4.mkv,GIVE
GIVE/msasl_give_Signing_Naturally_Unit_14_Vocabulary_Signed_by_Dr_Wooten.mp4_aug_brightness_contrast.mp4,GIVE
GIVE/msasl_give_Signing_Naturally_Unit_14_Vocabulary_Signed_by_Dr_Wooten.mp4_aug_horizontal_flip.mp4,GIVE
GIVE/msasl_give_Signing_Naturally_Unit_14_Vocabulary_Signed_by_Dr_Wooten.mp4_aug_slight_rotation.mp4,GIVE
GIVE/msasl_give_Signing_Naturally_Unit_14_Vocabulary_Signed_by_Dr_Wooten.mp4_aug_temporal.mp4,GIVE
GIVE/msasl_give_Unit_03_Vocabulary.mp4.webm,GIVE
GIVE/msasl_give_Unit_03_Vocabulary.mp4_aug_brightness_contrast.mp4,GIVE
GIVE/msasl_give_Unit_03_Vocabulary.mp4_aug_horizontal_flip.mp4,GIVE
GIVE/msasl_give_Unit_03_Vocabulary.mp4_aug_slight_rotation.mp4,GIVE
GIVE/msasl_give_Unit_03_Vocabulary.mp4_aug_temporal.mp4,GIVE
GIVE/msasl_give_Unit_2_Vocabulary_ASL_Level_1_-_American_Sign_Language.mp4.webm,GIVE
GIVE/msasl_give_Unit_2_Vocabulary_ASL_Level_1_-_American_Sign_Language.mp4_aug_brightness_contrast.mp4,GIVE
GIVE/msasl_give_Unit_2_Vocabulary_ASL_Level_1_-_American_Sign_Language.mp4_aug_horizontal_flip.mp4,GIVE
GIVE/msasl_give_Unit_2_Vocabulary_ASL_Level_1_-_American_Sign_Language.mp4_aug_slight_rotation.mp4,GIVE
GIVE/msasl_give_Unit_2_Vocabulary_ASL_Level_1_-_American_Sign_Language.mp4_aug_temporal.mp4,GIVE
GIVE/msasl_give_Unit_3_Vocabulary.mp4,GIVE
GIVE/msasl_give_Unit_3_Vocabulary_aug_brightness_contrast.mp4,GIVE
GIVE/msasl_give_Unit_3_Vocabulary_aug_horizontal_flip.mp4,GIVE
GIVE/msasl_give_Unit_3_Vocabulary_aug_slight_rotation.mp4,GIVE
GIVE/msasl_give_Unit_3_Vocabulary_aug_temporal.mp4,GIVE
GIVE/msasl_give_Unit_4_Vocabulary_(part_2)_ASL_American_Sign_Language.mp4,GIVE
GIVE/msasl_give_Unit_4_Vocabulary_(part_2)_ASL_American_Sign_Language_aug_brightness_contrast.mp4,GIVE
GIVE/msasl_give_Unit_4_Vocabulary_(part_2)_ASL_American_Sign_Language_aug_horizontal_flip.mp4,GIVE
GIVE/msasl_give_Unit_4_Vocabulary_(part_2)_ASL_American_Sign_Language_aug_slight_rotation.mp4,GIVE
GIVE/msasl_give_Unit_4_Vocabulary_(part_2)_ASL_American_Sign_Language_aug_temporal.mp4,GIVE
GIVE/wlasl_24636.mp4,GIVE
GIVE/wlasl_24636_aug_brightness_contrast.mp4,GIVE
GIVE/wlasl_24636_aug_horizontal_flip.mp4,GIVE
GIVE/wlasl_24636_aug_slight_rotation.mp4,GIVE
GIVE/wlasl_24636_aug_temporal.mp4,GIVE
GIVE/wlasl_24638.mp4,GIVE
GIVE/wlasl_24638_aug_brightness_contrast.mp4,GIVE
GIVE/wlasl_24638_aug_horizontal_flip.mp4,GIVE
GIVE/wlasl_24638_aug_slight_rotation.mp4,GIVE
GIVE/wlasl_24638_aug_temporal.mp4,GIVE
GIVE/wlasl_24639.mp4,GIVE
GIVE/wlasl_24639_aug_brightness_contrast.mp4,GIVE
GIVE/wlasl_24639_aug_horizontal_flip.mp4,GIVE
GIVE/wlasl_24639_aug_slight_rotation.mp4,GIVE
GIVE/wlasl_24639_aug_temporal.mp4,GIVE
GIVE/wlasl_24640.mp4,GIVE
GIVE/wlasl_24640_aug_brightness_contrast.mp4,GIVE
GIVE/wlasl_24640_aug_horizontal_flip.mp4,GIVE
GIVE/wlasl_24640_aug_slight_rotation.mp4,GIVE
GIVE/wlasl_24640_aug_temporal.mp4,GIVE
GIVE/wlasl_24641.mp4,GIVE
GIVE/wlasl_24641_aug_brightness_contrast.mp4,GIVE
GIVE/wlasl_24641_aug_horizontal_flip.mp4,GIVE
GIVE/wlasl_24641_aug_slight_rotation.mp4,GIVE
GIVE/wlasl_24641_aug_temporal.mp4,GIVE
GIVE/wlasl_24648.mp4,GIVE
GIVE/wlasl_24648_aug_brightness_contrast.mp4,GIVE
GIVE/wlasl_24648_aug_horizontal_flip.mp4,GIVE
GIVE/wlasl_24648_aug_slight_rotation.mp4,GIVE
GIVE/wlasl_24648_aug_temporal.mp4,GIVE
GIVE/wlasl_24649.mp4,GIVE
GIVE/wlasl_24649_aug_brightness_contrast.mp4,GIVE
GIVE/wlasl_24649_aug_horizontal_flip.mp4,GIVE
GIVE/wlasl_24649_aug_slight_rotation.mp4,GIVE
GIVE/wlasl_24649_aug_temporal.mp4,GIVE
GIVE/wlasl_24651.mp4,GIVE
GIVE/wlasl_24651_aug_brightness_contrast.mp4,GIVE
GIVE/wlasl_24651_aug_horizontal_flip.mp4,GIVE
GIVE/wlasl_24651_aug_slight_rotation.mp4,GIVE
GIVE/wlasl_24651_aug_temporal.mp4,GIVE
GIVE/wlasl_69343.mp4,GIVE
GIVE/wlasl_69343_aug_brightness_contrast.mp4,GIVE
GIVE/wlasl_69343_aug_horizontal_flip.mp4,GIVE
GIVE/wlasl_69343_aug_slight_rotation.mp4,GIVE
GIVE/wlasl_69343_aug_temporal.mp4,GIVE
GO/ASLLVD_GO__ASL_2008_01_11_scene24-1195-1221_camera1.mov,GO
GO/ASLLVD_GO__ASL_2008_01_11_scene24-1195-1221_camera1_aug_brightness_contrast.mp4,GO
GO/ASLLVD_GO__ASL_2008_01_11_scene24-1195-1221_camera1_aug_horizontal_flip.mp4,GO
GO/ASLLVD_GO__ASL_2008_01_11_scene24-1195-1221_camera1_aug_slight_rotation.mp4,GO
GO/ASLLVD_GO__ASL_2008_01_11_scene24-1195-1221_camera1_aug_temporal.mp4,GO
GO/ASLLVD_GO__ASL_2008_01_11_scene24-990-1020_camera1.mov,GO
GO/ASLLVD_GO__ASL_2008_01_11_scene24-990-1020_camera1_aug_brightness_contrast.mp4,GO
GO/ASLLVD_GO__ASL_2008_01_11_scene24-990-1020_camera1_aug_horizontal_flip.mp4,GO
GO/ASLLVD_GO__ASL_2008_01_11_scene24-990-1020_camera1_aug_slight_rotation.mp4,GO
GO/ASLLVD_GO__ASL_2008_01_11_scene24-990-1020_camera1_aug_temporal.mp4,GO
GO/ASLLVD_GO__ASL_2008_02_01_scene7-1445-1495_camera1.mov,GO
GO/ASLLVD_GO__ASL_2008_02_01_scene7-1445-1495_camera1_aug_brightness_contrast.mp4,GO
GO/ASLLVD_GO__ASL_2008_02_01_scene7-1445-1495_camera1_aug_horizontal_flip.mp4,GO
GO/ASLLVD_GO__ASL_2008_02_01_scene7-1445-1495_camera1_aug_slight_rotation.mp4,GO
GO/ASLLVD_GO__ASL_2008_02_01_scene7-1445-1495_camera1_aug_temporal.mp4,GO
GO/ASLLVD_GO__ASL_2008_05_12_scene16-1020-1051_camera1.mov,GO
GO/ASLLVD_GO__ASL_2008_05_12_scene16-1020-1051_camera1_aug_brightness_contrast.mp4,GO
GO/ASLLVD_GO__ASL_2008_05_12_scene16-1020-1051_camera1_aug_horizontal_flip.mp4,GO
GO/ASLLVD_GO__ASL_2008_05_12_scene16-1020-1051_camera1_aug_slight_rotation.mp4,GO
GO/ASLLVD_GO__ASL_2008_05_12_scene16-1020-1051_camera1_aug_temporal.mp4,GO
GO/ASLLVD_GO__ASL_2008_05_12_scene16-2340-2380_camera1.mov,GO
GO/ASLLVD_GO__ASL_2008_05_12_scene16-2340-2380_camera1_aug_brightness_contrast.mp4,GO
GO/ASLLVD_GO__ASL_2008_05_12_scene16-2340-2380_camera1_aug_horizontal_flip.mp4,GO
GO/ASLLVD_GO__ASL_2008_05_12_scene16-2340-2380_camera1_aug_slight_rotation.mp4,GO
GO/ASLLVD_GO__ASL_2008_05_12_scene16-2340-2380_camera1_aug_temporal.mp4,GO
GO/ASLLVD_GO__ASL_2008_05_29_scene38-1125-1155_camera1.mov,GO
GO/ASLLVD_GO__ASL_2008_05_29_scene38-1125-1155_camera1_aug_brightness_contrast.mp4,GO
GO/ASLLVD_GO__ASL_2008_05_29_scene38-1125-1155_camera1_aug_horizontal_flip.mp4,GO
GO/ASLLVD_GO__ASL_2008_05_29_scene38-1125-1155_camera1_aug_slight_rotation.mp4,GO
GO/ASLLVD_GO__ASL_2008_05_29_scene38-1125-1155_camera1_aug_temporal.mp4,GO
GO/ASLLVD_GO__ASL_2008_08_13_scene6-1418-1427_camera1.mov,GO
GO/ASLLVD_GO__ASL_2008_08_13_scene6-1418-1427_camera1_aug_brightness_contrast.mp4,GO
GO/ASLLVD_GO__ASL_2008_08_13_scene6-1418-1427_camera1_aug_horizontal_flip.mp4,GO
GO/ASLLVD_GO__ASL_2008_08_13_scene6-1418-1427_camera1_aug_slight_rotation.mp4,GO
GO/ASLLVD_GO__ASL_2008_08_13_scene6-1418-1427_camera1_aug_temporal.mp4,GO
GO/ASLLVD_GO__ASL_2011_06_14_scene26-8773-8800_camera1.mov,GO
GO/ASLLVD_GO__ASL_2011_06_14_scene26-8773-8800_camera1_aug_brightness_contrast.mp4,GO
GO/ASLLVD_GO__ASL_2011_06_14_scene26-8773-8800_camera1_aug_horizontal_flip.mp4,GO
GO/ASLLVD_GO__ASL_2011_06_14_scene26-8773-8800_camera1_aug_slight_rotation.mp4,GO
GO/ASLLVD_GO__ASL_2011_06_14_scene26-8773-8800_camera1_aug_temporal.mp4,GO
GO/desktop.ini,GO
GO/desktop_aug_brightness_contrast.mp4,GO
GO/desktop_aug_horizontal_flip.mp4,GO
GO/desktop_aug_slight_rotation.mp4,GO
GO/desktop_aug_temporal.mp4,GO
GO/msasl_go_ASL1_Class_22_New_SIGNS.mp4.mkv,GO
GO/msasl_go_ASL1_Class_22_New_SIGNS.mp4_aug_brightness_contrast.mp4,GO
GO/msasl_go_ASL1_Class_22_New_SIGNS.mp4_aug_horizontal_flip.mp4,GO
GO/msasl_go_ASL1_Class_22_New_SIGNS.mp4_aug_slight_rotation.mp4,GO
GO/msasl_go_ASL1_Class_22_New_SIGNS.mp4_aug_temporal.mp4,GO
GO/msasl_go_ASL1_Class_4_New_SIGNS_plus_Partner_Practice_QA_and_p29_Dialogue.mp4.mkv,GO
GO/msasl_go_ASL1_Class_4_New_SIGNS_plus_Partner_Practice_QA_and_p29_Dialogue.mp4_aug_brightness_contrast.mp4,GO
GO/msasl_go_ASL1_Class_4_New_SIGNS_plus_Partner_Practice_QA_and_p29_Dialogue.mp4_aug_horizontal_flip.mp4,GO
GO/msasl_go_ASL1_Class_4_New_SIGNS_plus_Partner_Practice_QA_and_p29_Dialogue.mp4_aug_slight_rotation.mp4,GO
GO/msasl_go_ASL1_Class_4_New_SIGNS_plus_Partner_Practice_QA_and_p29_Dialogue.mp4_aug_temporal.mp4,GO
GO/msasl_go_ASL_-_Family_Vacation_Places.mp4.mkv,GO
GO/msasl_go_ASL_-_Family_Vacation_Places.mp4_aug_brightness_contrast.mp4,GO
GO/msasl_go_ASL_-_Family_Vacation_Places.mp4_aug_horizontal_flip.mp4,GO
GO/msasl_go_ASL_-_Family_Vacation_Places.mp4_aug_slight_rotation.mp4,GO
GO/msasl_go_ASL_-_Family_Vacation_Places.mp4_aug_temporal.mp4,GO
GO/msasl_go_ASL_-_Going_out_to_lunch.mp4.mkv,GO
GO/msasl_go_ASL_-_Going_out_to_lunch.mp4_aug_brightness_contrast.mp4,GO
GO/msasl_go_ASL_-_Going_out_to_lunch.mp4_aug_horizontal_flip.mp4,GO
GO/msasl_go_ASL_-_Going_out_to_lunch.mp4_aug_slight_rotation.mp4,GO
GO/msasl_go_ASL_-_Going_out_to_lunch.mp4_aug_temporal.mp4,GO
GO/msasl_go_ASL_Go_.mp4,GO
GO/msasl_go_ASL_Go__aug_brightness_contrast.mp4,GO
GO/msasl_go_ASL_Go__aug_horizontal_flip.mp4,GO
GO/msasl_go_ASL_Go__aug_slight_rotation.mp4,GO
GO/msasl_go_ASL_Go__aug_temporal.mp4,GO
GO/msasl_go_ASL_conversational_signs.mp4,GO
GO/msasl_go_ASL_conversational_signs_aug_brightness_contrast.mp4,GO
GO/msasl_go_ASL_conversational_signs_aug_horizontal_flip.mp4,GO
GO/msasl_go_ASL_conversational_signs_aug_slight_rotation.mp4,GO
GO/msasl_go_ASL_conversational_signs_aug_temporal.mp4,GO
GO/msasl_go_Baby_Language_Song_(ASL)_Basic_Words_and_Commands_4_by_Patty_Shukla.mp4,GO
GO/msasl_go_Baby_Language_Song_(ASL)_Basic_Words_and_Commands_4_by_Patty_Shukla_aug_brightness_contrast.mp4,GO
GO/msasl_go_Baby_Language_Song_(ASL)_Basic_Words_and_Commands_4_by_Patty_Shukla_aug_horizontal_flip.mp4,GO
GO/msasl_go_Baby_Language_Song_(ASL)_Basic_Words_and_Commands_4_by_Patty_Shukla_aug_slight_rotation.mp4,GO
GO/msasl_go_Baby_Language_Song_(ASL)_Basic_Words_and_Commands_4_by_Patty_Shukla_aug_temporal.mp4,GO
GO/msasl_go_Baby_Language_Song_(ASL)_Basic_Words_and_Commands_4_by_Patty_Shukla.mp4.webm,GO
GO/msasl_go_Baby_Language_Song_(ASL)_Basic_Words_and_Commands_4_by_Patty_Shukla.mp4_aug_brightness_contrast.mp4,GO
GO/msasl_go_Baby_Language_Song_(ASL)_Basic_Words_and_Commands_4_by_Patty_Shukla.mp4_aug_horizontal_flip.mp4,GO
GO/msasl_go_Baby_Language_Song_(ASL)_Basic_Words_and_Commands_4_by_Patty_Shukla.mp4_aug_slight_rotation.mp4,GO
GO/msasl_go_Baby_Language_Song_(ASL)_Basic_Words_and_Commands_4_by_Patty_Shukla.mp4_aug_temporal.mp4,GO
GO/msasl_go_GO(1).mp4,GO
GO/msasl_go_GO(1)_aug_brightness_contrast.mp4,GO
GO/msasl_go_GO(1)_aug_horizontal_flip.mp4,GO
GO/msasl_go_GO(1)_aug_slight_rotation.mp4,GO
GO/msasl_go_GO(1)_aug_temporal.mp4,GO
GO/msasl_go_Go.mp4.mkv,GO
GO/msasl_go_Go.mp4_aug_brightness_contrast.mp4,GO
GO/msasl_go_Go.mp4_aug_horizontal_flip.mp4,GO
GO/msasl_go_Go.mp4_aug_slight_rotation.mp4,GO
GO/msasl_go_Go.mp4_aug_temporal.mp4,GO
GO/msasl_go_Lesson_11_Vocabulary_-_A_Basic_Course_(ABC)_in_ASL.mp4,GO
GO/msasl_go_Lesson_11_Vocabulary_-_A_Basic_Course_(ABC)_in_ASL_aug_brightness_contrast.mp4,GO
GO/msasl_go_Lesson_11_Vocabulary_-_A_Basic_Course_(ABC)_in_ASL_aug_horizontal_flip.mp4,GO
GO/msasl_go_Lesson_11_Vocabulary_-_A_Basic_Course_(ABC)_in_ASL_aug_slight_rotation.mp4,GO
GO/msasl_go_Lesson_11_Vocabulary_-_A_Basic_Course_(ABC)_in_ASL_aug_temporal.mp4,GO
GO/msasl_go_Signing_Naturally_Unit_14_Vocabulary_(UpdatedShorter_Version).mp4.mkv,GO
GO/msasl_go_Signing_Naturally_Unit_14_Vocabulary_(UpdatedShorter_Version).mp4_aug_brightness_contrast.mp4,GO
GO/msasl_go_Signing_Naturally_Unit_14_Vocabulary_(UpdatedShorter_Version).mp4_aug_horizontal_flip.mp4,GO
GO/msasl_go_Signing_Naturally_Unit_14_Vocabulary_(UpdatedShorter_Version).mp4_aug_slight_rotation.mp4,GO
GO/msasl_go_Signing_Naturally_Unit_14_Vocabulary_(UpdatedShorter_Version).mp4_aug_temporal.mp4,GO
GO/msasl_go_Signing_Naturally_Unit_14_Vocabulary_Signed_by_Dr_Wooten.mp4.mkv,GO
GO/msasl_go_Signing_Naturally_Unit_14_Vocabulary_Signed_by_Dr_Wooten.mp4_aug_brightness_contrast.mp4,GO
GO/msasl_go_Signing_Naturally_Unit_14_Vocabulary_Signed_by_Dr_Wooten.mp4_aug_horizontal_flip.mp4,GO
GO/msasl_go_Signing_Naturally_Unit_14_Vocabulary_Signed_by_Dr_Wooten.mp4_aug_slight_rotation.mp4,GO
GO/msasl_go_Signing_Naturally_Unit_14_Vocabulary_Signed_by_Dr_Wooten.mp4_aug_temporal.mp4,GO
GO/msasl_go_The_First_100_Signs_You_Need_to_Know.mp4.webm,GO
GO/msasl_go_The_First_100_Signs_You_Need_to_Know.mp4_aug_brightness_contrast.mp4,GO
GO/msasl_go_The_First_100_Signs_You_Need_to_Know.mp4_aug_horizontal_flip.mp4,GO
GO/msasl_go_The_First_100_Signs_You_Need_to_Know.mp4_aug_slight_rotation.mp4,GO
GO/msasl_go_The_First_100_Signs_You_Need_to_Know.mp4_aug_temporal.mp4,GO
GO/msasl_go_Unit_1_Vocabulary.mp4.mkv,GO
GO/msasl_go_Unit_1_Vocabulary.mp4_aug_brightness_contrast.mp4,GO
GO/msasl_go_Unit_1_Vocabulary.mp4_aug_horizontal_flip.mp4,GO
GO/msasl_go_Unit_1_Vocabulary.mp4_aug_slight_rotation.mp4,GO
GO/msasl_go_Unit_1_Vocabulary.mp4_aug_temporal.mp4,GO
GO/msasl_go_go_-_ASL_sign_for_go.mp4,GO
GO/msasl_go_go_-_ASL_sign_for_go_aug_brightness_contrast.mp4,GO
GO/msasl_go_go_-_ASL_sign_for_go_aug_horizontal_flip.mp4,GO
GO/msasl_go_go_-_ASL_sign_for_go_aug_slight_rotation.mp4,GO
GO/msasl_go_go_-_ASL_sign_for_go_aug_temporal.mp4,GO
GO/wlasl_24940.mp4,GO
GO/wlasl_24940_aug_brightness_contrast.mp4,GO
GO/wlasl_24940_aug_horizontal_flip.mp4,GO
GO/wlasl_24940_aug_slight_rotation.mp4,GO
GO/wlasl_24940_aug_temporal.mp4,GO
GO/wlasl_24941.mp4,GO
GO/wlasl_24941_aug_brightness_contrast.mp4,GO
GO/wlasl_24941_aug_horizontal_flip.mp4,GO
GO/wlasl_24941_aug_slight_rotation.mp4,GO
GO/wlasl_24941_aug_temporal.mp4,GO
GO/wlasl_24943.mp4,GO
GO/wlasl_24943_aug_brightness_contrast.mp4,GO
GO/wlasl_24943_aug_horizontal_flip.mp4,GO
GO/wlasl_24943_aug_slight_rotation.mp4,GO
GO/wlasl_24943_aug_temporal.mp4,GO
GO/wlasl_24946.mp4,GO
GO/wlasl_24946_aug_brightness_contrast.mp4,GO
GO/wlasl_24946_aug_horizontal_flip.mp4,GO
GO/wlasl_24946_aug_slight_rotation.mp4,GO
GO/wlasl_24946_aug_temporal.mp4,GO
GO/wlasl_24947.mp4,GO
GO/wlasl_24947_aug_brightness_contrast.mp4,GO
GO/wlasl_24947_aug_horizontal_flip.mp4,GO
GO/wlasl_24947_aug_slight_rotation.mp4,GO
GO/wlasl_24947_aug_temporal.mp4,GO
GO/wlasl_24952.mp4,GO
GO/wlasl_24952_aug_brightness_contrast.mp4,GO
GO/wlasl_24952_aug_horizontal_flip.mp4,GO
GO/wlasl_24952_aug_slight_rotation.mp4,GO
GO/wlasl_24952_aug_temporal.mp4,GO
GO/wlasl_24954.mp4,GO
GO/wlasl_24954_aug_brightness_contrast.mp4,GO
GO/wlasl_24954_aug_horizontal_flip.mp4,GO
GO/wlasl_24954_aug_slight_rotation.mp4,GO
GO/wlasl_24954_aug_temporal.mp4,GO
GO/wlasl_24955.mp4,GO
GO/wlasl_24955_aug_brightness_contrast.mp4,GO
GO/wlasl_24955_aug_horizontal_flip.mp4,GO
GO/wlasl_24955_aug_slight_rotation.mp4,GO
GO/wlasl_24955_aug_temporal.mp4,GO
GO/wlasl_24956.mp4,GO
GO/wlasl_24956_aug_brightness_contrast.mp4,GO
GO/wlasl_24956_aug_horizontal_flip.mp4,GO
GO/wlasl_24956_aug_slight_rotation.mp4,GO
GO/wlasl_24956_aug_temporal.mp4,GO
GO/wlasl_24960.mp4,GO
GO/wlasl_24960_aug_brightness_contrast.mp4,GO
GO/wlasl_24960_aug_horizontal_flip.mp4,GO
GO/wlasl_24960_aug_slight_rotation.mp4,GO
GO/wlasl_24960_aug_temporal.mp4,GO
GO/wlasl_24961.mp4,GO
GO/wlasl_24961_aug_brightness_contrast.mp4,GO
GO/wlasl_24961_aug_horizontal_flip.mp4,GO
GO/wlasl_24961_aug_slight_rotation.mp4,GO
GO/wlasl_24961_aug_temporal.mp4,GO
GO/wlasl_24962.mp4,GO
GO/wlasl_24962_aug_brightness_contrast.mp4,GO
GO/wlasl_24962_aug_horizontal_flip.mp4,GO
GO/wlasl_24962_aug_slight_rotation.mp4,GO
GO/wlasl_24962_aug_temporal.mp4,GO
GO/wlasl_69345.mp4,GO
GO/wlasl_69345_aug_brightness_contrast.mp4,GO
GO/wlasl_69345_aug_horizontal_flip.mp4,GO
GO/wlasl_69345_aug_slight_rotation.mp4,GO
GO/wlasl_69345_aug_temporal.mp4,GO
GOOD/ASLLVD_GOOD__ASL_2008_02_01_scene9-240-292_camera1.mov,GOOD
GOOD/ASLLVD_GOOD__ASL_2008_02_01_scene9-240-292_camera1_aug_brightness_contrast.mp4,GOOD
GOOD/ASLLVD_GOOD__ASL_2008_02_01_scene9-240-292_camera1_aug_horizontal_flip.mp4,GOOD
GOOD/ASLLVD_GOOD__ASL_2008_02_01_scene9-240-292_camera1_aug_slight_rotation.mp4,GOOD
GOOD/ASLLVD_GOOD__ASL_2008_02_01_scene9-240-292_camera1_aug_temporal.mp4,GOOD
GOOD/ASLLVD_GOOD__ASL_2008_03_28_scene38-2055-2090_camera1.mov,GOOD
GOOD/ASLLVD_GOOD__ASL_2008_03_28_scene38-2055-2090_camera1_aug_brightness_contrast.mp4,GOOD
GOOD/ASLLVD_GOOD__ASL_2008_03_28_scene38-2055-2090_camera1_aug_horizontal_flip.mp4,GOOD
GOOD/ASLLVD_GOOD__ASL_2008_03_28_scene38-2055-2090_camera1_aug_slight_rotation.mp4,GOOD
GOOD/ASLLVD_GOOD__ASL_2008_03_28_scene38-2055-2090_camera1_aug_temporal.mp4,GOOD
GOOD/ASLLVD_GOOD__ASL_2008_03_28_scene8-2510-2535_camera1.mov,GOOD
GOOD/ASLLVD_GOOD__ASL_2008_03_28_scene8-2510-2535_camera1_aug_brightness_contrast.mp4,GOOD
GOOD/ASLLVD_GOOD__ASL_2008_03_28_scene8-2510-2535_camera1_aug_horizontal_flip.mp4,GOOD
GOOD/ASLLVD_GOOD__ASL_2008_03_28_scene8-2510-2535_camera1_aug_slight_rotation.mp4,GOOD
GOOD/ASLLVD_GOOD__ASL_2008_03_28_scene8-2510-2535_camera1_aug_temporal.mp4,GOOD
GOOD/ASLLVD_GOOD__ASL_2008_08_13_scene7-3722-3746_camera1.mov,GOOD
GOOD/ASLLVD_GOOD__ASL_2008_08_13_scene7-3722-3746_camera1_aug_brightness_contrast.mp4,GOOD
GOOD/ASLLVD_GOOD__ASL_2008_08_13_scene7-3722-3746_camera1_aug_horizontal_flip.mp4,GOOD
GOOD/ASLLVD_GOOD__ASL_2008_08_13_scene7-3722-3746_camera1_aug_slight_rotation.mp4,GOOD
GOOD/ASLLVD_GOOD__ASL_2008_08_13_scene7-3722-3746_camera1_aug_temporal.mp4,GOOD
GOOD/ASLLVD_GOOD__ASL_2011_07_19_scene113-156-179_camera1.mov,GOOD
GOOD/ASLLVD_GOOD__ASL_2011_07_19_scene113-156-179_camera1_aug_brightness_contrast.mp4,GOOD
GOOD/ASLLVD_GOOD__ASL_2011_07_19_scene113-156-179_camera1_aug_horizontal_flip.mp4,GOOD
GOOD/ASLLVD_GOOD__ASL_2011_07_19_scene113-156-179_camera1_aug_slight_rotation.mp4,GOOD
GOOD/ASLLVD_GOOD__ASL_2011_07_19_scene113-156-179_camera1_aug_temporal.mp4,GOOD
GOOD/ASLLVD_GOOD__ASL_2011_07_22_scene27-174-192_camera1.mov,GOOD
GOOD/ASLLVD_GOOD__ASL_2011_07_22_scene27-174-192_camera1_aug_brightness_contrast.mp4,GOOD
GOOD/ASLLVD_GOOD__ASL_2011_07_22_scene27-174-192_camera1_aug_horizontal_flip.mp4,GOOD
GOOD/ASLLVD_GOOD__ASL_2011_07_22_scene27-174-192_camera1_aug_slight_rotation.mp4,GOOD
GOOD/ASLLVD_GOOD__ASL_2011_07_22_scene27-174-192_camera1_aug_temporal.mp4,GOOD
GOOD/desktop.ini,GOOD
GOOD/desktop_aug_brightness_contrast.mp4,GOOD
GOOD/desktop_aug_horizontal_flip.mp4,GOOD
GOOD/desktop_aug_slight_rotation.mp4,GOOD
GOOD/desktop_aug_temporal.mp4,GOOD
GOOD/msasl_good_ASL_Basic_Classroom_Signs.mp4.mkv,GOOD
GOOD/msasl_good_ASL_Basic_Classroom_Signs.mp4_aug_brightness_contrast.mp4,GOOD
GOOD/msasl_good_ASL_Basic_Classroom_Signs.mp4_aug_horizontal_flip.mp4,GOOD
GOOD/msasl_good_ASL_Basic_Classroom_Signs.mp4_aug_slight_rotation.mp4,GOOD
GOOD/msasl_good_ASL_Basic_Classroom_Signs.mp4_aug_temporal.mp4,GOOD
GOOD/msasl_good_ASL_Good_.mp4.mkv,GOOD
GOOD/msasl_good_ASL_Good_.mp4_aug_brightness_contrast.mp4,GOOD
GOOD/msasl_good_ASL_Good_.mp4_aug_horizontal_flip.mp4,GOOD
GOOD/msasl_good_ASL_Good_.mp4_aug_slight_rotation.mp4,GOOD
GOOD/msasl_good_ASL_Good_.mp4_aug_temporal.mp4,GOOD
GOOD/msasl_good_ASL_I_-_Unit_11.mp4.mkv,GOOD
GOOD/msasl_good_ASL_I_-_Unit_11.mp4_aug_brightness_contrast.mp4,GOOD
GOOD/msasl_good_ASL_I_-_Unit_11.mp4_aug_horizontal_flip.mp4,GOOD
GOOD/msasl_good_ASL_I_-_Unit_11.mp4_aug_slight_rotation.mp4,GOOD
GOOD/msasl_good_ASL_I_-_Unit_11.mp4_aug_temporal.mp4,GOOD
GOOD/msasl_good_ASL_Level_2_Unit_11_Vocabulary.mp4,GOOD
GOOD/msasl_good_ASL_Level_2_Unit_11_Vocabulary_aug_brightness_contrast.mp4,GOOD
GOOD/msasl_good_ASL_Level_2_Unit_11_Vocabulary_aug_horizontal_flip.mp4,GOOD
GOOD/msasl_good_ASL_Level_2_Unit_11_Vocabulary_aug_slight_rotation.mp4,GOOD
GOOD/msasl_good_ASL_Level_2_Unit_11_Vocabulary_aug_temporal.mp4,GOOD
GOOD/msasl_good_ASL_Vocabulary_Opposites.mp4.mkv,GOOD
GOOD/msasl_good_ASL_Vocabulary_Opposites.mp4_aug_brightness_contrast.mp4,GOOD
GOOD/msasl_good_ASL_Vocabulary_Opposites.mp4_aug_horizontal_flip.mp4,GOOD
GOOD/msasl_good_ASL_Vocabulary_Opposites.mp4_aug_slight_rotation.mp4,GOOD
GOOD/msasl_good_ASL_Vocabulary_Opposites.mp4_aug_temporal.mp4,GOOD
GOOD/msasl_good_Aug_to_Oct_Voc_Captions.mp4.mkv,GOOD
GOOD/msasl_good_Aug_to_Oct_Voc_Captions.mp4_aug_brightness_contrast.mp4,GOOD
GOOD/msasl_good_Aug_to_Oct_Voc_Captions.mp4_aug_horizontal_flip.mp4,GOOD
GOOD/msasl_good_Aug_to_Oct_Voc_Captions.mp4_aug_slight_rotation.mp4,GOOD
GOOD/msasl_good_Aug_to_Oct_Voc_Captions.mp4_aug_temporal.mp4,GOOD
GOOD/msasl_good_Day_7_New_Vocabulary.mp4.mkv,GOOD
GOOD/msasl_good_Day_7_New_Vocabulary.mp4_aug_brightness_contrast.mp4,GOOD
GOOD/msasl_good_Day_7_New_Vocabulary.mp4_aug_horizontal_flip.mp4,GOOD
GOOD/msasl_good_Day_7_New_Vocabulary.mp4_aug_slight_rotation.mp4,GOOD
GOOD/msasl_good_Day_7_New_Vocabulary.mp4_aug_temporal.mp4,GOOD
GOOD/msasl_good_Food_unit_(first_three_pages).mp4,GOOD
GOOD/msasl_good_Food_unit_(first_three_pages)_aug_brightness_contrast.mp4,GOOD
GOOD/msasl_good_Food_unit_(first_three_pages)_aug_horizontal_flip.mp4,GOOD
GOOD/msasl_good_Food_unit_(first_three_pages)_aug_slight_rotation.mp4,GOOD
GOOD/msasl_good_Food_unit_(first_three_pages)_aug_temporal.mp4,GOOD
GOOD/msasl_good_GOOD(1).mp4,GOOD
GOOD/msasl_good_GOOD(1)_aug_brightness_contrast.mp4,GOOD
GOOD/msasl_good_GOOD(1)_aug_horizontal_flip.mp4,GOOD
GOOD/msasl_good_GOOD(1)_aug_slight_rotation.mp4,GOOD
GOOD/msasl_good_GOOD(1)_aug_temporal.mp4,GOOD
GOOD/msasl_good_GOOD(2).mp4.mkv,GOOD
GOOD/msasl_good_GOOD(2).mp4_aug_brightness_contrast.mp4,GOOD
GOOD/msasl_good_GOOD(2).mp4_aug_horizontal_flip.mp4,GOOD
GOOD/msasl_good_GOOD(2).mp4_aug_slight_rotation.mp4,GOOD
GOOD/msasl_good_GOOD(2).mp4_aug_temporal.mp4,GOOD
GOOD/msasl_good_Good.mp4.mkv,GOOD
GOOD/msasl_good_Good.mp4_aug_brightness_contrast.mp4,GOOD
GOOD/msasl_good_Good.mp4_aug_horizontal_flip.mp4,GOOD
GOOD/msasl_good_Good.mp4_aug_slight_rotation.mp4,GOOD
GOOD/msasl_good_Good.mp4_aug_temporal.mp4,GOOD
GOOD/msasl_good_How_to_sign_Good_-_ASL_Vocabulary_Series.mp4,GOOD
GOOD/msasl_good_How_to_sign_Good_-_ASL_Vocabulary_Series_aug_brightness_contrast.mp4,GOOD
GOOD/msasl_good_How_to_sign_Good_-_ASL_Vocabulary_Series_aug_horizontal_flip.mp4,GOOD
GOOD/msasl_good_How_to_sign_Good_-_ASL_Vocabulary_Series_aug_slight_rotation.mp4,GOOD
GOOD/msasl_good_How_to_sign_Good_-_ASL_Vocabulary_Series_aug_temporal.mp4,GOOD
GOOD/msasl_good_Learn_ASL_Signing_about_feelings_and_emotions.mp4.webm,GOOD
GOOD/msasl_good_Learn_ASL_Signing_about_feelings_and_emotions.mp4_aug_brightness_contrast.mp4,GOOD
GOOD/msasl_good_Learn_ASL_Signing_about_feelings_and_emotions.mp4_aug_horizontal_flip.mp4,GOOD
GOOD/msasl_good_Learn_ASL_Signing_about_feelings_and_emotions.mp4_aug_slight_rotation.mp4,GOOD
GOOD/msasl_good_Learn_ASL_Signing_about_feelings_and_emotions.mp4_aug_temporal.mp4,GOOD
GOOD/msasl_good_Lesson_4_Vocabulary_-_A_Basic_Course_(ABC)_in_ASL.mp4.mkv,GOOD
GOOD/msasl_good_Lesson_4_Vocabulary_-_A_Basic_Course_(ABC)_in_ASL.mp4_aug_brightness_contrast.mp4,GOOD
GOOD/msasl_good_Lesson_4_Vocabulary_-_A_Basic_Course_(ABC)_in_ASL.mp4_aug_horizontal_flip.mp4,GOOD
GOOD/msasl_good_Lesson_4_Vocabulary_-_A_Basic_Course_(ABC)_in_ASL.mp4_aug_slight_rotation.mp4,GOOD
GOOD/msasl_good_Lesson_4_Vocabulary_-_A_Basic_Course_(ABC)_in_ASL.mp4_aug_temporal.mp4,GOOD
GOOD/msasl_good_Medical_Vocabulary_in_ASL_for_EMS_employees.mp4.mkv,GOOD
GOOD/msasl_good_Medical_Vocabulary_in_ASL_for_EMS_employees.mp4_aug_brightness_contrast.mp4,GOOD
GOOD/msasl_good_Medical_Vocabulary_in_ASL_for_EMS_employees.mp4_aug_horizontal_flip.mp4,GOOD
GOOD/msasl_good_Medical_Vocabulary_in_ASL_for_EMS_employees.mp4_aug_slight_rotation.mp4,GOOD
GOOD/msasl_good_Medical_Vocabulary_in_ASL_for_EMS_employees.mp4_aug_temporal.mp4,GOOD
GOOD/msasl_good_Mr_Miseners_ASL_lesson_4_review.mp4,GOOD
GOOD/msasl_good_Mr_Miseners_ASL_lesson_4_review_aug_brightness_contrast.mp4,GOOD
GOOD/msasl_good_Mr_Miseners_ASL_lesson_4_review_aug_horizontal_flip.mp4,GOOD
GOOD/msasl_good_Mr_Miseners_ASL_lesson_4_review_aug_slight_rotation.mp4,GOOD
GOOD/msasl_good_Mr_Miseners_ASL_lesson_4_review_aug_temporal.mp4,GOOD
GOOD/msasl_good_SN_Unit_1_Video_Vocab_Review.mp4.mkv,GOOD
GOOD/msasl_good_SN_Unit_1_Video_Vocab_Review.mp4_aug_brightness_contrast.mp4,GOOD
GOOD/msasl_good_SN_Unit_1_Video_Vocab_Review.mp4_aug_horizontal_flip.mp4,GOOD
GOOD/msasl_good_SN_Unit_1_Video_Vocab_Review.mp4_aug_slight_rotation.mp4,GOOD
GOOD/msasl_good_SN_Unit_1_Video_Vocab_Review.mp4_aug_temporal.mp4,GOOD
GOOD/msasl_good_SWIC_Community_Ed_-_Class_Two.mp4.mkv,GOOD
GOOD/msasl_good_SWIC_Community_Ed_-_Class_Two.mp4_aug_brightness_contrast.mp4,GOOD
GOOD/msasl_good_SWIC_Community_Ed_-_Class_Two.mp4_aug_horizontal_flip.mp4,GOOD
GOOD/msasl_good_SWIC_Community_Ed_-_Class_Two.mp4_aug_slight_rotation.mp4,GOOD
GOOD/msasl_good_SWIC_Community_Ed_-_Class_Two.mp4_aug_temporal.mp4,GOOD
GOOD/msasl_good_Signing_Naturally_Unit_14_Vocabulary_(UpdatedShorter_Version).mp4.mkv,GOOD
GOOD/msasl_good_Signing_Naturally_Unit_14_Vocabulary_(UpdatedShorter_Version).mp4_aug_brightness_contrast.mp4,GOOD
GOOD/msasl_good_Signing_Naturally_Unit_14_Vocabulary_(UpdatedShorter_Version).mp4_aug_horizontal_flip.mp4,GOOD
GOOD/msasl_good_Signing_Naturally_Unit_14_Vocabulary_(UpdatedShorter_Version).mp4_aug_slight_rotation.mp4,GOOD
GOOD/msasl_good_Signing_Naturally_Unit_14_Vocabulary_(UpdatedShorter_Version).mp4_aug_temporal.mp4,GOOD
GOOD/msasl_good_Signing_Naturally_Unit_14_Vocabulary_Signed_by_Dr_Wooten.mp4.mkv,GOOD
GOOD/msasl_good_Signing_Naturally_Unit_14_Vocabulary_Signed_by_Dr_Wooten.mp4_aug_brightness_contrast.mp4,GOOD
GOOD/msasl_good_Signing_Naturally_Unit_14_Vocabulary_Signed_by_Dr_Wooten.mp4_aug_horizontal_flip.mp4,GOOD
GOOD/msasl_good_Signing_Naturally_Unit_14_Vocabulary_Signed_by_Dr_Wooten.mp4_aug_slight_rotation.mp4,GOOD
GOOD/msasl_good_Signing_Naturally_Unit_14_Vocabulary_Signed_by_Dr_Wooten.mp4_aug_temporal.mp4,GOOD
GOOD/msasl_good_The_First_100_Signs_You_Need_to_Know.mp4.webm,GOOD
GOOD/msasl_good_The_First_100_Signs_You_Need_to_Know.mp4_aug_brightness_contrast.mp4,GOOD
GOOD/msasl_good_The_First_100_Signs_You_Need_to_Know.mp4_aug_horizontal_flip.mp4,GOOD
GOOD/msasl_good_The_First_100_Signs_You_Need_to_Know.mp4_aug_slight_rotation.mp4,GOOD
GOOD/msasl_good_The_First_100_Signs_You_Need_to_Know.mp4_aug_temporal.mp4,GOOD
GOOD/msasl_good_UNIT_9_VOCABULARY.mp4.mkv,GOOD
GOOD/msasl_good_UNIT_9_VOCABULARY.mp4_aug_brightness_contrast.mp4,GOOD
GOOD/msasl_good_UNIT_9_VOCABULARY.mp4_aug_horizontal_flip.mp4,GOOD
GOOD/msasl_good_UNIT_9_VOCABULARY.mp4_aug_slight_rotation.mp4,GOOD
GOOD/msasl_good_UNIT_9_VOCABULARY.mp4_aug_temporal.mp4,GOOD
GOOD/msasl_good_Unit_04_Vocabulary.mp4.webm,GOOD
GOOD/msasl_good_Unit_04_Vocabulary.mp4_aug_brightness_contrast.mp4,GOOD
GOOD/msasl_good_Unit_04_Vocabulary.mp4_aug_horizontal_flip.mp4,GOOD
GOOD/msasl_good_Unit_04_Vocabulary.mp4_aug_slight_rotation.mp4,GOOD
GOOD/msasl_good_Unit_04_Vocabulary.mp4_aug_temporal.mp4,GOOD
GOOD/msasl_good_Unit_1(1).mp4.webm,GOOD
GOOD/msasl_good_Unit_1(1).mp4_aug_brightness_contrast.mp4,GOOD
GOOD/msasl_good_Unit_1(1).mp4_aug_horizontal_flip.mp4,GOOD
GOOD/msasl_good_Unit_1(1).mp4_aug_slight_rotation.mp4,GOOD
GOOD/msasl_good_Unit_1(1).mp4_aug_temporal.mp4,GOOD
GOOD/msasl_good_Unit_1_Vocabulary.mp4.mkv,GOOD
GOOD/msasl_good_Unit_1_Vocabulary.mp4_aug_brightness_contrast.mp4,GOOD
GOOD/msasl_good_Unit_1_Vocabulary.mp4_aug_horizontal_flip.mp4,GOOD
GOOD/msasl_good_Unit_1_Vocabulary.mp4_aug_slight_rotation.mp4,GOOD
GOOD/msasl_good_Unit_1_Vocabulary.mp4_aug_temporal.mp4,GOOD
GOOD/msasl_good_Unit_1_Vocabulary_ASL_Level_1_-_American_Sign_Language.mp4.webm,GOOD
GOOD/msasl_good_Unit_1_Vocabulary_ASL_Level_1_-_American_Sign_Language.mp4_aug_brightness_contrast.mp4,GOOD
GOOD/msasl_good_Unit_1_Vocabulary_ASL_Level_1_-_American_Sign_Language.mp4_aug_horizontal_flip.mp4,GOOD
GOOD/msasl_good_Unit_1_Vocabulary_ASL_Level_1_-_American_Sign_Language.mp4_aug_slight_rotation.mp4,GOOD
GOOD/msasl_good_Unit_1_Vocabulary_ASL_Level_1_-_American_Sign_Language.mp4_aug_temporal.mp4,GOOD
GOOD/msasl_good_Unit_3_Vocabulary_-_ASL.mp4.mkv,GOOD
GOOD/msasl_good_Unit_3_Vocabulary_-_ASL.mp4_aug_brightness_contrast.mp4,GOOD
GOOD/msasl_good_Unit_3_Vocabulary_-_ASL.mp4_aug_horizontal_flip.mp4,GOOD
GOOD/msasl_good_Unit_3_Vocabulary_-_ASL.mp4_aug_slight_rotation.mp4,GOOD
GOOD/msasl_good_Unit_3_Vocabulary_-_ASL.mp4_aug_temporal.mp4,GOOD
GOOD/msasl_good_Unit_4.mp4.mkv,GOOD
GOOD/msasl_good_Unit_4.mp4_aug_brightness_contrast.mp4,GOOD
GOOD/msasl_good_Unit_4.mp4_aug_horizontal_flip.mp4,GOOD
GOOD/msasl_good_Unit_4.mp4_aug_slight_rotation.mp4,GOOD
GOOD/msasl_good_Unit_4.mp4_aug_temporal.mp4,GOOD
GOOD/msasl_good_Unit_4_Vocabularymp4.mp4.mkv,GOOD
GOOD/msasl_good_Unit_4_Vocabularymp4.mp4_aug_brightness_contrast.mp4,GOOD
GOOD/msasl_good_Unit_4_Vocabularymp4.mp4_aug_horizontal_flip.mp4,GOOD
GOOD/msasl_good_Unit_4_Vocabularymp4.mp4_aug_slight_rotation.mp4,GOOD
GOOD/msasl_good_Unit_4_Vocabularymp4.mp4_aug_temporal.mp4,GOOD
GOOD/msasl_good_Useful_vocab.mp4,GOOD
GOOD/msasl_good_Useful_vocab_aug_brightness_contrast.mp4,GOOD
GOOD/msasl_good_Useful_vocab_aug_horizontal_flip.mp4,GOOD
GOOD/msasl_good_Useful_vocab_aug_slight_rotation.mp4,GOOD
GOOD/msasl_good_Useful_vocab_aug_temporal.mp4,GOOD
GOOD/msasl_good_good_-_ASL_sign_for_good.mp4.mkv,GOOD
GOOD/msasl_good_good_-_ASL_sign_for_good.mp4_aug_brightness_contrast.mp4,GOOD
GOOD/msasl_good_good_-_ASL_sign_for_good.mp4_aug_horizontal_flip.mp4,GOOD
GOOD/msasl_good_good_-_ASL_sign_for_good.mp4_aug_slight_rotation.mp4,GOOD
GOOD/msasl_good_good_-_ASL_sign_for_good.mp4_aug_temporal.mp4,GOOD
GOOD/wlasl_25066.mp4,GOOD
GOOD/wlasl_25066_aug_brightness_contrast.mp4,GOOD
GOOD/wlasl_25066_aug_horizontal_flip.mp4,GOOD
GOOD/wlasl_25066_aug_slight_rotation.mp4,GOOD
GOOD/wlasl_25066_aug_temporal.mp4,GOOD
GOOD/wlasl_25067.mp4,GOOD
GOOD/wlasl_25067_aug_brightness_contrast.mp4,GOOD
GOOD/wlasl_25067_aug_horizontal_flip.mp4,GOOD
GOOD/wlasl_25067_aug_slight_rotation.mp4,GOOD
GOOD/wlasl_25067_aug_temporal.mp4,GOOD
GOOD/wlasl_25068.mp4,GOOD
GOOD/wlasl_25068_aug_brightness_contrast.mp4,GOOD
GOOD/wlasl_25068_aug_horizontal_flip.mp4,GOOD
GOOD/wlasl_25068_aug_slight_rotation.mp4,GOOD
GOOD/wlasl_25068_aug_temporal.mp4,GOOD
GOOD/wlasl_25069.mp4,GOOD
GOOD/wlasl_25069_aug_brightness_contrast.mp4,GOOD
GOOD/wlasl_25069_aug_horizontal_flip.mp4,GOOD
GOOD/wlasl_25069_aug_slight_rotation.mp4,GOOD
GOOD/wlasl_25069_aug_temporal.mp4,GOOD
GOOD/wlasl_25070.mp4,GOOD
GOOD/wlasl_25070_aug_brightness_contrast.mp4,GOOD
GOOD/wlasl_25070_aug_horizontal_flip.mp4,GOOD
GOOD/wlasl_25070_aug_slight_rotation.mp4,GOOD
GOOD/wlasl_25070_aug_temporal.mp4,GOOD
GOOD/wlasl_25072.mp4,GOOD
GOOD/wlasl_25072_aug_brightness_contrast.mp4,GOOD
GOOD/wlasl_25072_aug_horizontal_flip.mp4,GOOD
GOOD/wlasl_25072_aug_slight_rotation.mp4,GOOD
GOOD/wlasl_25072_aug_temporal.mp4,GOOD
GOOD/wlasl_25073.mp4,GOOD
GOOD/wlasl_25073_aug_brightness_contrast.mp4,GOOD
GOOD/wlasl_25073_aug_horizontal_flip.mp4,GOOD
GOOD/wlasl_25073_aug_slight_rotation.mp4,GOOD
GOOD/wlasl_25073_aug_temporal.mp4,GOOD
GOOD/wlasl_69347.mp4,GOOD
GOOD/wlasl_69347_aug_brightness_contrast.mp4,GOOD
GOOD/wlasl_69347_aug_horizontal_flip.mp4,GOOD
GOOD/wlasl_69347_aug_slight_rotation.mp4,GOOD
GOOD/wlasl_69347_aug_temporal.mp4,GOOD
GREEN/ASLLVD_GREEN__ASL_2007_05_24_scene16-2395-2441_camera1.mov,GREEN
GREEN/ASLLVD_GREEN__ASL_2007_05_24_scene16-2395-2441_camera1_aug_brightness_contrast.mp4,GREEN
GREEN/ASLLVD_GREEN__ASL_2007_05_24_scene16-2395-2441_camera1_aug_horizontal_flip.mp4,GREEN
GREEN/ASLLVD_GREEN__ASL_2007_05_24_scene16-2395-2441_camera1_aug_slight_rotation.mp4,GREEN
GREEN/ASLLVD_GREEN__ASL_2007_05_24_scene16-2395-2441_camera1_aug_temporal.mp4,GREEN
GREEN/ASLLVD_GREEN__ASL_2008_02_01_scene12-505-536_camera1.mov,GREEN
GREEN/ASLLVD_GREEN__ASL_2008_02_01_scene12-505-536_camera1_aug_brightness_contrast.mp4,GREEN
GREEN/ASLLVD_GREEN__ASL_2008_02_01_scene12-505-536_camera1_aug_horizontal_flip.mp4,GREEN
GREEN/ASLLVD_GREEN__ASL_2008_02_01_scene12-505-536_camera1_aug_slight_rotation.mp4,GREEN
GREEN/ASLLVD_GREEN__ASL_2008_02_01_scene12-505-536_camera1_aug_temporal.mp4,GREEN
GREEN/ASLLVD_GREEN__ASL_2008_05_29_scene42-990-1035_camera1.mov,GREEN
GREEN/ASLLVD_GREEN__ASL_2008_05_29_scene42-990-1035_camera1_aug_brightness_contrast.mp4,GREEN
GREEN/ASLLVD_GREEN__ASL_2008_05_29_scene42-990-1035_camera1_aug_horizontal_flip.mp4,GREEN
GREEN/ASLLVD_GREEN__ASL_2008_05_29_scene42-990-1035_camera1_aug_slight_rotation.mp4,GREEN
GREEN/ASLLVD_GREEN__ASL_2008_05_29_scene42-990-1035_camera1_aug_temporal.mp4,GREEN
GREEN/ASLLVD_GREEN__ASL_2008_08_13_scene10-1490-1506_camera1.mov,GREEN
GREEN/ASLLVD_GREEN__ASL_2008_08_13_scene10-1490-1506_camera1_aug_brightness_contrast.mp4,GREEN
GREEN/ASLLVD_GREEN__ASL_2008_08_13_scene10-1490-1506_camera1_aug_horizontal_flip.mp4,GREEN
GREEN/ASLLVD_GREEN__ASL_2008_08_13_scene10-1490-1506_camera1_aug_slight_rotation.mp4,GREEN
GREEN/ASLLVD_GREEN__ASL_2008_08_13_scene10-1490-1506_camera1_aug_temporal.mp4,GREEN
GREEN/ASLLVD_GREEN__ASL_2011_06_14_scene29-2245-2280_camera1.mov,GREEN
GREEN/ASLLVD_GREEN__ASL_2011_06_14_scene29-2245-2280_camera1_aug_brightness_contrast.mp4,GREEN
GREEN/ASLLVD_GREEN__ASL_2011_06_14_scene29-2245-2280_camera1_aug_horizontal_flip.mp4,GREEN
GREEN/ASLLVD_GREEN__ASL_2011_06_14_scene29-2245-2280_camera1_aug_slight_rotation.mp4,GREEN
GREEN/ASLLVD_GREEN__ASL_2011_06_14_scene29-2245-2280_camera1_aug_temporal.mp4,GREEN
GREEN/desktop.ini,GREEN
GREEN/desktop_aug_brightness_contrast.mp4,GREEN
GREEN/desktop_aug_horizontal_flip.mp4,GREEN
GREEN/desktop_aug_slight_rotation.mp4,GREEN
GREEN/desktop_aug_temporal.mp4,GREEN
GREEN/msasl_green_ASL1_Class_15_New_SIGNS.mp4,GREEN
GREEN/msasl_green_ASL1_Class_15_New_SIGNS_aug_brightness_contrast.mp4,GREEN
GREEN/msasl_green_ASL1_Class_15_New_SIGNS_aug_horizontal_flip.mp4,GREEN
GREEN/msasl_green_ASL1_Class_15_New_SIGNS_aug_slight_rotation.mp4,GREEN
GREEN/msasl_green_ASL1_Class_15_New_SIGNS_aug_temporal.mp4,GREEN
GREEN/msasl_green_ASL_1_Set_1_Supplemental_Vocabulary.mp4.mkv,GREEN
GREEN/msasl_green_ASL_1_Set_1_Supplemental_Vocabulary.mp4_aug_brightness_contrast.mp4,GREEN
GREEN/msasl_green_ASL_1_Set_1_Supplemental_Vocabulary.mp4_aug_horizontal_flip.mp4,GREEN
GREEN/msasl_green_ASL_1_Set_1_Supplemental_Vocabulary.mp4_aug_slight_rotation.mp4,GREEN
GREEN/msasl_green_ASL_1_Set_1_Supplemental_Vocabulary.mp4_aug_temporal.mp4,GREEN
GREEN/msasl_green_ASL_1_Unit_1_Vocabulary.mp4.mkv,GREEN
GREEN/msasl_green_ASL_1_Unit_1_Vocabulary.mp4_aug_brightness_contrast.mp4,GREEN
GREEN/msasl_green_ASL_1_Unit_1_Vocabulary.mp4_aug_horizontal_flip.mp4,GREEN
GREEN/msasl_green_ASL_1_Unit_1_Vocabulary.mp4_aug_slight_rotation.mp4,GREEN
GREEN/msasl_green_ASL_1_Unit_1_Vocabulary.mp4_aug_temporal.mp4,GREEN
GREEN/msasl_green_ASL_Colors_Clothes_Lesson.mp4.webm,GREEN
GREEN/msasl_green_ASL_Colors_Clothes_Lesson.mp4_aug_brightness_contrast.mp4,GREEN
GREEN/msasl_green_ASL_Colors_Clothes_Lesson.mp4_aug_horizontal_flip.mp4,GREEN
GREEN/msasl_green_ASL_Colors_Clothes_Lesson.mp4_aug_slight_rotation.mp4,GREEN
GREEN/msasl_green_ASL_Colors_Clothes_Lesson.mp4_aug_temporal.mp4,GREEN
GREEN/msasl_green_ASL_Dictionary_Colors.mp4.mkv,GREEN
GREEN/msasl_green_ASL_Dictionary_Colors.mp4_aug_brightness_contrast.mp4,GREEN
GREEN/msasl_green_ASL_Dictionary_Colors.mp4_aug_horizontal_flip.mp4,GREEN
GREEN/msasl_green_ASL_Dictionary_Colors.mp4_aug_slight_rotation.mp4,GREEN
GREEN/msasl_green_ASL_Dictionary_Colors.mp4_aug_temporal.mp4,GREEN
GREEN/msasl_green_ASL_Green_.mp4,GREEN
GREEN/msasl_green_ASL_Green__aug_brightness_contrast.mp4,GREEN
GREEN/msasl_green_ASL_Green__aug_horizontal_flip.mp4,GREEN
GREEN/msasl_green_ASL_Green__aug_slight_rotation.mp4,GREEN
GREEN/msasl_green_ASL_Green__aug_temporal.mp4,GREEN
GREEN/msasl_green_ASL_I_-_Unit_1_Vocabulary.mp4,GREEN
GREEN/msasl_green_ASL_I_-_Unit_1_Vocabulary_aug_brightness_contrast.mp4,GREEN
GREEN/msasl_green_ASL_I_-_Unit_1_Vocabulary_aug_horizontal_flip.mp4,GREEN
GREEN/msasl_green_ASL_I_-_Unit_1_Vocabulary_aug_slight_rotation.mp4,GREEN
GREEN/msasl_green_ASL_I_-_Unit_1_Vocabulary_aug_temporal.mp4,GREEN
GREEN/msasl_green_ASL_I_-_Unit_4_Vocabulary_Review.mp4,GREEN
GREEN/msasl_green_ASL_I_-_Unit_4_Vocabulary_Review_aug_brightness_contrast.mp4,GREEN
GREEN/msasl_green_ASL_I_-_Unit_4_Vocabulary_Review_aug_horizontal_flip.mp4,GREEN
GREEN/msasl_green_ASL_I_-_Unit_4_Vocabulary_Review_aug_slight_rotation.mp4,GREEN
GREEN/msasl_green_ASL_I_-_Unit_4_Vocabulary_Review_aug_temporal.mp4,GREEN
GREEN/msasl_green_ASL_Signs_for_family_and_basic_school_related_words.mp4,GREEN
GREEN/msasl_green_ASL_Signs_for_family_and_basic_school_related_words_aug_brightness_contrast.mp4,GREEN
GREEN/msasl_green_ASL_Signs_for_family_and_basic_school_related_words_aug_horizontal_flip.mp4,GREEN
GREEN/msasl_green_ASL_Signs_for_family_and_basic_school_related_words_aug_slight_rotation.mp4,GREEN
GREEN/msasl_green_ASL_Signs_for_family_and_basic_school_related_words_aug_temporal.mp4,GREEN
GREEN/msasl_green_ASL_UNIT_1_VOCAB_signing_naturally.mp4,GREEN
GREEN/msasl_green_ASL_UNIT_1_VOCAB_signing_naturally_aug_brightness_contrast.mp4,GREEN
GREEN/msasl_green_ASL_UNIT_1_VOCAB_signing_naturally_aug_horizontal_flip.mp4,GREEN
GREEN/msasl_green_ASL_UNIT_1_VOCAB_signing_naturally_aug_slight_rotation.mp4,GREEN
GREEN/msasl_green_ASL_UNIT_1_VOCAB_signing_naturally_aug_temporal.mp4,GREEN
GREEN/msasl_green_ASL_Vocabulary_green.mp4.mkv,GREEN
GREEN/msasl_green_ASL_Vocabulary_green.mp4_aug_brightness_contrast.mp4,GREEN
GREEN/msasl_green_ASL_Vocabulary_green.mp4_aug_horizontal_flip.mp4,GREEN
GREEN/msasl_green_ASL_Vocabulary_green.mp4_aug_slight_rotation.mp4,GREEN
GREEN/msasl_green_ASL_Vocabulary_green.mp4_aug_temporal.mp4,GREEN
GREEN/msasl_green_Aug_to_Oct_Voc_Captions.mp4.mkv,GREEN
GREEN/msasl_green_Aug_to_Oct_Voc_Captions.mp4_aug_brightness_contrast.mp4,GREEN
GREEN/msasl_green_Aug_to_Oct_Voc_Captions.mp4_aug_horizontal_flip.mp4,GREEN
GREEN/msasl_green_Aug_to_Oct_Voc_Captions.mp4_aug_slight_rotation.mp4,GREEN
GREEN/msasl_green_Aug_to_Oct_Voc_Captions.mp4_aug_temporal.mp4,GREEN
GREEN/msasl_green_COLORS_-_This_is_part_of_Unit_4_Vocabulary_ASL.mp4.mkv,GREEN
GREEN/msasl_green_COLORS_-_This_is_part_of_Unit_4_Vocabulary_ASL.mp4_aug_brightness_contrast.mp4,GREEN
GREEN/msasl_green_COLORS_-_This_is_part_of_Unit_4_Vocabulary_ASL.mp4_aug_horizontal_flip.mp4,GREEN
GREEN/msasl_green_COLORS_-_This_is_part_of_Unit_4_Vocabulary_ASL.mp4_aug_slight_rotation.mp4,GREEN
GREEN/msasl_green_COLORS_-_This_is_part_of_Unit_4_Vocabulary_ASL.mp4_aug_temporal.mp4,GREEN
GREEN/msasl_green_Color_Signs_in_ASL.mp4.mkv,GREEN
GREEN/msasl_green_Color_Signs_in_ASL.mp4_aug_brightness_contrast.mp4,GREEN
GREEN/msasl_green_Color_Signs_in_ASL.mp4_aug_horizontal_flip.mp4,GREEN
GREEN/msasl_green_Color_Signs_in_ASL.mp4_aug_slight_rotation.mp4,GREEN
GREEN/msasl_green_Color_Signs_in_ASL.mp4_aug_temporal.mp4,GREEN
GREEN/msasl_green_Color_Vocabulary.mp4.mkv,GREEN
GREEN/msasl_green_Color_Vocabulary.mp4_aug_brightness_contrast.mp4,GREEN
GREEN/msasl_green_Color_Vocabulary.mp4_aug_horizontal_flip.mp4,GREEN
GREEN/msasl_green_Color_Vocabulary.mp4_aug_slight_rotation.mp4,GREEN
GREEN/msasl_green_Color_Vocabulary.mp4_aug_temporal.mp4,GREEN
GREEN/msasl_green_Colors_and_Springtime_signs_in_ASL.mp4.mkv,GREEN
GREEN/msasl_green_Colors_and_Springtime_signs_in_ASL.mp4_aug_brightness_contrast.mp4,GREEN
GREEN/msasl_green_Colors_and_Springtime_signs_in_ASL.mp4_aug_horizontal_flip.mp4,GREEN
GREEN/msasl_green_Colors_and_Springtime_signs_in_ASL.mp4_aug_slight_rotation.mp4,GREEN
GREEN/msasl_green_Colors_and_Springtime_signs_in_ASL.mp4_aug_temporal.mp4,GREEN
GREEN/msasl_green_First_100_ADJECTIVES.mp4.mkv,GREEN
GREEN/msasl_green_First_100_ADJECTIVES.mp4_aug_brightness_contrast.mp4,GREEN
GREEN/msasl_green_First_100_ADJECTIVES.mp4_aug_horizontal_flip.mp4,GREEN
GREEN/msasl_green_First_100_ADJECTIVES.mp4_aug_slight_rotation.mp4,GREEN
GREEN/msasl_green_First_100_ADJECTIVES.mp4_aug_temporal.mp4,GREEN
GREEN/msasl_green_GREEN(1).mp4,GREEN
GREEN/msasl_green_GREEN(1)_aug_brightness_contrast.mp4,GREEN
GREEN/msasl_green_GREEN(1)_aug_horizontal_flip.mp4,GREEN
GREEN/msasl_green_GREEN(1)_aug_slight_rotation.mp4,GREEN
GREEN/msasl_green_GREEN(1)_aug_temporal.mp4,GREEN
GREEN/msasl_green_GREEN(3).mp4,GREEN
GREEN/msasl_green_GREEN(3)_aug_brightness_contrast.mp4,GREEN
GREEN/msasl_green_GREEN(3)_aug_horizontal_flip.mp4,GREEN
GREEN/msasl_green_GREEN(3)_aug_slight_rotation.mp4,GREEN
GREEN/msasl_green_GREEN(3)_aug_temporal.mp4,GREEN
GREEN/msasl_green_GREEN(5).mp4.webm,GREEN
GREEN/msasl_green_GREEN(5).mp4_aug_brightness_contrast.mp4,GREEN
GREEN/msasl_green_GREEN(5).mp4_aug_horizontal_flip.mp4,GREEN
GREEN/msasl_green_GREEN(5).mp4_aug_slight_rotation.mp4,GREEN
GREEN/msasl_green_GREEN(5).mp4_aug_temporal.mp4,GREEN
GREEN/msasl_green_GREEN_COLOR_ASL.mp4,GREEN
GREEN/msasl_green_GREEN_COLOR_ASL_aug_brightness_contrast.mp4,GREEN
GREEN/msasl_green_GREEN_COLOR_ASL_aug_horizontal_flip.mp4,GREEN
GREEN/msasl_green_GREEN_COLOR_ASL_aug_slight_rotation.mp4,GREEN
GREEN/msasl_green_GREEN_COLOR_ASL_aug_temporal.mp4,GREEN
GREEN/msasl_green_LASL_-_Ch_4_Vocab.mp4.mkv,GREEN
GREEN/msasl_green_LASL_-_Ch_4_Vocab.mp4_aug_brightness_contrast.mp4,GREEN
GREEN/msasl_green_LASL_-_Ch_4_Vocab.mp4_aug_horizontal_flip.mp4,GREEN
GREEN/msasl_green_LASL_-_Ch_4_Vocab.mp4_aug_slight_rotation.mp4,GREEN
GREEN/msasl_green_LASL_-_Ch_4_Vocab.mp4_aug_temporal.mp4,GREEN
GREEN/msasl_green_Learn_American_Sign_Language_Basic_Vocabulary.mp4,GREEN
GREEN/msasl_green_Learn_American_Sign_Language_Basic_Vocabulary_aug_brightness_contrast.mp4,GREEN
GREEN/msasl_green_Learn_American_Sign_Language_Basic_Vocabulary_aug_horizontal_flip.mp4,GREEN
GREEN/msasl_green_Learn_American_Sign_Language_Basic_Vocabulary_aug_slight_rotation.mp4,GREEN
GREEN/msasl_green_Learn_American_Sign_Language_Basic_Vocabulary_aug_temporal.mp4,GREEN
GREEN/msasl_green_Lesson_3_Vocabulary_-_A_Basic_Course_(ABC)_in_ASL.mp4.mkv,GREEN
GREEN/msasl_green_Lesson_3_Vocabulary_-_A_Basic_Course_(ABC)_in_ASL.mp4_aug_brightness_contrast.mp4,GREEN
GREEN/msasl_green_Lesson_3_Vocabulary_-_A_Basic_Course_(ABC)_in_ASL.mp4_aug_horizontal_flip.mp4,GREEN
GREEN/msasl_green_Lesson_3_Vocabulary_-_A_Basic_Course_(ABC)_in_ASL.mp4_aug_slight_rotation.mp4,GREEN
GREEN/msasl_green_Lesson_3_Vocabulary_-_A_Basic_Course_(ABC)_in_ASL.mp4_aug_temporal.mp4,GREEN
GREEN/msasl_green_Mastering_ASL_Unit_3_Vocabulary_signed_by_Dr_Wooten.mp4.mkv,GREEN
GREEN/msasl_green_Mastering_ASL_Unit_3_Vocabulary_signed_by_Dr_Wooten.mp4_aug_brightness_contrast.mp4,GREEN
GREEN/msasl_green_Mastering_ASL_Unit_3_Vocabulary_signed_by_Dr_Wooten.mp4_aug_horizontal_flip.mp4,GREEN
GREEN/msasl_green_Mastering_ASL_Unit_3_Vocabulary_signed_by_Dr_Wooten.mp4_aug_slight_rotation.mp4,GREEN
GREEN/msasl_green_Mastering_ASL_Unit_3_Vocabulary_signed_by_Dr_Wooten.mp4_aug_temporal.mp4,GREEN
GREEN/msasl_green_SN_Unit_1_-_Colors.mp4,GREEN
GREEN/msasl_green_SN_Unit_1_-_Colors_aug_brightness_contrast.mp4,GREEN
GREEN/msasl_green_SN_Unit_1_-_Colors_aug_horizontal_flip.mp4,GREEN
GREEN/msasl_green_SN_Unit_1_-_Colors_aug_slight_rotation.mp4,GREEN
GREEN/msasl_green_SN_Unit_1_-_Colors_aug_temporal.mp4,GREEN
GREEN/msasl_green_SN_Unit_1_Video_Vocab_Review.mp4.mkv,GREEN
GREEN/msasl_green_SN_Unit_1_Video_Vocab_Review.mp4_aug_brightness_contrast.mp4,GREEN
GREEN/msasl_green_SN_Unit_1_Video_Vocab_Review.mp4_aug_horizontal_flip.mp4,GREEN
GREEN/msasl_green_SN_Unit_1_Video_Vocab_Review.mp4_aug_slight_rotation.mp4,GREEN
GREEN/msasl_green_SN_Unit_1_Video_Vocab_Review.mp4_aug_temporal.mp4,GREEN
GREEN/msasl_green_Signing_Naturally_Unit_1_Vocabulary.mp4.webm,GREEN
GREEN/msasl_green_Signing_Naturally_Unit_1_Vocabulary.mp4_aug_brightness_contrast.mp4,GREEN
GREEN/msasl_green_Signing_Naturally_Unit_1_Vocabulary.mp4_aug_horizontal_flip.mp4,GREEN
GREEN/msasl_green_Signing_Naturally_Unit_1_Vocabulary.mp4_aug_slight_rotation.mp4,GREEN
GREEN/msasl_green_Signing_Naturally_Unit_1_Vocabulary.mp4_aug_temporal.mp4,GREEN
GREEN/msasl_green_Unit_04_Vocabulary.mp4.webm,GREEN
GREEN/msasl_green_Unit_04_Vocabulary.mp4_aug_brightness_contrast.mp4,GREEN
GREEN/msasl_green_Unit_04_Vocabulary.mp4_aug_horizontal_flip.mp4,GREEN
GREEN/msasl_green_Unit_04_Vocabulary.mp4_aug_slight_rotation.mp4,GREEN
GREEN/msasl_green_Unit_04_Vocabulary.mp4_aug_temporal.mp4,GREEN
GREEN/msasl_green_Unit_4.mp4.mkv,GREEN
GREEN/msasl_green_Unit_4.mp4_aug_brightness_contrast.mp4,GREEN
GREEN/msasl_green_Unit_4.mp4_aug_horizontal_flip.mp4,GREEN
GREEN/msasl_green_Unit_4.mp4_aug_slight_rotation.mp4,GREEN
GREEN/msasl_green_Unit_4.mp4_aug_temporal.mp4,GREEN
GREEN/msasl_green_Unit_4_Vocabularymp4.mp4.mkv,GREEN
GREEN/msasl_green_Unit_4_Vocabularymp4.mp4_aug_brightness_contrast.mp4,GREEN
GREEN/msasl_green_Unit_4_Vocabularymp4.mp4_aug_horizontal_flip.mp4,GREEN
GREEN/msasl_green_Unit_4_Vocabularymp4.mp4_aug_slight_rotation.mp4,GREEN
GREEN/msasl_green_Unit_4_Vocabularymp4.mp4_aug_temporal.mp4,GREEN
GREEN/msasl_green_green-color.mp4.mkv,GREEN
GREEN/msasl_green_green-color.mp4_aug_brightness_contrast.mp4,GREEN
GREEN/msasl_green_green-color.mp4_aug_horizontal_flip.mp4,GREEN
GREEN/msasl_green_green-color.mp4_aug_slight_rotation.mp4,GREEN
GREEN/msasl_green_green-color.mp4_aug_temporal.mp4,GREEN
GREEN/msasl_green_green.mp4.mkv,GREEN
GREEN/msasl_green_green.mp4_aug_brightness_contrast.mp4,GREEN
GREEN/msasl_green_green.mp4_aug_horizontal_flip.mp4,GREEN
GREEN/msasl_green_green.mp4_aug_slight_rotation.mp4,GREEN
GREEN/msasl_green_green.mp4_aug_temporal.mp4,GREEN
GREEN/msasl_green_green_in_American_Sign_Language.mp4,GREEN
GREEN/msasl_green_green_in_American_Sign_Language_aug_brightness_contrast.mp4,GREEN
GREEN/msasl_green_green_in_American_Sign_Language_aug_horizontal_flip.mp4,GREEN
GREEN/msasl_green_green_in_American_Sign_Language_aug_slight_rotation.mp4,GREEN
GREEN/msasl_green_green_in_American_Sign_Language_aug_temporal.mp4,GREEN
GREEN/wlasl_25685.mp4,GREEN
GREEN/wlasl_25685_aug_brightness_contrast.mp4,GREEN
GREEN/wlasl_25685_aug_horizontal_flip.mp4,GREEN
GREEN/wlasl_25685_aug_slight_rotation.mp4,GREEN
GREEN/wlasl_25685_aug_temporal.mp4,GREEN
GREEN/wlasl_25686.mp4,GREEN
GREEN/wlasl_25686_aug_brightness_contrast.mp4,GREEN
GREEN/wlasl_25686_aug_horizontal_flip.mp4,GREEN
GREEN/wlasl_25686_aug_slight_rotation.mp4,GREEN
GREEN/wlasl_25686_aug_temporal.mp4,GREEN
GREEN/wlasl_25687.mp4,GREEN
GREEN/wlasl_25687_aug_brightness_contrast.mp4,GREEN
GREEN/wlasl_25687_aug_horizontal_flip.mp4,GREEN
GREEN/wlasl_25687_aug_slight_rotation.mp4,GREEN
GREEN/wlasl_25687_aug_temporal.mp4,GREEN
GREEN/wlasl_25689.mp4,GREEN
GREEN/wlasl_25689_aug_brightness_contrast.mp4,GREEN
GREEN/wlasl_25689_aug_horizontal_flip.mp4,GREEN
GREEN/wlasl_25689_aug_slight_rotation.mp4,GREEN
GREEN/wlasl_25689_aug_temporal.mp4,GREEN
GREEN/wlasl_69353.mp4,GREEN
GREEN/wlasl_69353_aug_brightness_contrast.mp4,GREEN
GREEN/wlasl_69353_aug_horizontal_flip.mp4,GREEN
GREEN/wlasl_69353_aug_slight_rotation.mp4,GREEN
GREEN/wlasl_69353_aug_temporal.mp4,GREEN
HAVE/ASLLVD_HAVE__ASL_2007_05_24_scene16-1824-1858_camera1.mov,HAVE
HAVE/ASLLVD_HAVE__ASL_2007_05_24_scene16-1824-1858_camera1_aug_brightness_contrast.mp4,HAVE
HAVE/ASLLVD_HAVE__ASL_2007_05_24_scene16-1824-1858_camera1_aug_horizontal_flip.mp4,HAVE
HAVE/ASLLVD_HAVE__ASL_2007_05_24_scene16-1824-1858_camera1_aug_slight_rotation.mp4,HAVE
HAVE/ASLLVD_HAVE__ASL_2007_05_24_scene16-1824-1858_camera1_aug_temporal.mp4,HAVE
HAVE/ASLLVD_HAVE__ASL_2008_02_01_scene19-900-940_camera1.mov,HAVE
HAVE/ASLLVD_HAVE__ASL_2008_02_01_scene19-900-940_camera1_aug_brightness_contrast.mp4,HAVE
HAVE/ASLLVD_HAVE__ASL_2008_02_01_scene19-900-940_camera1_aug_horizontal_flip.mp4,HAVE
HAVE/ASLLVD_HAVE__ASL_2008_02_01_scene19-900-940_camera1_aug_slight_rotation.mp4,HAVE
HAVE/ASLLVD_HAVE__ASL_2008_02_01_scene19-900-940_camera1_aug_temporal.mp4,HAVE
HAVE/ASLLVD_HAVE__ASL_2008_05_29_scene47-2966-2980_camera1.mov,HAVE
HAVE/ASLLVD_HAVE__ASL_2008_05_29_scene47-2966-2980_camera1_aug_brightness_contrast.mp4,HAVE
HAVE/ASLLVD_HAVE__ASL_2008_05_29_scene47-2966-2980_camera1_aug_horizontal_flip.mp4,HAVE
HAVE/ASLLVD_HAVE__ASL_2008_05_29_scene47-2966-2980_camera1_aug_slight_rotation.mp4,HAVE
HAVE/ASLLVD_HAVE__ASL_2008_05_29_scene47-2966-2980_camera1_aug_temporal.mp4,HAVE
HAVE/ASLLVD_HAVE__ASL_2008_08_13_scene15-996-1015_camera1.mov,HAVE
HAVE/ASLLVD_HAVE__ASL_2008_08_13_scene15-996-1015_camera1_aug_brightness_contrast.mp4,HAVE
HAVE/ASLLVD_HAVE__ASL_2008_08_13_scene15-996-1015_camera1_aug_horizontal_flip.mp4,HAVE
HAVE/ASLLVD_HAVE__ASL_2008_08_13_scene15-996-1015_camera1_aug_slight_rotation.mp4,HAVE
HAVE/ASLLVD_HAVE__ASL_2008_08_13_scene15-996-1015_camera1_aug_temporal.mp4,HAVE
HAVE/ASLLVD_HAVE__ASL_2011_06_14_scene32-2921-2936_camera1.mov,HAVE
HAVE/ASLLVD_HAVE__ASL_2011_06_14_scene32-2921-2936_camera1_aug_brightness_contrast.mp4,HAVE
HAVE/ASLLVD_HAVE__ASL_2011_06_14_scene32-2921-2936_camera1_aug_horizontal_flip.mp4,HAVE
HAVE/ASLLVD_HAVE__ASL_2011_06_14_scene32-2921-2936_camera1_aug_slight_rotation.mp4,HAVE
HAVE/ASLLVD_HAVE__ASL_2011_06_14_scene32-2921-2936_camera1_aug_temporal.mp4,HAVE
HAVE/ASLLVD_HAVE__ASL_2011_07_22_scene20-514-548_camera1.mov,HAVE
HAVE/ASLLVD_HAVE__ASL_2011_07_22_scene20-514-548_camera1_aug_brightness_contrast.mp4,HAVE
HAVE/ASLLVD_HAVE__ASL_2011_07_22_scene20-514-548_camera1_aug_horizontal_flip.mp4,HAVE
HAVE/ASLLVD_HAVE__ASL_2011_07_22_scene20-514-548_camera1_aug_slight_rotation.mp4,HAVE
HAVE/ASLLVD_HAVE__ASL_2011_07_22_scene20-514-548_camera1_aug_temporal.mp4,HAVE
HAVE/desktop.ini,HAVE
HAVE/desktop_aug_brightness_contrast.mp4,HAVE
HAVE/desktop_aug_horizontal_flip.mp4,HAVE
HAVE/desktop_aug_slight_rotation.mp4,HAVE
HAVE/desktop_aug_temporal.mp4,HAVE
HAVE/msasl_have_ASL1_Class_19_New_SIGNS.mp4,HAVE
HAVE/msasl_have_ASL1_Class_19_New_SIGNS_aug_brightness_contrast.mp4,HAVE
HAVE/msasl_have_ASL1_Class_19_New_SIGNS_aug_horizontal_flip.mp4,HAVE
HAVE/msasl_have_ASL1_Class_19_New_SIGNS_aug_slight_rotation.mp4,HAVE
HAVE/msasl_have_ASL1_Class_19_New_SIGNS_aug_temporal.mp4,HAVE
HAVE/msasl_have_ASL1_Class_54_New_SIGNS.mp4.mkv,HAVE
HAVE/msasl_have_ASL1_Class_54_New_SIGNS.mp4_aug_brightness_contrast.mp4,HAVE
HAVE/msasl_have_ASL1_Class_54_New_SIGNS.mp4_aug_horizontal_flip.mp4,HAVE
HAVE/msasl_have_ASL1_Class_54_New_SIGNS.mp4_aug_slight_rotation.mp4,HAVE
HAVE/msasl_have_ASL1_Class_54_New_SIGNS.mp4_aug_temporal.mp4,HAVE
HAVE/msasl_have_ASL_1_Set_1_Supplemental_Vocabulary.mp4.mkv,HAVE
HAVE/msasl_have_ASL_1_Set_1_Supplemental_Vocabulary.mp4_aug_brightness_contrast.mp4,HAVE
HAVE/msasl_have_ASL_1_Set_1_Supplemental_Vocabulary.mp4_aug_horizontal_flip.mp4,HAVE
HAVE/msasl_have_ASL_1_Set_1_Supplemental_Vocabulary.mp4_aug_slight_rotation.mp4,HAVE
HAVE/msasl_have_ASL_1_Set_1_Supplemental_Vocabulary.mp4_aug_temporal.mp4,HAVE
HAVE/msasl_have_ASL_1_Unit_3_Vocabulary.mp4.mkv,HAVE
HAVE/msasl_have_ASL_1_Unit_3_Vocabulary.mp4_aug_brightness_contrast.mp4,HAVE
HAVE/msasl_have_ASL_1_Unit_3_Vocabulary.mp4_aug_horizontal_flip.mp4,HAVE
HAVE/msasl_have_ASL_1_Unit_3_Vocabulary.mp4_aug_slight_rotation.mp4,HAVE
HAVE/msasl_have_ASL_1_Unit_3_Vocabulary.mp4_aug_temporal.mp4,HAVE
HAVE/msasl_have_ASL_1_Unit_4_Vocabulary(1).mp4.mkv,HAVE
HAVE/msasl_have_ASL_1_Unit_4_Vocabulary(1).mp4_aug_brightness_contrast.mp4,HAVE
HAVE/msasl_have_ASL_1_Unit_4_Vocabulary(1).mp4_aug_horizontal_flip.mp4,HAVE
HAVE/msasl_have_ASL_1_Unit_4_Vocabulary(1).mp4_aug_slight_rotation.mp4,HAVE
HAVE/msasl_have_ASL_1_Unit_4_Vocabulary(1).mp4_aug_temporal.mp4,HAVE
HAVE/msasl_have_ASL_1_Unit_4_Vocabulary.mp4.mkv,HAVE
HAVE/msasl_have_ASL_1_Unit_4_Vocabulary.mp4_aug_brightness_contrast.mp4,HAVE
HAVE/msasl_have_ASL_1_Unit_4_Vocabulary.mp4_aug_horizontal_flip.mp4,HAVE
HAVE/msasl_have_ASL_1_Unit_4_Vocabulary.mp4_aug_slight_rotation.mp4,HAVE
HAVE/msasl_have_ASL_1_Unit_4_Vocabulary.mp4_aug_temporal.mp4,HAVE
HAVE/msasl_have_ASL_Top_ASL_Signs_for_Servers.mp4.mkv,HAVE
HAVE/msasl_have_ASL_Top_ASL_Signs_for_Servers.mp4_aug_brightness_contrast.mp4,HAVE
HAVE/msasl_have_ASL_Top_ASL_Signs_for_Servers.mp4_aug_horizontal_flip.mp4,HAVE
HAVE/msasl_have_ASL_Top_ASL_Signs_for_Servers.mp4_aug_slight_rotation.mp4,HAVE
HAVE/msasl_have_ASL_Top_ASL_Signs_for_Servers.mp4_aug_temporal.mp4,HAVE
HAVE/msasl_have_Asl_vocab_2.mp4.mkv,HAVE
HAVE/msasl_have_Asl_vocab_2.mp4_aug_brightness_contrast.mp4,HAVE
HAVE/msasl_have_Asl_vocab_2.mp4_aug_horizontal_flip.mp4,HAVE
HAVE/msasl_have_Asl_vocab_2.mp4_aug_slight_rotation.mp4,HAVE
HAVE/msasl_have_Asl_vocab_2.mp4_aug_temporal.mp4,HAVE
HAVE/msasl_have_Dr_Wooten_Signing_Unit_9_Vocabulary.mp4.mkv,HAVE
HAVE/msasl_have_Dr_Wooten_Signing_Unit_9_Vocabulary.mp4_aug_brightness_contrast.mp4,HAVE
HAVE/msasl_have_Dr_Wooten_Signing_Unit_9_Vocabulary.mp4_aug_horizontal_flip.mp4,HAVE
HAVE/msasl_have_Dr_Wooten_Signing_Unit_9_Vocabulary.mp4_aug_slight_rotation.mp4,HAVE
HAVE/msasl_have_Dr_Wooten_Signing_Unit_9_Vocabulary.mp4_aug_temporal.mp4,HAVE
HAVE/msasl_have_HAVE(3).mp4,HAVE
HAVE/msasl_have_HAVE(3)_aug_brightness_contrast.mp4,HAVE
HAVE/msasl_have_HAVE(3)_aug_horizontal_flip.mp4,HAVE
HAVE/msasl_have_HAVE(3)_aug_slight_rotation.mp4,HAVE
HAVE/msasl_have_HAVE(3)_aug_temporal.mp4,HAVE
HAVE/msasl_have_HAVE-1h_version.mp4.mkv,HAVE
HAVE/msasl_have_HAVE-1h_version.mp4_aug_brightness_contrast.mp4,HAVE
HAVE/msasl_have_HAVE-1h_version.mp4_aug_horizontal_flip.mp4,HAVE
HAVE/msasl_have_HAVE-1h_version.mp4_aug_slight_rotation.mp4,HAVE
HAVE/msasl_have_HAVE-1h_version.mp4_aug_temporal.mp4,HAVE
HAVE/msasl_have_HAVE-possess-2-hand-version.mp4.mkv,HAVE
HAVE/msasl_have_HAVE-possess-2-hand-version.mp4_aug_brightness_contrast.mp4,HAVE
HAVE/msasl_have_HAVE-possess-2-hand-version.mp4_aug_horizontal_flip.mp4,HAVE
HAVE/msasl_have_HAVE-possess-2-hand-version.mp4_aug_slight_rotation.mp4,HAVE
HAVE/msasl_have_HAVE-possess-2-hand-version.mp4_aug_temporal.mp4,HAVE
HAVE/msasl_have_Have(1).mp4,HAVE
HAVE/msasl_have_Have(1)_aug_brightness_contrast.mp4,HAVE
HAVE/msasl_have_Have(1)_aug_horizontal_flip.mp4,HAVE
HAVE/msasl_have_Have(1)_aug_slight_rotation.mp4,HAVE
HAVE/msasl_have_Have(1)_aug_temporal.mp4,HAVE
HAVE/msasl_have_Have.mp4.mkv,HAVE
HAVE/msasl_have_Have.mp4_aug_brightness_contrast.mp4,HAVE
HAVE/msasl_have_Have.mp4_aug_horizontal_flip.mp4,HAVE
HAVE/msasl_have_Have.mp4_aug_slight_rotation.mp4,HAVE
HAVE/msasl_have_Have.mp4_aug_temporal.mp4,HAVE
HAVE/msasl_have_Lesson_3_Vocabulary_-_A_Basic_Course_(ABC)_in_ASL.mp4.mkv,HAVE
HAVE/msasl_have_Lesson_3_Vocabulary_-_A_Basic_Course_(ABC)_in_ASL.mp4_aug_brightness_contrast.mp4,HAVE
HAVE/msasl_have_Lesson_3_Vocabulary_-_A_Basic_Course_(ABC)_in_ASL.mp4_aug_horizontal_flip.mp4,HAVE
HAVE/msasl_have_Lesson_3_Vocabulary_-_A_Basic_Course_(ABC)_in_ASL.mp4_aug_slight_rotation.mp4,HAVE
HAVE/msasl_have_Lesson_3_Vocabulary_-_A_Basic_Course_(ABC)_in_ASL.mp4_aug_temporal.mp4,HAVE
HAVE/msasl_have_Level_1_Unit_5_Vocabulary.mp4,HAVE
HAVE/msasl_have_Level_1_Unit_5_Vocabulary_aug_brightness_contrast.mp4,HAVE
HAVE/msasl_have_Level_1_Unit_5_Vocabulary_aug_horizontal_flip.mp4,HAVE
HAVE/msasl_have_Level_1_Unit_5_Vocabulary_aug_slight_rotation.mp4,HAVE
HAVE/msasl_have_Level_1_Unit_5_Vocabulary_aug_temporal.mp4,HAVE
HAVE/msasl_have_Mastering_ASL_Unit_4_Vocabulary_signed_by_Dr_Wooten.mp4.mkv,HAVE
HAVE/msasl_have_Mastering_ASL_Unit_4_Vocabulary_signed_by_Dr_Wooten.mp4_aug_brightness_contrast.mp4,HAVE
HAVE/msasl_have_Mastering_ASL_Unit_4_Vocabulary_signed_by_Dr_Wooten.mp4_aug_horizontal_flip.mp4,HAVE
HAVE/msasl_have_Mastering_ASL_Unit_4_Vocabulary_signed_by_Dr_Wooten.mp4_aug_slight_rotation.mp4,HAVE
HAVE/msasl_have_Mastering_ASL_Unit_4_Vocabulary_signed_by_Dr_Wooten.mp4_aug_temporal.mp4,HAVE
HAVE/msasl_have_SN_Unit_1_Video_Vocab_Review.mp4.mkv,HAVE
HAVE/msasl_have_SN_Unit_1_Video_Vocab_Review.mp4_aug_brightness_contrast.mp4,HAVE
HAVE/msasl_have_SN_Unit_1_Video_Vocab_Review.mp4_aug_horizontal_flip.mp4,HAVE
HAVE/msasl_have_SN_Unit_1_Video_Vocab_Review.mp4_aug_slight_rotation.mp4,HAVE
HAVE/msasl_have_SN_Unit_1_Video_Vocab_Review.mp4_aug_temporal.mp4,HAVE
HAVE/msasl_have_Signing_Naturally_Unit_1_Vocabulary.mp4.webm,HAVE
HAVE/msasl_have_Signing_Naturally_Unit_1_Vocabulary.mp4_aug_brightness_contrast.mp4,HAVE
HAVE/msasl_have_Signing_Naturally_Unit_1_Vocabulary.mp4_aug_horizontal_flip.mp4,HAVE
HAVE/msasl_have_Signing_Naturally_Unit_1_Vocabulary.mp4_aug_slight_rotation.mp4,HAVE
HAVE/msasl_have_Signing_Naturally_Unit_1_Vocabulary.mp4_aug_temporal.mp4,HAVE
HAVE/msasl_have_The_First_100_Signs_You_Need_to_Know.mp4.webm,HAVE
HAVE/msasl_have_The_First_100_Signs_You_Need_to_Know.mp4_aug_brightness_contrast.mp4,HAVE
HAVE/msasl_have_The_First_100_Signs_You_Need_to_Know.mp4_aug_horizontal_flip.mp4,HAVE
HAVE/msasl_have_The_First_100_Signs_You_Need_to_Know.mp4_aug_slight_rotation.mp4,HAVE
HAVE/msasl_have_The_First_100_Signs_You_Need_to_Know.mp4_aug_temporal.mp4,HAVE
HAVE/msasl_have_UNIT_7_VOCABULARY.mp4.webm,HAVE
HAVE/msasl_have_UNIT_7_VOCABULARY.mp4_aug_brightness_contrast.mp4,HAVE
HAVE/msasl_have_UNIT_7_VOCABULARY.mp4_aug_horizontal_flip.mp4,HAVE
HAVE/msasl_have_UNIT_7_VOCABULARY.mp4_aug_slight_rotation.mp4,HAVE
HAVE/msasl_have_UNIT_7_VOCABULARY.mp4_aug_temporal.mp4,HAVE
HAVE/msasl_have_Unit_2_Vocabulary_(Part_1)_rev_2018.mp4,HAVE
HAVE/msasl_have_Unit_2_Vocabulary_(Part_1)_rev_2018_aug_brightness_contrast.mp4,HAVE
HAVE/msasl_have_Unit_2_Vocabulary_(Part_1)_rev_2018_aug_horizontal_flip.mp4,HAVE
HAVE/msasl_have_Unit_2_Vocabulary_(Part_1)_rev_2018_aug_slight_rotation.mp4,HAVE
HAVE/msasl_have_Unit_2_Vocabulary_(Part_1)_rev_2018_aug_temporal.mp4,HAVE
HAVE/msasl_have_Unit_2_Vocabulary_Words.mp4.mkv,HAVE
HAVE/msasl_have_Unit_2_Vocabulary_Words.mp4_aug_brightness_contrast.mp4,HAVE
HAVE/msasl_have_Unit_2_Vocabulary_Words.mp4_aug_horizontal_flip.mp4,HAVE
HAVE/msasl_have_Unit_2_Vocabulary_Words.mp4_aug_slight_rotation.mp4,HAVE
HAVE/msasl_have_Unit_2_Vocabulary_Words.mp4_aug_temporal.mp4,HAVE
HAVE/msasl_have_Unit_7_Vocabulary_Part_1.mp4,HAVE
HAVE/msasl_have_Unit_7_Vocabulary_Part_1_aug_brightness_contrast.mp4,HAVE
HAVE/msasl_have_Unit_7_Vocabulary_Part_1_aug_horizontal_flip.mp4,HAVE
HAVE/msasl_have_Unit_7_Vocabulary_Part_1_aug_slight_rotation.mp4,HAVE
HAVE/msasl_have_Unit_7_Vocabulary_Part_1_aug_temporal.mp4,HAVE
HAVE/msasl_have_deaffriendly_ASL_Vocabulary_-_Hotel.mp4,HAVE
HAVE/msasl_have_deaffriendly_ASL_Vocabulary_-_Hotel_aug_brightness_contrast.mp4,HAVE
HAVE/msasl_have_deaffriendly_ASL_Vocabulary_-_Hotel_aug_horizontal_flip.mp4,HAVE
HAVE/msasl_have_deaffriendly_ASL_Vocabulary_-_Hotel_aug_slight_rotation.mp4,HAVE
HAVE/msasl_have_deaffriendly_ASL_Vocabulary_-_Hotel_aug_temporal.mp4,HAVE
HAVE/wlasl_26766.mp4,HAVE
HAVE/wlasl_26766_aug_brightness_contrast.mp4,HAVE
HAVE/wlasl_26766_aug_horizontal_flip.mp4,HAVE
HAVE/wlasl_26766_aug_slight_rotation.mp4,HAVE
HAVE/wlasl_26766_aug_temporal.mp4,HAVE
HAVE/wlasl_26767.mp4,HAVE
HAVE/wlasl_26767_aug_brightness_contrast.mp4,HAVE
HAVE/wlasl_26767_aug_horizontal_flip.mp4,HAVE
HAVE/wlasl_26767_aug_slight_rotation.mp4,HAVE
HAVE/wlasl_26767_aug_temporal.mp4,HAVE
HAVE/wlasl_26768.mp4,HAVE
HAVE/wlasl_26768_aug_brightness_contrast.mp4,HAVE
HAVE/wlasl_26768_aug_horizontal_flip.mp4,HAVE
HAVE/wlasl_26768_aug_slight_rotation.mp4,HAVE
HAVE/wlasl_26768_aug_temporal.mp4,HAVE
HAVE/wlasl_26773.mp4,HAVE
HAVE/wlasl_26773_aug_brightness_contrast.mp4,HAVE
HAVE/wlasl_26773_aug_horizontal_flip.mp4,HAVE
HAVE/wlasl_26773_aug_slight_rotation.mp4,HAVE
HAVE/wlasl_26773_aug_temporal.mp4,HAVE
HAVE/wlasl_69360.mp4,HAVE
HAVE/wlasl_69360_aug_brightness_contrast.mp4,HAVE
HAVE/wlasl_69360_aug_horizontal_flip.mp4,HAVE
HAVE/wlasl_69360_aug_slight_rotation.mp4,HAVE
HAVE/wlasl_69360_aug_temporal.mp4,HAVE
HELLO/ASLLVD_HELLO__ASL_2007_05_24_scene17-2369-2402_camera1.mov,HELLO
HELLO/ASLLVD_HELLO__ASL_2007_05_24_scene17-2369-2402_camera1_aug_brightness_contrast.mp4,HELLO
HELLO/ASLLVD_HELLO__ASL_2007_05_24_scene17-2369-2402_camera1_aug_horizontal_flip.mp4,HELLO
HELLO/ASLLVD_HELLO__ASL_2007_05_24_scene17-2369-2402_camera1_aug_slight_rotation.mp4,HELLO
HELLO/ASLLVD_HELLO__ASL_2007_05_24_scene17-2369-2402_camera1_aug_temporal.mp4,HELLO
HELLO/ASLLVD_HELLO__ASL_2008_02_01_scene12-835-880_camera1.mov,HELLO
HELLO/ASLLVD_HELLO__ASL_2008_02_01_scene12-835-880_camera1_aug_brightness_contrast.mp4,HELLO
HELLO/ASLLVD_HELLO__ASL_2008_02_01_scene12-835-880_camera1_aug_horizontal_flip.mp4,HELLO
HELLO/ASLLVD_HELLO__ASL_2008_02_01_scene12-835-880_camera1_aug_slight_rotation.mp4,HELLO
HELLO/ASLLVD_HELLO__ASL_2008_02_01_scene12-835-880_camera1_aug_temporal.mp4,HELLO
HELLO/ASLLVD_HELLO__ASL_2008_02_01_scene21-1160-1182_camera1.mov,HELLO
HELLO/ASLLVD_HELLO__ASL_2008_02_01_scene21-1160-1182_camera1_aug_brightness_contrast.mp4,HELLO
HELLO/ASLLVD_HELLO__ASL_2008_02_01_scene21-1160-1182_camera1_aug_horizontal_flip.mp4,HELLO
HELLO/ASLLVD_HELLO__ASL_2008_02_01_scene21-1160-1182_camera1_aug_slight_rotation.mp4,HELLO
HELLO/ASLLVD_HELLO__ASL_2008_02_01_scene21-1160-1182_camera1_aug_temporal.mp4,HELLO
HELLO/ASLLVD_HELLO__ASL_2008_05_29_scene49-700-717_camera1.mov,HELLO
HELLO/ASLLVD_HELLO__ASL_2008_05_29_scene49-700-717_camera1_aug_brightness_contrast.mp4,HELLO
HELLO/ASLLVD_HELLO__ASL_2008_05_29_scene49-700-717_camera1_aug_horizontal_flip.mp4,HELLO
HELLO/ASLLVD_HELLO__ASL_2008_05_29_scene49-700-717_camera1_aug_slight_rotation.mp4,HELLO
HELLO/ASLLVD_HELLO__ASL_2008_05_29_scene49-700-717_camera1_aug_temporal.mp4,HELLO
HELLO/ASLLVD_HELLO__ASL_2008_08_13_scene10-1822-1842_camera1.mov,HELLO
HELLO/ASLLVD_HELLO__ASL_2008_08_13_scene10-1822-1842_camera1_aug_brightness_contrast.mp4,HELLO
HELLO/ASLLVD_HELLO__ASL_2008_08_13_scene10-1822-1842_camera1_aug_horizontal_flip.mp4,HELLO
HELLO/ASLLVD_HELLO__ASL_2008_08_13_scene10-1822-1842_camera1_aug_slight_rotation.mp4,HELLO
HELLO/ASLLVD_HELLO__ASL_2008_08_13_scene10-1822-1842_camera1_aug_temporal.mp4,HELLO
HELLO/ASLLVD_HELLO__ASL_2008_08_13_scene17-1186-1205_camera1.mov,HELLO
HELLO/ASLLVD_HELLO__ASL_2008_08_13_scene17-1186-1205_camera1_aug_brightness_contrast.mp4,HELLO
HELLO/ASLLVD_HELLO__ASL_2008_08_13_scene17-1186-1205_camera1_aug_horizontal_flip.mp4,HELLO
HELLO/ASLLVD_HELLO__ASL_2008_08_13_scene17-1186-1205_camera1_aug_slight_rotation.mp4,HELLO
HELLO/ASLLVD_HELLO__ASL_2008_08_13_scene17-1186-1205_camera1_aug_temporal.mp4,HELLO
HELLO/ASLLVD_HELLO__ASL_2011_06_14_scene29-1865-1885_camera1.mov,HELLO
HELLO/ASLLVD_HELLO__ASL_2011_06_14_scene29-1865-1885_camera1_aug_brightness_contrast.mp4,HELLO
HELLO/ASLLVD_HELLO__ASL_2011_06_14_scene29-1865-1885_camera1_aug_horizontal_flip.mp4,HELLO
HELLO/ASLLVD_HELLO__ASL_2011_06_14_scene29-1865-1885_camera1_aug_slight_rotation.mp4,HELLO
HELLO/ASLLVD_HELLO__ASL_2011_06_14_scene29-1865-1885_camera1_aug_temporal.mp4,HELLO
HELLO/ASLLVD_HELLO__ASL_2011_06_14_scene33-3755-3769_camera1.mov,HELLO
HELLO/ASLLVD_HELLO__ASL_2011_06_14_scene33-3755-3769_camera1_aug_brightness_contrast.mp4,HELLO
HELLO/ASLLVD_HELLO__ASL_2011_06_14_scene33-3755-3769_camera1_aug_horizontal_flip.mp4,HELLO
HELLO/ASLLVD_HELLO__ASL_2011_06_14_scene33-3755-3769_camera1_aug_slight_rotation.mp4,HELLO
HELLO/ASLLVD_HELLO__ASL_2011_06_14_scene33-3755-3769_camera1_aug_temporal.mp4,HELLO
HELLO/desktop.ini,HELLO
HELLO/desktop_aug_brightness_contrast.mp4,HELLO
HELLO/desktop_aug_horizontal_flip.mp4,HELLO
HELLO/desktop_aug_slight_rotation.mp4,HELLO
HELLO/desktop_aug_temporal.mp4,HELLO
HELLO/msasl_hello_ASL1_Class_29_New_SIGNS.mp4.mkv,HELLO
HELLO/msasl_hello_ASL1_Class_29_New_SIGNS.mp4_aug_brightness_contrast.mp4,HELLO
HELLO/msasl_hello_ASL1_Class_29_New_SIGNS.mp4_aug_horizontal_flip.mp4,HELLO
HELLO/msasl_hello_ASL1_Class_29_New_SIGNS.mp4_aug_slight_rotation.mp4,HELLO
HELLO/msasl_hello_ASL1_Class_29_New_SIGNS.mp4_aug_temporal.mp4,HELLO
HELLO/msasl_hello_ASL1_Class_48_New_SIGNS.mp4.mkv,HELLO
HELLO/msasl_hello_ASL1_Class_48_New_SIGNS.mp4_aug_brightness_contrast.mp4,HELLO
HELLO/msasl_hello_ASL1_Class_48_New_SIGNS.mp4_aug_horizontal_flip.mp4,HELLO
HELLO/msasl_hello_ASL1_Class_48_New_SIGNS.mp4_aug_slight_rotation.mp4,HELLO
HELLO/msasl_hello_ASL1_Class_48_New_SIGNS.mp4_aug_temporal.mp4,HELLO
HELLO/msasl_hello_ASL1_Class_4_New_SIGNS_plus_Partner_Practice_QA_and_p29_Dialogue.mp4.mkv,HELLO
HELLO/msasl_hello_ASL1_Class_4_New_SIGNS_plus_Partner_Practice_QA_and_p29_Dialogue.mp4_aug_brightness_contrast.mp4,HELLO
HELLO/msasl_hello_ASL1_Class_4_New_SIGNS_plus_Partner_Practice_QA_and_p29_Dialogue.mp4_aug_horizontal_flip.mp4,HELLO
HELLO/msasl_hello_ASL1_Class_4_New_SIGNS_plus_Partner_Practice_QA_and_p29_Dialogue.mp4_aug_slight_rotation.mp4,HELLO
HELLO/msasl_hello_ASL1_Class_4_New_SIGNS_plus_Partner_Practice_QA_and_p29_Dialogue.mp4_aug_temporal.mp4,HELLO
HELLO/msasl_hello_ASL1_Class_5_New_SIGNS.mp4.mkv,HELLO
HELLO/msasl_hello_ASL1_Class_5_New_SIGNS.mp4_aug_brightness_contrast.mp4,HELLO
HELLO/msasl_hello_ASL1_Class_5_New_SIGNS.mp4_aug_horizontal_flip.mp4,HELLO
HELLO/msasl_hello_ASL1_Class_5_New_SIGNS.mp4_aug_slight_rotation.mp4,HELLO
HELLO/msasl_hello_ASL1_Class_5_New_SIGNS.mp4_aug_temporal.mp4,HELLO
HELLO/msasl_hello_ASL2_Class_52_SIGNS.mp4.mkv,HELLO
HELLO/msasl_hello_ASL2_Class_52_SIGNS.mp4_aug_brightness_contrast.mp4,HELLO
HELLO/msasl_hello_ASL2_Class_52_SIGNS.mp4_aug_horizontal_flip.mp4,HELLO
HELLO/msasl_hello_ASL2_Class_52_SIGNS.mp4_aug_slight_rotation.mp4,HELLO
HELLO/msasl_hello_ASL2_Class_52_SIGNS.mp4_aug_temporal.mp4,HELLO
HELLO/msasl_hello_ASL2_Class_53_SIGNS.mp4,HELLO
HELLO/msasl_hello_ASL2_Class_53_SIGNS_aug_brightness_contrast.mp4,HELLO
HELLO/msasl_hello_ASL2_Class_53_SIGNS_aug_horizontal_flip.mp4,HELLO
HELLO/msasl_hello_ASL2_Class_53_SIGNS_aug_slight_rotation.mp4,HELLO
HELLO/msasl_hello_ASL2_Class_53_SIGNS_aug_temporal.mp4,HELLO
HELLO/msasl_hello_ASL2_Class_54_SIGNS.mp4.mkv,HELLO
HELLO/msasl_hello_ASL2_Class_54_SIGNS.mp4_aug_brightness_contrast.mp4,HELLO
HELLO/msasl_hello_ASL2_Class_54_SIGNS.mp4_aug_horizontal_flip.mp4,HELLO
HELLO/msasl_hello_ASL2_Class_54_SIGNS.mp4_aug_slight_rotation.mp4,HELLO
HELLO/msasl_hello_ASL2_Class_54_SIGNS.mp4_aug_temporal.mp4,HELLO
HELLO/msasl_hello_ASL3_Class_23_Vocabulary.mp4.mkv,HELLO
HELLO/msasl_hello_ASL3_Class_23_Vocabulary.mp4_aug_brightness_contrast.mp4,HELLO
HELLO/msasl_hello_ASL3_Class_23_Vocabulary.mp4_aug_horizontal_flip.mp4,HELLO
HELLO/msasl_hello_ASL3_Class_23_Vocabulary.mp4_aug_slight_rotation.mp4,HELLO
HELLO/msasl_hello_ASL3_Class_23_Vocabulary.mp4_aug_temporal.mp4,HELLO
HELLO/msasl_hello_ASL_Countries_-_American_Sign_Language_turn_on_captions.mp4,HELLO
HELLO/msasl_hello_ASL_Countries_-_American_Sign_Language_turn_on_captions_aug_brightness_contrast.mp4,HELLO
HELLO/msasl_hello_ASL_Countries_-_American_Sign_Language_turn_on_captions_aug_horizontal_flip.mp4,HELLO
HELLO/msasl_hello_ASL_Countries_-_American_Sign_Language_turn_on_captions_aug_slight_rotation.mp4,HELLO
HELLO/msasl_hello_ASL_Countries_-_American_Sign_Language_turn_on_captions_aug_temporal.mp4,HELLO
HELLO/msasl_hello_ASL_I_-_Unit_1_Vocabulary.mp4,HELLO
HELLO/msasl_hello_ASL_I_-_Unit_1_Vocabulary_aug_brightness_contrast.mp4,HELLO
HELLO/msasl_hello_ASL_I_-_Unit_1_Vocabulary_aug_horizontal_flip.mp4,HELLO
HELLO/msasl_hello_ASL_I_-_Unit_1_Vocabulary_aug_slight_rotation.mp4,HELLO
HELLO/msasl_hello_ASL_I_-_Unit_1_Vocabulary_aug_temporal.mp4,HELLO
HELLO/msasl_hello_ASL_Numbers_1_10_Arkansas_School_for_the_Deaf.mp4.mkv,HELLO
HELLO/msasl_hello_ASL_Numbers_1_10_Arkansas_School_for_the_Deaf.mp4_aug_brightness_contrast.mp4,HELLO
HELLO/msasl_hello_ASL_Numbers_1_10_Arkansas_School_for_the_Deaf.mp4_aug_horizontal_flip.mp4,HELLO
HELLO/msasl_hello_ASL_Numbers_1_10_Arkansas_School_for_the_Deaf.mp4_aug_slight_rotation.mp4,HELLO
HELLO/msasl_hello_ASL_Numbers_1_10_Arkansas_School_for_the_Deaf.mp4_aug_temporal.mp4,HELLO
HELLO/msasl_hello_ASL_Top_ASL_Signs_for_Servers.mp4.mkv,HELLO
HELLO/msasl_hello_ASL_Top_ASL_Signs_for_Servers.mp4_aug_brightness_contrast.mp4,HELLO
HELLO/msasl_hello_ASL_Top_ASL_Signs_for_Servers.mp4_aug_horizontal_flip.mp4,HELLO
HELLO/msasl_hello_ASL_Top_ASL_Signs_for_Servers.mp4_aug_slight_rotation.mp4,HELLO
HELLO/msasl_hello_ASL_Top_ASL_Signs_for_Servers.mp4_aug_temporal.mp4,HELLO
HELLO/msasl_hello_ASL_UNIT_1_VOCAB_signing_naturally.mp4,HELLO
HELLO/msasl_hello_ASL_UNIT_1_VOCAB_signing_naturally_aug_brightness_contrast.mp4,HELLO
HELLO/msasl_hello_ASL_UNIT_1_VOCAB_signing_naturally_aug_horizontal_flip.mp4,HELLO
HELLO/msasl_hello_ASL_UNIT_1_VOCAB_signing_naturally_aug_slight_rotation.mp4,HELLO
HELLO/msasl_hello_ASL_UNIT_1_VOCAB_signing_naturally_aug_temporal.mp4,HELLO
HELLO/msasl_hello_ASL_Unit_5_Vocabulary_-_Clothing_Part_1_and_2_Turn_on_CC.mp4,HELLO
HELLO/msasl_hello_ASL_Unit_5_Vocabulary_-_Clothing_Part_1_and_2_Turn_on_CC_aug_brightness_contrast.mp4,HELLO
HELLO/msasl_hello_ASL_Unit_5_Vocabulary_-_Clothing_Part_1_and_2_Turn_on_CC_aug_horizontal_flip.mp4,HELLO
HELLO/msasl_hello_ASL_Unit_5_Vocabulary_-_Clothing_Part_1_and_2_Turn_on_CC_aug_slight_rotation.mp4,HELLO
HELLO/msasl_hello_ASL_Unit_5_Vocabulary_-_Clothing_Part_1_and_2_Turn_on_CC_aug_temporal.mp4,HELLO
HELLO/msasl_hello_ASL_Unit_One_Vocabulary.mp4,HELLO
HELLO/msasl_hello_ASL_Unit_One_Vocabulary_aug_brightness_contrast.mp4,HELLO
HELLO/msasl_hello_ASL_Unit_One_Vocabulary_aug_horizontal_flip.mp4,HELLO
HELLO/msasl_hello_ASL_Unit_One_Vocabulary_aug_slight_rotation.mp4,HELLO
HELLO/msasl_hello_ASL_Unit_One_Vocabulary_aug_temporal.mp4,HELLO
HELLO/msasl_hello_ASL_Vocabulary_(Spring_2018).mp4.webm,HELLO
HELLO/msasl_hello_ASL_Vocabulary_(Spring_2018).mp4_aug_brightness_contrast.mp4,HELLO
HELLO/msasl_hello_ASL_Vocabulary_(Spring_2018).mp4_aug_horizontal_flip.mp4,HELLO
HELLO/msasl_hello_ASL_Vocabulary_(Spring_2018).mp4_aug_slight_rotation.mp4,HELLO
HELLO/msasl_hello_ASL_Vocabulary_(Spring_2018).mp4_aug_temporal.mp4,HELLO
HELLO/msasl_hello_American_Sign_Language_Learning_the_basics.mp4,HELLO
HELLO/msasl_hello_American_Sign_Language_Learning_the_basics_aug_brightness_contrast.mp4,HELLO
HELLO/msasl_hello_American_Sign_Language_Learning_the_basics_aug_horizontal_flip.mp4,HELLO
HELLO/msasl_hello_American_Sign_Language_Learning_the_basics_aug_slight_rotation.mp4,HELLO
HELLO/msasl_hello_American_Sign_Language_Learning_the_basics_aug_temporal.mp4,HELLO
HELLO/msasl_hello_Aug_to_Oct_Voc_Captions.mp4.mkv,HELLO
HELLO/msasl_hello_Aug_to_Oct_Voc_Captions.mp4_aug_brightness_contrast.mp4,HELLO
HELLO/msasl_hello_Aug_to_Oct_Voc_Captions.mp4_aug_horizontal_flip.mp4,HELLO
HELLO/msasl_hello_Aug_to_Oct_Voc_Captions.mp4_aug_slight_rotation.mp4,HELLO
HELLO/msasl_hello_Aug_to_Oct_Voc_Captions.mp4_aug_temporal.mp4,HELLO
HELLO/msasl_hello_Greetings.mp4.webm,HELLO
HELLO/msasl_hello_Greetings.mp4_aug_brightness_contrast.mp4,HELLO
HELLO/msasl_hello_Greetings.mp4_aug_horizontal_flip.mp4,HELLO
HELLO/msasl_hello_Greetings.mp4_aug_slight_rotation.mp4,HELLO
HELLO/msasl_hello_Greetings.mp4_aug_temporal.mp4,HELLO
HELLO/msasl_hello_HELLO(1).mp4,HELLO
HELLO/msasl_hello_HELLO(1)_aug_brightness_contrast.mp4,HELLO
HELLO/msasl_hello_HELLO(1)_aug_horizontal_flip.mp4,HELLO
HELLO/msasl_hello_HELLO(1)_aug_slight_rotation.mp4,HELLO
HELLO/msasl_hello_HELLO(1)_aug_temporal.mp4,HELLO
HELLO/msasl_hello_Hello_-_Asl.mp4,HELLO
HELLO/msasl_hello_Hello_-_Asl_aug_brightness_contrast.mp4,HELLO
HELLO/msasl_hello_Hello_-_Asl_aug_horizontal_flip.mp4,HELLO
HELLO/msasl_hello_Hello_-_Asl_aug_slight_rotation.mp4,HELLO
HELLO/msasl_hello_Hello_-_Asl_aug_temporal.mp4,HELLO
HELLO/msasl_hello_How_are_you.mp4.mkv,HELLO
HELLO/msasl_hello_How_are_you.mp4_aug_brightness_contrast.mp4,HELLO
HELLO/msasl_hello_How_are_you.mp4_aug_horizontal_flip.mp4,HELLO
HELLO/msasl_hello_How_are_you.mp4_aug_slight_rotation.mp4,HELLO
HELLO/msasl_hello_How_are_you.mp4_aug_temporal.mp4,HELLO
HELLO/msasl_hello_How_to_sign_Hello.mp4.mkv,HELLO
HELLO/msasl_hello_How_to_sign_Hello.mp4_aug_brightness_contrast.mp4,HELLO
HELLO/msasl_hello_How_to_sign_Hello.mp4_aug_horizontal_flip.mp4,HELLO
HELLO/msasl_hello_How_to_sign_Hello.mp4_aug_slight_rotation.mp4,HELLO
HELLO/msasl_hello_How_to_sign_Hello.mp4_aug_temporal.mp4,HELLO
HELLO/msasl_hello_Lesson_1_Vocabulary_-_A_Basic_Course_(ABC)_in_ASL.mp4,HELLO
HELLO/msasl_hello_Lesson_1_Vocabulary_-_A_Basic_Course_(ABC)_in_ASL_aug_brightness_contrast.mp4,HELLO
HELLO/msasl_hello_Lesson_1_Vocabulary_-_A_Basic_Course_(ABC)_in_ASL_aug_horizontal_flip.mp4,HELLO
HELLO/msasl_hello_Lesson_1_Vocabulary_-_A_Basic_Course_(ABC)_in_ASL_aug_slight_rotation.mp4,HELLO
HELLO/msasl_hello_Lesson_1_Vocabulary_-_A_Basic_Course_(ABC)_in_ASL_aug_temporal.mp4,HELLO
HELLO/msasl_hello_Mr_Miseners_ASL_lesson_1_vocab_review.mp4.mkv,HELLO
HELLO/msasl_hello_Mr_Miseners_ASL_lesson_1_vocab_review.mp4_aug_brightness_contrast.mp4,HELLO
HELLO/msasl_hello_Mr_Miseners_ASL_lesson_1_vocab_review.mp4_aug_horizontal_flip.mp4,HELLO
HELLO/msasl_hello_Mr_Miseners_ASL_lesson_1_vocab_review.mp4_aug_slight_rotation.mp4,HELLO
HELLO/msasl_hello_Mr_Miseners_ASL_lesson_1_vocab_review.mp4_aug_temporal.mp4,HELLO
HELLO/msasl_hello_SN_Unit_1_Video_Vocab_Review.mp4.mkv,HELLO
HELLO/msasl_hello_SN_Unit_1_Video_Vocab_Review.mp4_aug_brightness_contrast.mp4,HELLO
HELLO/msasl_hello_SN_Unit_1_Video_Vocab_Review.mp4_aug_horizontal_flip.mp4,HELLO
HELLO/msasl_hello_SN_Unit_1_Video_Vocab_Review.mp4_aug_slight_rotation.mp4,HELLO
HELLO/msasl_hello_SN_Unit_1_Video_Vocab_Review.mp4_aug_temporal.mp4,HELLO
HELLO/msasl_hello_Signing_Naturally_Unit_1_Vocabulary.mp4.webm,HELLO
HELLO/msasl_hello_Signing_Naturally_Unit_1_Vocabulary.mp4_aug_brightness_contrast.mp4,HELLO
HELLO/msasl_hello_Signing_Naturally_Unit_1_Vocabulary.mp4_aug_horizontal_flip.mp4,HELLO
HELLO/msasl_hello_Signing_Naturally_Unit_1_Vocabulary.mp4_aug_slight_rotation.mp4,HELLO
HELLO/msasl_hello_Signing_Naturally_Unit_1_Vocabulary.mp4_aug_temporal.mp4,HELLO
HELLO/msasl_hello_Social_Work_Voc.mp4,HELLO
HELLO/msasl_hello_Social_Work_Voc_aug_brightness_contrast.mp4,HELLO
HELLO/msasl_hello_Social_Work_Voc_aug_horizontal_flip.mp4,HELLO
HELLO/msasl_hello_Social_Work_Voc_aug_slight_rotation.mp4,HELLO
HELLO/msasl_hello_Social_Work_Voc_aug_temporal.mp4,HELLO
HELLO/msasl_hello_The_First_100_Signs_You_Need_to_Know.mp4.webm,HELLO
HELLO/msasl_hello_The_First_100_Signs_You_Need_to_Know.mp4_aug_brightness_contrast.mp4,HELLO
HELLO/msasl_hello_The_First_100_Signs_You_Need_to_Know.mp4_aug_horizontal_flip.mp4,HELLO
HELLO/msasl_hello_The_First_100_Signs_You_Need_to_Know.mp4_aug_slight_rotation.mp4,HELLO
HELLO/msasl_hello_The_First_100_Signs_You_Need_to_Know.mp4_aug_temporal.mp4,HELLO
HELLO/msasl_hello_Unit_01_Vocabulary.mp4.webm,HELLO
HELLO/msasl_hello_Unit_01_Vocabulary.mp4_aug_brightness_contrast.mp4,HELLO
HELLO/msasl_hello_Unit_01_Vocabulary.mp4_aug_horizontal_flip.mp4,HELLO
HELLO/msasl_hello_Unit_01_Vocabulary.mp4_aug_slight_rotation.mp4,HELLO
HELLO/msasl_hello_Unit_01_Vocabulary.mp4_aug_temporal.mp4,HELLO
HELLO/msasl_hello_Unit_1.mp4,HELLO
HELLO/msasl_hello_Unit_1_aug_brightness_contrast.mp4,HELLO
HELLO/msasl_hello_Unit_1_aug_horizontal_flip.mp4,HELLO
HELLO/msasl_hello_Unit_1_aug_slight_rotation.mp4,HELLO
HELLO/msasl_hello_Unit_1_aug_temporal.mp4,HELLO
HELLO/msasl_hello_Unit_17_-_Weather_ASL_(American_Sign_Language)_CC.mp4,HELLO
HELLO/msasl_hello_Unit_17_-_Weather_ASL_(American_Sign_Language)_CC_aug_brightness_contrast.mp4,HELLO
HELLO/msasl_hello_Unit_17_-_Weather_ASL_(American_Sign_Language)_CC_aug_horizontal_flip.mp4,HELLO
HELLO/msasl_hello_Unit_17_-_Weather_ASL_(American_Sign_Language)_CC_aug_slight_rotation.mp4,HELLO
HELLO/msasl_hello_Unit_17_-_Weather_ASL_(American_Sign_Language)_CC_aug_temporal.mp4,HELLO
HELLO/msasl_hello_Unit_1_Vocabulary(3).mp4,HELLO
HELLO/msasl_hello_Unit_1_Vocabulary(3)_aug_brightness_contrast.mp4,HELLO
HELLO/msasl_hello_Unit_1_Vocabulary(3)_aug_horizontal_flip.mp4,HELLO
HELLO/msasl_hello_Unit_1_Vocabulary(3)_aug_slight_rotation.mp4,HELLO
HELLO/msasl_hello_Unit_1_Vocabulary(3)_aug_temporal.mp4,HELLO
HELLO/msasl_hello_Unit_1_Vocabulary.mp4.mkv,HELLO
HELLO/msasl_hello_Unit_1_Vocabulary.mp4_aug_brightness_contrast.mp4,HELLO
HELLO/msasl_hello_Unit_1_Vocabulary.mp4_aug_horizontal_flip.mp4,HELLO
HELLO/msasl_hello_Unit_1_Vocabulary.mp4_aug_slight_rotation.mp4,HELLO
HELLO/msasl_hello_Unit_1_Vocabulary.mp4_aug_temporal.mp4,HELLO
HELLO/msasl_hello_Unit_1_Vocabulary_ASL_Level_1_-_American_Sign_Language.mp4.webm,HELLO
HELLO/msasl_hello_Unit_1_Vocabulary_ASL_Level_1_-_American_Sign_Language.mp4_aug_brightness_contrast.mp4,HELLO
HELLO/msasl_hello_Unit_1_Vocabulary_ASL_Level_1_-_American_Sign_Language.mp4_aug_horizontal_flip.mp4,HELLO
HELLO/msasl_hello_Unit_1_Vocabulary_ASL_Level_1_-_American_Sign_Language.mp4_aug_slight_rotation.mp4,HELLO
HELLO/msasl_hello_Unit_1_Vocabulary_ASL_Level_1_-_American_Sign_Language.mp4_aug_temporal.mp4,HELLO
HELLO/msasl_hello_deaffriendly_ASL_Vocabulary_-_Hotel.mp4,HELLO
HELLO/msasl_hello_deaffriendly_ASL_Vocabulary_-_Hotel_aug_brightness_contrast.mp4,HELLO
HELLO/msasl_hello_deaffriendly_ASL_Vocabulary_-_Hotel_aug_horizontal_flip.mp4,HELLO
HELLO/msasl_hello_deaffriendly_ASL_Vocabulary_-_Hotel_aug_slight_rotation.mp4,HELLO
HELLO/msasl_hello_deaffriendly_ASL_Vocabulary_-_Hotel_aug_temporal.mp4,HELLO
HELP/ASLLVD_HELP__ASL_2007_05_24_scene16-2523-2569_camera1.mov,HELP
HELP/ASLLVD_HELP__ASL_2007_05_24_scene16-2523-2569_camera1_aug_brightness_contrast.mp4,HELP
HELP/ASLLVD_HELP__ASL_2007_05_24_scene16-2523-2569_camera1_aug_horizontal_flip.mp4,HELP
HELP/ASLLVD_HELP__ASL_2007_05_24_scene16-2523-2569_camera1_aug_slight_rotation.mp4,HELP
HELP/ASLLVD_HELP__ASL_2007_05_24_scene16-2523-2569_camera1_aug_temporal.mp4,HELP
HELP/ASLLVD_HELP__ASL_2008_02_01_scene21-1601-1640_camera1.mov,HELP
HELP/ASLLVD_HELP__ASL_2008_02_01_scene21-1601-1640_camera1_aug_brightness_contrast.mp4,HELP
HELP/ASLLVD_HELP__ASL_2008_02_01_scene21-1601-1640_camera1_aug_horizontal_flip.mp4,HELP
HELP/ASLLVD_HELP__ASL_2008_02_01_scene21-1601-1640_camera1_aug_slight_rotation.mp4,HELP
HELP/ASLLVD_HELP__ASL_2008_02_01_scene21-1601-1640_camera1_aug_temporal.mp4,HELP
HELP/ASLLVD_HELP__ASL_2008_02_01_scene21-1795-1836_camera1.mov,HELP
HELP/ASLLVD_HELP__ASL_2008_02_01_scene21-1795-1836_camera1_aug_brightness_contrast.mp4,HELP
HELP/ASLLVD_HELP__ASL_2008_02_01_scene21-1795-1836_camera1_aug_horizontal_flip.mp4,HELP
HELP/ASLLVD_HELP__ASL_2008_02_01_scene21-1795-1836_camera1_aug_slight_rotation.mp4,HELP
HELP/ASLLVD_HELP__ASL_2008_02_01_scene21-1795-1836_camera1_aug_temporal.mp4,HELP
HELP/ASLLVD_HELP__ASL_2008_05_29_scene49-1131-1170_camera1.mov,HELP
HELP/ASLLVD_HELP__ASL_2008_05_29_scene49-1131-1170_camera1_aug_brightness_contrast.mp4,HELP
HELP/ASLLVD_HELP__ASL_2008_05_29_scene49-1131-1170_camera1_aug_horizontal_flip.mp4,HELP
HELP/ASLLVD_HELP__ASL_2008_05_29_scene49-1131-1170_camera1_aug_slight_rotation.mp4,HELP
HELP/ASLLVD_HELP__ASL_2008_05_29_scene49-1131-1170_camera1_aug_temporal.mp4,HELP
HELP/ASLLVD_HELP__ASL_2008_05_29_scene49-1317-1340_camera1.mov,HELP
HELP/ASLLVD_HELP__ASL_2008_05_29_scene49-1317-1340_camera1_aug_brightness_contrast.mp4,HELP
HELP/ASLLVD_HELP__ASL_2008_05_29_scene49-1317-1340_camera1_aug_horizontal_flip.mp4,HELP
HELP/ASLLVD_HELP__ASL_2008_05_29_scene49-1317-1340_camera1_aug_slight_rotation.mp4,HELP
HELP/ASLLVD_HELP__ASL_2008_05_29_scene49-1317-1340_camera1_aug_temporal.mp4,HELP
HELP/ASLLVD_HELP__ASL_2008_08_13_scene17-1711-1730_camera1.mov,HELP
HELP/ASLLVD_HELP__ASL_2008_08_13_scene17-1711-1730_camera1_aug_brightness_contrast.mp4,HELP
HELP/ASLLVD_HELP__ASL_2008_08_13_scene17-1711-1730_camera1_aug_horizontal_flip.mp4,HELP
HELP/ASLLVD_HELP__ASL_2008_08_13_scene17-1711-1730_camera1_aug_slight_rotation.mp4,HELP
HELP/ASLLVD_HELP__ASL_2008_08_13_scene17-1711-1730_camera1_aug_temporal.mp4,HELP
HELP/ASLLVD_HELP__ASL_2008_08_13_scene17-1960-1978_camera1.mov,HELP
HELP/ASLLVD_HELP__ASL_2008_08_13_scene17-1960-1978_camera1_aug_brightness_contrast.mp4,HELP
HELP/ASLLVD_HELP__ASL_2008_08_13_scene17-1960-1978_camera1_aug_horizontal_flip.mp4,HELP
HELP/ASLLVD_HELP__ASL_2008_08_13_scene17-1960-1978_camera1_aug_slight_rotation.mp4,HELP
HELP/ASLLVD_HELP__ASL_2008_08_13_scene17-1960-1978_camera1_aug_temporal.mp4,HELP
HELP/ASLLVD_HELP__ASL_2011_06_14_scene33-5332-5356_camera1.mov,HELP
HELP/ASLLVD_HELP__ASL_2011_06_14_scene33-5332-5356_camera1_aug_brightness_contrast.mp4,HELP
HELP/ASLLVD_HELP__ASL_2011_06_14_scene33-5332-5356_camera1_aug_horizontal_flip.mp4,HELP
HELP/ASLLVD_HELP__ASL_2011_06_14_scene33-5332-5356_camera1_aug_slight_rotation.mp4,HELP
HELP/ASLLVD_HELP__ASL_2011_06_14_scene33-5332-5356_camera1_aug_temporal.mp4,HELP
HELP/desktop.ini,HELP
HELP/desktop_aug_brightness_contrast.mp4,HELP
HELP/desktop_aug_horizontal_flip.mp4,HELP
HELP/desktop_aug_slight_rotation.mp4,HELP
HELP/desktop_aug_temporal.mp4,HELP
HELP/msasl_help_ASL1_Class_7_New_SIGNS.mp4.mkv,HELP
HELP/msasl_help_ASL1_Class_7_New_SIGNS.mp4_aug_brightness_contrast.mp4,HELP
HELP/msasl_help_ASL1_Class_7_New_SIGNS.mp4_aug_horizontal_flip.mp4,HELP
HELP/msasl_help_ASL1_Class_7_New_SIGNS.mp4_aug_slight_rotation.mp4,HELP
HELP/msasl_help_ASL1_Class_7_New_SIGNS.mp4_aug_temporal.mp4,HELP
HELP/msasl_help_ASL_-_ASL_Necessities_for_ASL_1.mp4.mkv,HELP
HELP/msasl_help_ASL_-_ASL_Necessities_for_ASL_1.mp4_aug_brightness_contrast.mp4,HELP
HELP/msasl_help_ASL_-_ASL_Necessities_for_ASL_1.mp4_aug_horizontal_flip.mp4,HELP
HELP/msasl_help_ASL_-_ASL_Necessities_for_ASL_1.mp4_aug_slight_rotation.mp4,HELP
HELP/msasl_help_ASL_-_ASL_Necessities_for_ASL_1.mp4_aug_temporal.mp4,HELP
HELP/msasl_help_ASL_ACTIONS.mp4.mkv,HELP
HELP/msasl_help_ASL_ACTIONS.mp4_aug_brightness_contrast.mp4,HELP
HELP/msasl_help_ASL_ACTIONS.mp4_aug_horizontal_flip.mp4,HELP
HELP/msasl_help_ASL_ACTIONS.mp4_aug_slight_rotation.mp4,HELP
HELP/msasl_help_ASL_ACTIONS.mp4_aug_temporal.mp4,HELP
HELP/msasl_help_ASL_Basic_Classroom_Signs.mp4.mkv,HELP
HELP/msasl_help_ASL_Basic_Classroom_Signs.mp4_aug_brightness_contrast.mp4,HELP
HELP/msasl_help_ASL_Basic_Classroom_Signs.mp4_aug_horizontal_flip.mp4,HELP
HELP/msasl_help_ASL_Basic_Classroom_Signs.mp4_aug_slight_rotation.mp4,HELP
HELP/msasl_help_ASL_Basic_Classroom_Signs.mp4_aug_temporal.mp4,HELP
HELP/msasl_help_ASL_Class_02-08-10.mp4.mkv,HELP
HELP/msasl_help_ASL_Class_02-08-10.mp4_aug_brightness_contrast.mp4,HELP
HELP/msasl_help_ASL_Class_02-08-10.mp4_aug_horizontal_flip.mp4,HELP
HELP/msasl_help_ASL_Class_02-08-10.mp4_aug_slight_rotation.mp4,HELP
HELP/msasl_help_ASL_Class_02-08-10.mp4_aug_temporal.mp4,HELP
HELP/msasl_help_ASL_Vocabulary_help.mp4.mkv,HELP
HELP/msasl_help_ASL_Vocabulary_help.mp4_aug_brightness_contrast.mp4,HELP
HELP/msasl_help_ASL_Vocabulary_help.mp4_aug_horizontal_flip.mp4,HELP
HELP/msasl_help_ASL_Vocabulary_help.mp4_aug_slight_rotation.mp4,HELP
HELP/msasl_help_ASL_Vocabulary_help.mp4_aug_temporal.mp4,HELP
HELP/msasl_help_ASL_conversational_signs.mp4,HELP
HELP/msasl_help_ASL_conversational_signs_aug_brightness_contrast.mp4,HELP
HELP/msasl_help_ASL_conversational_signs_aug_horizontal_flip.mp4,HELP
HELP/msasl_help_ASL_conversational_signs_aug_slight_rotation.mp4,HELP
HELP/msasl_help_ASL_conversational_signs_aug_temporal.mp4,HELP
HELP/msasl_help_American_Sign_Language_Learning_the_basics.mp4,HELP
HELP/msasl_help_American_Sign_Language_Learning_the_basics_aug_brightness_contrast.mp4,HELP
HELP/msasl_help_American_Sign_Language_Learning_the_basics_aug_horizontal_flip.mp4,HELP
HELP/msasl_help_American_Sign_Language_Learning_the_basics_aug_slight_rotation.mp4,HELP
HELP/msasl_help_American_Sign_Language_Learning_the_basics_aug_temporal.mp4,HELP
HELP/msasl_help_Aug_to_Oct_Voc_Captions.mp4.mkv,HELP
HELP/msasl_help_Aug_to_Oct_Voc_Captions.mp4_aug_brightness_contrast.mp4,HELP
HELP/msasl_help_Aug_to_Oct_Voc_Captions.mp4_aug_horizontal_flip.mp4,HELP
HELP/msasl_help_Aug_to_Oct_Voc_Captions.mp4_aug_slight_rotation.mp4,HELP
HELP/msasl_help_Aug_to_Oct_Voc_Captions.mp4_aug_temporal.mp4,HELP
HELP/msasl_help_Basic_ASL_Vocabulary_for_Babies.mp4,HELP
HELP/msasl_help_Basic_ASL_Vocabulary_for_Babies_aug_brightness_contrast.mp4,HELP
HELP/msasl_help_Basic_ASL_Vocabulary_for_Babies_aug_horizontal_flip.mp4,HELP
HELP/msasl_help_Basic_ASL_Vocabulary_for_Babies_aug_slight_rotation.mp4,HELP
HELP/msasl_help_Basic_ASL_Vocabulary_for_Babies_aug_temporal.mp4,HELP
HELP/msasl_help_Basic_Sign_Language_for_Caregivers_of_the_DeafHard_of_Hearing.mp4.webm,HELP
HELP/msasl_help_Basic_Sign_Language_for_Caregivers_of_the_DeafHard_of_Hearing.mp4_aug_brightness_contrast.mp4,HELP
HELP/msasl_help_Basic_Sign_Language_for_Caregivers_of_the_DeafHard_of_Hearing.mp4_aug_horizontal_flip.mp4,HELP
HELP/msasl_help_Basic_Sign_Language_for_Caregivers_of_the_DeafHard_of_Hearing.mp4_aug_slight_rotation.mp4,HELP
HELP/msasl_help_Basic_Sign_Language_for_Caregivers_of_the_DeafHard_of_Hearing.mp4_aug_temporal.mp4,HELP
HELP/msasl_help_Directionality.mp4,HELP
HELP/msasl_help_Directionality_aug_brightness_contrast.mp4,HELP
HELP/msasl_help_Directionality_aug_horizontal_flip.mp4,HELP
HELP/msasl_help_Directionality_aug_slight_rotation.mp4,HELP
HELP/msasl_help_Directionality_aug_temporal.mp4,HELP
HELP/msasl_help_Examples_of_Baby_Sign_Language.mp4,HELP
HELP/msasl_help_Examples_of_Baby_Sign_Language_aug_brightness_contrast.mp4,HELP
HELP/msasl_help_Examples_of_Baby_Sign_Language_aug_horizontal_flip.mp4,HELP
HELP/msasl_help_Examples_of_Baby_Sign_Language_aug_slight_rotation.mp4,HELP
HELP/msasl_help_Examples_of_Baby_Sign_Language_aug_temporal.mp4,HELP
HELP/msasl_help_Examples_of_Baby_Sign_Language.mp4.mkv,HELP
HELP/msasl_help_Examples_of_Baby_Sign_Language.mp4_aug_brightness_contrast.mp4,HELP
HELP/msasl_help_Examples_of_Baby_Sign_Language.mp4_aug_horizontal_flip.mp4,HELP
HELP/msasl_help_Examples_of_Baby_Sign_Language.mp4_aug_slight_rotation.mp4,HELP
HELP/msasl_help_Examples_of_Baby_Sign_Language.mp4_aug_temporal.mp4,HELP
HELP/msasl_help_HELP(1).mp4.webm,HELP
HELP/msasl_help_HELP(1).mp4_aug_brightness_contrast.mp4,HELP
HELP/msasl_help_HELP(1).mp4_aug_horizontal_flip.mp4,HELP
HELP/msasl_help_HELP(1).mp4_aug_slight_rotation.mp4,HELP
HELP/msasl_help_HELP(1).mp4_aug_temporal.mp4,HELP
HELP/msasl_help_Help.mp4.mkv,HELP
HELP/msasl_help_Help.mp4_aug_brightness_contrast.mp4,HELP
HELP/msasl_help_Help.mp4_aug_horizontal_flip.mp4,HELP
HELP/msasl_help_Help.mp4_aug_slight_rotation.mp4,HELP
HELP/msasl_help_Help.mp4_aug_temporal.mp4,HELP
HELP/msasl_help_Help_-_Asl.mp4,HELP
HELP/msasl_help_Help_-_Asl_aug_brightness_contrast.mp4,HELP
HELP/msasl_help_Help_-_Asl_aug_horizontal_flip.mp4,HELP
HELP/msasl_help_Help_-_Asl_aug_slight_rotation.mp4,HELP
HELP/msasl_help_Help_-_Asl_aug_temporal.mp4,HELP
HELP/msasl_help_Help_in_Sign_Language_ASL_Dictionary_for_kids.mp4.webm,HELP
HELP/msasl_help_Help_in_Sign_Language_ASL_Dictionary_for_kids.mp4_aug_brightness_contrast.mp4,HELP
HELP/msasl_help_Help_in_Sign_Language_ASL_Dictionary_for_kids.mp4_aug_horizontal_flip.mp4,HELP
HELP/msasl_help_Help_in_Sign_Language_ASL_Dictionary_for_kids.mp4_aug_slight_rotation.mp4,HELP
HELP/msasl_help_Help_in_Sign_Language_ASL_Dictionary_for_kids.mp4_aug_temporal.mp4,HELP
HELP/msasl_help_Lesson_6_Vocabulary_-_A_Basic_Course_(ABC)_in_ASL.mp4.mkv,HELP
HELP/msasl_help_Lesson_6_Vocabulary_-_A_Basic_Course_(ABC)_in_ASL.mp4_aug_brightness_contrast.mp4,HELP
HELP/msasl_help_Lesson_6_Vocabulary_-_A_Basic_Course_(ABC)_in_ASL.mp4_aug_horizontal_flip.mp4,HELP
HELP/msasl_help_Lesson_6_Vocabulary_-_A_Basic_Course_(ABC)_in_ASL.mp4_aug_slight_rotation.mp4,HELP
HELP/msasl_help_Lesson_6_Vocabulary_-_A_Basic_Course_(ABC)_in_ASL.mp4_aug_temporal.mp4,HELP
HELP/msasl_help_Medical_Vocabulary_in_ASL_for_EMS_employees.mp4.mkv,HELP
HELP/msasl_help_Medical_Vocabulary_in_ASL_for_EMS_employees.mp4_aug_brightness_contrast.mp4,HELP
HELP/msasl_help_Medical_Vocabulary_in_ASL_for_EMS_employees.mp4_aug_horizontal_flip.mp4,HELP
HELP/msasl_help_Medical_Vocabulary_in_ASL_for_EMS_employees.mp4_aug_slight_rotation.mp4,HELP
HELP/msasl_help_Medical_Vocabulary_in_ASL_for_EMS_employees.mp4_aug_temporal.mp4,HELP
HELP/msasl_help_Mr_Miseners_ASL_lesson_6_vocab.mp4.mkv,HELP
HELP/msasl_help_Mr_Miseners_ASL_lesson_6_vocab.mp4_aug_brightness_contrast.mp4,HELP
HELP/msasl_help_Mr_Miseners_ASL_lesson_6_vocab.mp4_aug_horizontal_flip.mp4,HELP
HELP/msasl_help_Mr_Miseners_ASL_lesson_6_vocab.mp4_aug_slight_rotation.mp4,HELP
HELP/msasl_help_Mr_Miseners_ASL_lesson_6_vocab.mp4_aug_temporal.mp4,HELP
HELP/msasl_help_Outdoor_Play_Signs_2_in_ASL.mp4.mkv,HELP
HELP/msasl_help_Outdoor_Play_Signs_2_in_ASL.mp4_aug_brightness_contrast.mp4,HELP
HELP/msasl_help_Outdoor_Play_Signs_2_in_ASL.mp4_aug_horizontal_flip.mp4,HELP
HELP/msasl_help_Outdoor_Play_Signs_2_in_ASL.mp4_aug_slight_rotation.mp4,HELP
HELP/msasl_help_Outdoor_Play_Signs_2_in_ASL.mp4_aug_temporal.mp4,HELP
HELP/msasl_help_Unit_03_Vocabulary.mp4.webm,HELP
HELP/msasl_help_Unit_03_Vocabulary.mp4_aug_brightness_contrast.mp4,HELP
HELP/msasl_help_Unit_03_Vocabulary.mp4_aug_horizontal_flip.mp4,HELP
HELP/msasl_help_Unit_03_Vocabulary.mp4_aug_slight_rotation.mp4,HELP
HELP/msasl_help_Unit_03_Vocabulary.mp4_aug_temporal.mp4,HELP
HELP/msasl_help_Unit_14_Vocabulary_Part_2.mp4,HELP
HELP/msasl_help_Unit_14_Vocabulary_Part_2_aug_brightness_contrast.mp4,HELP
HELP/msasl_help_Unit_14_Vocabulary_Part_2_aug_horizontal_flip.mp4,HELP
HELP/msasl_help_Unit_14_Vocabulary_Part_2_aug_slight_rotation.mp4,HELP
HELP/msasl_help_Unit_14_Vocabulary_Part_2_aug_temporal.mp4,HELP
HELP/msasl_help_Unit_3.mp4.mkv,HELP
HELP/msasl_help_Unit_3.mp4_aug_brightness_contrast.mp4,HELP
HELP/msasl_help_Unit_3.mp4_aug_horizontal_flip.mp4,HELP
HELP/msasl_help_Unit_3.mp4_aug_slight_rotation.mp4,HELP
HELP/msasl_help_Unit_3.mp4_aug_temporal.mp4,HELP
HELP/msasl_help_Unit_3_Vocabulary.mp4,HELP
HELP/msasl_help_Unit_3_Vocabulary_aug_brightness_contrast.mp4,HELP
HELP/msasl_help_Unit_3_Vocabulary_aug_horizontal_flip.mp4,HELP
HELP/msasl_help_Unit_3_Vocabulary_aug_slight_rotation.mp4,HELP
HELP/msasl_help_Unit_3_Vocabulary_aug_temporal.mp4,HELP
HELP/msasl_help_Unit_4_Vocabulary_(part_2)_ASL_American_Sign_Language.mp4,HELP
HELP/msasl_help_Unit_4_Vocabulary_(part_2)_ASL_American_Sign_Language_aug_brightness_contrast.mp4,HELP
HELP/msasl_help_Unit_4_Vocabulary_(part_2)_ASL_American_Sign_Language_aug_horizontal_flip.mp4,HELP
HELP/msasl_help_Unit_4_Vocabulary_(part_2)_ASL_American_Sign_Language_aug_slight_rotation.mp4,HELP
HELP/msasl_help_Unit_4_Vocabulary_(part_2)_ASL_American_Sign_Language_aug_temporal.mp4,HELP
HELP/msasl_help_Useful_vocab.mp4,HELP
HELP/msasl_help_Useful_vocab_aug_brightness_contrast.mp4,HELP
HELP/msasl_help_Useful_vocab_aug_horizontal_flip.mp4,HELP
HELP/msasl_help_Useful_vocab_aug_slight_rotation.mp4,HELP
HELP/msasl_help_Useful_vocab_aug_temporal.mp4,HELP
HELP/msasl_help_aid-HELP(1).mp4.mkv,HELP
HELP/msasl_help_aid-HELP(1).mp4_aug_brightness_contrast.mp4,HELP
HELP/msasl_help_aid-HELP(1).mp4_aug_horizontal_flip.mp4,HELP
HELP/msasl_help_aid-HELP(1).mp4_aug_slight_rotation.mp4,HELP
HELP/msasl_help_aid-HELP(1).mp4_aug_temporal.mp4,HELP
HELP/msasl_help_aid-HELP.mp4.mkv,HELP
HELP/msasl_help_aid-HELP.mp4_aug_brightness_contrast.mp4,HELP
HELP/msasl_help_aid-HELP.mp4_aug_horizontal_flip.mp4,HELP
HELP/msasl_help_aid-HELP.mp4_aug_slight_rotation.mp4,HELP
HELP/msasl_help_aid-HELP.mp4_aug_temporal.mp4,HELP
HELP/msasl_help_aide_assistant.mp4.mkv,HELP
HELP/msasl_help_aide_assistant.mp4_aug_brightness_contrast.mp4,HELP
HELP/msasl_help_aide_assistant.mp4_aug_horizontal_flip.mp4,HELP
HELP/msasl_help_aide_assistant.mp4_aug_slight_rotation.mp4,HELP
HELP/msasl_help_aide_assistant.mp4_aug_temporal.mp4,HELP
HELP/msasl_help_deaffriendly_ASL_Vocabulary_-_Hotel.mp4,HELP
HELP/msasl_help_deaffriendly_ASL_Vocabulary_-_Hotel_aug_brightness_contrast.mp4,HELP
HELP/msasl_help_deaffriendly_ASL_Vocabulary_-_Hotel_aug_horizontal_flip.mp4,HELP
HELP/msasl_help_deaffriendly_ASL_Vocabulary_-_Hotel_aug_slight_rotation.mp4,HELP
HELP/msasl_help_deaffriendly_ASL_Vocabulary_-_Hotel_aug_temporal.mp4,HELP
HELP/msasl_help_help_-_ASL_sign_for_help.mp4.mkv,HELP
HELP/msasl_help_help_-_ASL_sign_for_help.mp4_aug_brightness_contrast.mp4,HELP
HELP/msasl_help_help_-_ASL_sign_for_help.mp4_aug_horizontal_flip.mp4,HELP
HELP/msasl_help_help_-_ASL_sign_for_help.mp4_aug_slight_rotation.mp4,HELP
HELP/msasl_help_help_-_ASL_sign_for_help.mp4_aug_temporal.mp4,HELP
HELP/wlasl_27206.mp4,HELP
HELP/wlasl_27206_aug_brightness_contrast.mp4,HELP
HELP/wlasl_27206_aug_horizontal_flip.mp4,HELP
HELP/wlasl_27206_aug_slight_rotation.mp4,HELP
HELP/wlasl_27206_aug_temporal.mp4,HELP
HELP/wlasl_27207.mp4,HELP
HELP/wlasl_27207_aug_brightness_contrast.mp4,HELP
HELP/wlasl_27207_aug_horizontal_flip.mp4,HELP
HELP/wlasl_27207_aug_slight_rotation.mp4,HELP
HELP/wlasl_27207_aug_temporal.mp4,HELP
HELP/wlasl_27208.mp4,HELP
HELP/wlasl_27208_aug_brightness_contrast.mp4,HELP
HELP/wlasl_27208_aug_horizontal_flip.mp4,HELP
HELP/wlasl_27208_aug_slight_rotation.mp4,HELP
HELP/wlasl_27208_aug_temporal.mp4,HELP
HELP/wlasl_27209.mp4,HELP
HELP/wlasl_27209_aug_brightness_contrast.mp4,HELP
HELP/wlasl_27209_aug_horizontal_flip.mp4,HELP
HELP/wlasl_27209_aug_slight_rotation.mp4,HELP
HELP/wlasl_27209_aug_temporal.mp4,HELP
HELP/wlasl_27213.mp4,HELP
HELP/wlasl_27213_aug_brightness_contrast.mp4,HELP
HELP/wlasl_27213_aug_horizontal_flip.mp4,HELP
HELP/wlasl_27213_aug_slight_rotation.mp4,HELP
HELP/wlasl_27213_aug_temporal.mp4,HELP
HELP/wlasl_27214.mp4,HELP
HELP/wlasl_27214_aug_brightness_contrast.mp4,HELP
HELP/wlasl_27214_aug_horizontal_flip.mp4,HELP
HELP/wlasl_27214_aug_slight_rotation.mp4,HELP
HELP/wlasl_27214_aug_temporal.mp4,HELP
HELP/wlasl_27215.mp4,HELP
HELP/wlasl_27215_aug_brightness_contrast.mp4,HELP
HELP/wlasl_27215_aug_horizontal_flip.mp4,HELP
HELP/wlasl_27215_aug_slight_rotation.mp4,HELP
HELP/wlasl_27215_aug_temporal.mp4,HELP
HELP/wlasl_27216.mp4,HELP
HELP/wlasl_27216_aug_brightness_contrast.mp4,HELP
HELP/wlasl_27216_aug_horizontal_flip.mp4,HELP
HELP/wlasl_27216_aug_slight_rotation.mp4,HELP
HELP/wlasl_27216_aug_temporal.mp4,HELP
HELP/wlasl_27217.mp4,HELP
HELP/wlasl_27217_aug_brightness_contrast.mp4,HELP
HELP/wlasl_27217_aug_horizontal_flip.mp4,HELP
HELP/wlasl_27217_aug_slight_rotation.mp4,HELP
HELP/wlasl_27217_aug_temporal.mp4,HELP
HELP/wlasl_69364.mp4,HELP
HELP/wlasl_69364_aug_brightness_contrast.mp4,HELP
HELP/wlasl_69364_aug_horizontal_flip.mp4,HELP
HELP/wlasl_69364_aug_slight_rotation.mp4,HELP
HELP/wlasl_69364_aug_temporal.mp4,HELP
HOME/ASLLVD_HOME__ASL_2007_05_24_scene18-303-342_camera1.mov,HOME
HOME/ASLLVD_HOME__ASL_2007_05_24_scene18-303-342_camera1_aug_brightness_contrast.mp4,HOME
HOME/ASLLVD_HOME__ASL_2007_05_24_scene18-303-342_camera1_aug_horizontal_flip.mp4,HOME
HOME/ASLLVD_HOME__ASL_2007_05_24_scene18-303-342_camera1_aug_slight_rotation.mp4,HOME
HOME/ASLLVD_HOME__ASL_2007_05_24_scene18-303-342_camera1_aug_temporal.mp4,HOME
HOME/ASLLVD_HOME__ASL_2008_02_01_scene23-2780-2820_camera1.mov,HOME
HOME/ASLLVD_HOME__ASL_2008_02_01_scene23-2780-2820_camera1_aug_brightness_contrast.mp4,HOME
HOME/ASLLVD_HOME__ASL_2008_02_01_scene23-2780-2820_camera1_aug_horizontal_flip.mp4,HOME
HOME/ASLLVD_HOME__ASL_2008_02_01_scene23-2780-2820_camera1_aug_slight_rotation.mp4,HOME
HOME/ASLLVD_HOME__ASL_2008_02_01_scene23-2780-2820_camera1_aug_temporal.mp4,HOME
HOME/ASLLVD_HOME__ASL_2008_05_29_scene51-2562-2585_camera1.mov,HOME
HOME/ASLLVD_HOME__ASL_2008_05_29_scene51-2562-2585_camera1_aug_brightness_contrast.mp4,HOME
HOME/ASLLVD_HOME__ASL_2008_05_29_scene51-2562-2585_camera1_aug_horizontal_flip.mp4,HOME
HOME/ASLLVD_HOME__ASL_2008_05_29_scene51-2562-2585_camera1_aug_slight_rotation.mp4,HOME
HOME/ASLLVD_HOME__ASL_2008_05_29_scene51-2562-2585_camera1_aug_temporal.mp4,HOME
HOME/ASLLVD_HOME__ASL_2008_08_13_scene19-4800-4822_camera1.mov,HOME
HOME/ASLLVD_HOME__ASL_2008_08_13_scene19-4800-4822_camera1_aug_brightness_contrast.mp4,HOME
HOME/ASLLVD_HOME__ASL_2008_08_13_scene19-4800-4822_camera1_aug_horizontal_flip.mp4,HOME
HOME/ASLLVD_HOME__ASL_2008_08_13_scene19-4800-4822_camera1_aug_slight_rotation.mp4,HOME
HOME/ASLLVD_HOME__ASL_2008_08_13_scene19-4800-4822_camera1_aug_temporal.mp4,HOME
HOME/ASLLVD_HOME__ASL_2011_06_14_scene35-2469-2489_camera1.mov,HOME
HOME/ASLLVD_HOME__ASL_2011_06_14_scene35-2469-2489_camera1_aug_brightness_contrast.mp4,HOME
HOME/ASLLVD_HOME__ASL_2011_06_14_scene35-2469-2489_camera1_aug_horizontal_flip.mp4,HOME
HOME/ASLLVD_HOME__ASL_2011_06_14_scene35-2469-2489_camera1_aug_slight_rotation.mp4,HOME
HOME/ASLLVD_HOME__ASL_2011_06_14_scene35-2469-2489_camera1_aug_temporal.mp4,HOME
HOME/ASLLVD_HOME__ASL_2011_07_19_scene23-237-263_camera1.mov,HOME
HOME/ASLLVD_HOME__ASL_2011_07_19_scene23-237-263_camera1_aug_brightness_contrast.mp4,HOME
HOME/ASLLVD_HOME__ASL_2011_07_19_scene23-237-263_camera1_aug_horizontal_flip.mp4,HOME
HOME/ASLLVD_HOME__ASL_2011_07_19_scene23-237-263_camera1_aug_slight_rotation.mp4,HOME
HOME/ASLLVD_HOME__ASL_2011_07_19_scene23-237-263_camera1_aug_temporal.mp4,HOME
HOME/desktop.ini,HOME
HOME/desktop_aug_brightness_contrast.mp4,HOME
HOME/desktop_aug_horizontal_flip.mp4,HOME
HOME/desktop_aug_slight_rotation.mp4,HOME
HOME/desktop_aug_temporal.mp4,HOME
HOME/msasl_home_ASL1_Class_9_New_SIGNS.mp4.mkv,HOME
HOME/msasl_home_ASL1_Class_9_New_SIGNS.mp4_aug_brightness_contrast.mp4,HOME
HOME/msasl_home_ASL1_Class_9_New_SIGNS.mp4_aug_horizontal_flip.mp4,HOME
HOME/msasl_home_ASL1_Class_9_New_SIGNS.mp4_aug_slight_rotation.mp4,HOME
HOME/msasl_home_ASL1_Class_9_New_SIGNS.mp4_aug_temporal.mp4,HOME
HOME/msasl_home_ASL_1_Unit_3_Vocabulary.mp4.mkv,HOME
HOME/msasl_home_ASL_1_Unit_3_Vocabulary.mp4_aug_brightness_contrast.mp4,HOME
HOME/msasl_home_ASL_1_Unit_3_Vocabulary.mp4_aug_horizontal_flip.mp4,HOME
HOME/msasl_home_ASL_1_Unit_3_Vocabulary.mp4_aug_slight_rotation.mp4,HOME
HOME/msasl_home_ASL_1_Unit_3_Vocabulary.mp4_aug_temporal.mp4,HOME
HOME/msasl_home_ASL_Home_.mp4.mkv,HOME
HOME/msasl_home_ASL_Home_.mp4_aug_brightness_contrast.mp4,HOME
HOME/msasl_home_ASL_Home_.mp4_aug_horizontal_flip.mp4,HOME
HOME/msasl_home_ASL_Home_.mp4_aug_slight_rotation.mp4,HOME
HOME/msasl_home_ASL_Home_.mp4_aug_temporal.mp4,HOME
HOME/msasl_home_ASL_I_-_Unit_6_Vocabulary_Review.mp4.mkv,HOME
HOME/msasl_home_ASL_I_-_Unit_6_Vocabulary_Review.mp4_aug_brightness_contrast.mp4,HOME
HOME/msasl_home_ASL_I_-_Unit_6_Vocabulary_Review.mp4_aug_horizontal_flip.mp4,HOME
HOME/msasl_home_ASL_I_-_Unit_6_Vocabulary_Review.mp4_aug_slight_rotation.mp4,HOME
HOME/msasl_home_ASL_I_-_Unit_6_Vocabulary_Review.mp4_aug_temporal.mp4,HOME
HOME/msasl_home_ASL_Level_1_Unit_6_Vocabulary.mp4.mkv,HOME
HOME/msasl_home_ASL_Level_1_Unit_6_Vocabulary.mp4_aug_brightness_contrast.mp4,HOME
HOME/msasl_home_ASL_Level_1_Unit_6_Vocabulary.mp4_aug_horizontal_flip.mp4,HOME
HOME/msasl_home_ASL_Level_1_Unit_6_Vocabulary.mp4_aug_slight_rotation.mp4,HOME
HOME/msasl_home_ASL_Level_1_Unit_6_Vocabulary.mp4_aug_temporal.mp4,HOME
HOME/msasl_home_Amazing_Grace.mp4,HOME
HOME/msasl_home_Amazing_Grace_aug_brightness_contrast.mp4,HOME
HOME/msasl_home_Amazing_Grace_aug_horizontal_flip.mp4,HOME
HOME/msasl_home_Amazing_Grace_aug_slight_rotation.mp4,HOME
HOME/msasl_home_Amazing_Grace_aug_temporal.mp4,HOME
HOME/msasl_home_BASIC_preschool_signs.mp4.mkv,HOME
HOME/msasl_home_BASIC_preschool_signs.mp4_aug_brightness_contrast.mp4,HOME
HOME/msasl_home_BASIC_preschool_signs.mp4_aug_horizontal_flip.mp4,HOME
HOME/msasl_home_BASIC_preschool_signs.mp4_aug_slight_rotation.mp4,HOME
HOME/msasl_home_BASIC_preschool_signs.mp4_aug_temporal.mp4,HOME
HOME/msasl_home_Basic_ASL_Vocabulary_for_Babies.mp4,HOME
HOME/msasl_home_Basic_ASL_Vocabulary_for_Babies_aug_brightness_contrast.mp4,HOME
HOME/msasl_home_Basic_ASL_Vocabulary_for_Babies_aug_horizontal_flip.mp4,HOME
HOME/msasl_home_Basic_ASL_Vocabulary_for_Babies_aug_slight_rotation.mp4,HOME
HOME/msasl_home_Basic_ASL_Vocabulary_for_Babies_aug_temporal.mp4,HOME
HOME/msasl_home_Basic_Sign_Language_for_Caregivers_of_the_DeafHard_of_Hearing.mp4,HOME
HOME/msasl_home_Basic_Sign_Language_for_Caregivers_of_the_DeafHard_of_Hearing_aug_brightness_contrast.mp4,HOME
HOME/msasl_home_Basic_Sign_Language_for_Caregivers_of_the_DeafHard_of_Hearing_aug_horizontal_flip.mp4,HOME
HOME/msasl_home_Basic_Sign_Language_for_Caregivers_of_the_DeafHard_of_Hearing_aug_slight_rotation.mp4,HOME
HOME/msasl_home_Basic_Sign_Language_for_Caregivers_of_the_DeafHard_of_Hearing_aug_temporal.mp4,HOME
HOME/msasl_home_HOME(2).mp4,HOME
HOME/msasl_home_HOME(2)_aug_brightness_contrast.mp4,HOME
HOME/msasl_home_HOME(2)_aug_horizontal_flip.mp4,HOME
HOME/msasl_home_HOME(2)_aug_slight_rotation.mp4,HOME
HOME/msasl_home_HOME(2)_aug_temporal.mp4,HOME
HOME/msasl_home_HOME(3).mp4.mkv,HOME
HOME/msasl_home_HOME(3).mp4_aug_brightness_contrast.mp4,HOME
HOME/msasl_home_HOME(3).mp4_aug_horizontal_flip.mp4,HOME
HOME/msasl_home_HOME(3).mp4_aug_slight_rotation.mp4,HOME
HOME/msasl_home_HOME(3).mp4_aug_temporal.mp4,HOME
HOME/msasl_home_Home.mp4.mkv,HOME
HOME/msasl_home_Home.mp4_aug_brightness_contrast.mp4,HOME
HOME/msasl_home_Home.mp4_aug_horizontal_flip.mp4,HOME
HOME/msasl_home_Home.mp4_aug_slight_rotation.mp4,HOME
HOME/msasl_home_Home.mp4_aug_temporal.mp4,HOME
HOME/msasl_home_Learn_American_Sign_Language_Basic_Vocabulary.mp4,HOME
HOME/msasl_home_Learn_American_Sign_Language_Basic_Vocabulary_aug_brightness_contrast.mp4,HOME
HOME/msasl_home_Learn_American_Sign_Language_Basic_Vocabulary_aug_horizontal_flip.mp4,HOME
HOME/msasl_home_Learn_American_Sign_Language_Basic_Vocabulary_aug_slight_rotation.mp4,HOME
HOME/msasl_home_Learn_American_Sign_Language_Basic_Vocabulary_aug_temporal.mp4,HOME
HOME/msasl_home_Lesson_3_Vocabulary_-_A_Basic_Course_(ABC)_in_ASL.mp4.mkv,HOME
HOME/msasl_home_Lesson_3_Vocabulary_-_A_Basic_Course_(ABC)_in_ASL.mp4_aug_brightness_contrast.mp4,HOME
HOME/msasl_home_Lesson_3_Vocabulary_-_A_Basic_Course_(ABC)_in_ASL.mp4_aug_horizontal_flip.mp4,HOME
HOME/msasl_home_Lesson_3_Vocabulary_-_A_Basic_Course_(ABC)_in_ASL.mp4_aug_slight_rotation.mp4,HOME
HOME/msasl_home_Lesson_3_Vocabulary_-_A_Basic_Course_(ABC)_in_ASL.mp4_aug_temporal.mp4,HOME
HOME/msasl_home_Robber_and_the_Geek_Vocab_video_for_ASL_class.mp4,HOME
HOME/msasl_home_Robber_and_the_Geek_Vocab_video_for_ASL_class_aug_brightness_contrast.mp4,HOME
HOME/msasl_home_Robber_and_the_Geek_Vocab_video_for_ASL_class_aug_horizontal_flip.mp4,HOME
HOME/msasl_home_Robber_and_the_Geek_Vocab_video_for_ASL_class_aug_slight_rotation.mp4,HOME
HOME/msasl_home_Robber_and_the_Geek_Vocab_video_for_ASL_class_aug_temporal.mp4,HOME
HOME/msasl_home_SWIC_Community_Ed_-_Class_One.mp4,HOME
HOME/msasl_home_SWIC_Community_Ed_-_Class_One_aug_brightness_contrast.mp4,HOME
HOME/msasl_home_SWIC_Community_Ed_-_Class_One_aug_horizontal_flip.mp4,HOME
HOME/msasl_home_SWIC_Community_Ed_-_Class_One_aug_slight_rotation.mp4,HOME
HOME/msasl_home_SWIC_Community_Ed_-_Class_One_aug_temporal.mp4,HOME
HOME/msasl_home_The_First_100_Signs_You_Need_to_Know.mp4.webm,HOME
HOME/msasl_home_The_First_100_Signs_You_Need_to_Know.mp4_aug_brightness_contrast.mp4,HOME
HOME/msasl_home_The_First_100_Signs_You_Need_to_Know.mp4_aug_horizontal_flip.mp4,HOME
HOME/msasl_home_The_First_100_Signs_You_Need_to_Know.mp4_aug_slight_rotation.mp4,HOME
HOME/msasl_home_The_First_100_Signs_You_Need_to_Know.mp4_aug_temporal.mp4,HOME
HOME/msasl_home_Types_of_Housing.mp4,HOME
HOME/msasl_home_Types_of_Housing_aug_brightness_contrast.mp4,HOME
HOME/msasl_home_Types_of_Housing_aug_horizontal_flip.mp4,HOME
HOME/msasl_home_Types_of_Housing_aug_slight_rotation.mp4,HOME
HOME/msasl_home_Types_of_Housing_aug_temporal.mp4,HOME
HOME/msasl_home_UNIT_11.mp4.mkv,HOME
HOME/msasl_home_UNIT_11.mp4_aug_brightness_contrast.mp4,HOME
HOME/msasl_home_UNIT_11.mp4_aug_horizontal_flip.mp4,HOME
HOME/msasl_home_UNIT_11.mp4_aug_slight_rotation.mp4,HOME
HOME/msasl_home_UNIT_11.mp4_aug_temporal.mp4,HOME
HOME/msasl_home_Unit_10.mp4,HOME
HOME/msasl_home_Unit_10_aug_brightness_contrast.mp4,HOME
HOME/msasl_home_Unit_10_aug_horizontal_flip.mp4,HOME
HOME/msasl_home_Unit_10_aug_slight_rotation.mp4,HOME
HOME/msasl_home_Unit_10_aug_temporal.mp4,HOME
HOME/msasl_home_Unit_10.mp4.mkv,HOME
HOME/msasl_home_Unit_10.mp4_aug_brightness_contrast.mp4,HOME
HOME/msasl_home_Unit_10.mp4_aug_horizontal_flip.mp4,HOME
HOME/msasl_home_Unit_10.mp4_aug_slight_rotation.mp4,HOME
HOME/msasl_home_Unit_10.mp4_aug_temporal.mp4,HOME
HOME/msasl_home_Unit_11_Vocabulary.mp4.mkv,HOME
HOME/msasl_home_Unit_11_Vocabulary.mp4_aug_brightness_contrast.mp4,HOME
HOME/msasl_home_Unit_11_Vocabulary.mp4_aug_horizontal_flip.mp4,HOME
HOME/msasl_home_Unit_11_Vocabulary.mp4_aug_slight_rotation.mp4,HOME
HOME/msasl_home_Unit_11_Vocabulary.mp4_aug_temporal.mp4,HOME
HOME/msasl_home_Unit_11_Vocabularymp4.mp4.mkv,HOME
HOME/msasl_home_Unit_11_Vocabularymp4.mp4_aug_brightness_contrast.mp4,HOME
HOME/msasl_home_Unit_11_Vocabularymp4.mp4_aug_horizontal_flip.mp4,HOME
HOME/msasl_home_Unit_11_Vocabularymp4.mp4_aug_slight_rotation.mp4,HOME
HOME/msasl_home_Unit_11_Vocabularymp4.mp4_aug_temporal.mp4,HOME
HOME/msasl_home_Unit_2_Vocabulary_ASL_Level_1_-_American_Sign_Language.mp4.webm,HOME
HOME/msasl_home_Unit_2_Vocabulary_ASL_Level_1_-_American_Sign_Language.mp4_aug_brightness_contrast.mp4,HOME
HOME/msasl_home_Unit_2_Vocabulary_ASL_Level_1_-_American_Sign_Language.mp4_aug_horizontal_flip.mp4,HOME
HOME/msasl_home_Unit_2_Vocabulary_ASL_Level_1_-_American_Sign_Language.mp4_aug_slight_rotation.mp4,HOME
HOME/msasl_home_Unit_2_Vocabulary_ASL_Level_1_-_American_Sign_Language.mp4_aug_temporal.mp4,HOME
HOME/msasl_home_Useful_vocab.mp4,HOME
HOME/msasl_home_Useful_vocab_aug_brightness_contrast.mp4,HOME
HOME/msasl_home_Useful_vocab_aug_horizontal_flip.mp4,HOME
HOME/msasl_home_Useful_vocab_aug_slight_rotation.mp4,HOME
HOME/msasl_home_Useful_vocab_aug_temporal.mp4,HOME
HOME/msasl_home_home_-_ASL_sign_for_home.mp4.mkv,HOME
HOME/msasl_home_home_-_ASL_sign_for_home.mp4_aug_brightness_contrast.mp4,HOME
HOME/msasl_home_home_-_ASL_sign_for_home.mp4_aug_horizontal_flip.mp4,HOME
HOME/msasl_home_home_-_ASL_sign_for_home.mp4_aug_slight_rotation.mp4,HOME
HOME/msasl_home_home_-_ASL_sign_for_home.mp4_aug_temporal.mp4,HOME
HOME/wlasl_27765.mp4,HOME
HOME/wlasl_27765_aug_brightness_contrast.mp4,HOME
HOME/wlasl_27765_aug_horizontal_flip.mp4,HOME
HOME/wlasl_27765_aug_slight_rotation.mp4,HOME
HOME/wlasl_27765_aug_temporal.mp4,HOME
HOME/wlasl_27766.mp4,HOME
HOME/wlasl_27766_aug_brightness_contrast.mp4,HOME
HOME/wlasl_27766_aug_horizontal_flip.mp4,HOME
HOME/wlasl_27766_aug_slight_rotation.mp4,HOME
HOME/wlasl_27766_aug_temporal.mp4,HOME
HOME/wlasl_27767.mp4,HOME
HOME/wlasl_27767_aug_brightness_contrast.mp4,HOME
HOME/wlasl_27767_aug_horizontal_flip.mp4,HOME
HOME/wlasl_27767_aug_slight_rotation.mp4,HOME
HOME/wlasl_27767_aug_temporal.mp4,HOME
HOME/wlasl_27768.mp4,HOME
HOME/wlasl_27768_aug_brightness_contrast.mp4,HOME
HOME/wlasl_27768_aug_horizontal_flip.mp4,HOME
HOME/wlasl_27768_aug_slight_rotation.mp4,HOME
HOME/wlasl_27768_aug_temporal.mp4,HOME
HOME/wlasl_27770.mp4,HOME
HOME/wlasl_27770_aug_brightness_contrast.mp4,HOME
HOME/wlasl_27770_aug_horizontal_flip.mp4,HOME
HOME/wlasl_27770_aug_slight_rotation.mp4,HOME
HOME/wlasl_27770_aug_temporal.mp4,HOME
HOME/wlasl_69366.mp4,HOME
HOME/wlasl_69366_aug_brightness_contrast.mp4,HOME
HOME/wlasl_69366_aug_horizontal_flip.mp4,HOME
HOME/wlasl_69366_aug_slight_rotation.mp4,HOME
HOME/wlasl_69366_aug_temporal.mp4,HOME
HOT/ASLLVD_HOT__ASL_2008_02_01_scene25-222-255_camera1.mov,HOT
HOT/ASLLVD_HOT__ASL_2008_02_01_scene25-222-255_camera1_aug_brightness_contrast.mp4,HOT
HOT/ASLLVD_HOT__ASL_2008_02_01_scene25-222-255_camera1_aug_horizontal_flip.mp4,HOT
HOT/ASLLVD_HOT__ASL_2008_02_01_scene25-222-255_camera1_aug_slight_rotation.mp4,HOT
HOT/ASLLVD_HOT__ASL_2008_02_01_scene25-222-255_camera1_aug_temporal.mp4,HOT
HOT/ASLLVD_HOT__ASL_2008_08_13_scene20-7742-7755_camera1.mov,HOT
HOT/ASLLVD_HOT__ASL_2008_08_13_scene20-7742-7755_camera1_aug_brightness_contrast.mp4,HOT
HOT/ASLLVD_HOT__ASL_2008_08_13_scene20-7742-7755_camera1_aug_horizontal_flip.mp4,HOT
HOT/ASLLVD_HOT__ASL_2008_08_13_scene20-7742-7755_camera1_aug_slight_rotation.mp4,HOT
HOT/ASLLVD_HOT__ASL_2008_08_13_scene20-7742-7755_camera1_aug_temporal.mp4,HOT
HOT/ASLLVD_HOT__ASL_2011_06_14_scene35-6300-6313_camera1.mov,HOT
HOT/ASLLVD_HOT__ASL_2011_06_14_scene35-6300-6313_camera1_aug_brightness_contrast.mp4,HOT
HOT/ASLLVD_HOT__ASL_2011_06_14_scene35-6300-6313_camera1_aug_horizontal_flip.mp4,HOT
HOT/ASLLVD_HOT__ASL_2011_06_14_scene35-6300-6313_camera1_aug_slight_rotation.mp4,HOT
HOT/ASLLVD_HOT__ASL_2011_06_14_scene35-6300-6313_camera1_aug_temporal.mp4,HOT
HOT/desktop.ini,HOT
HOT/desktop_aug_brightness_contrast.mp4,HOT
HOT/desktop_aug_horizontal_flip.mp4,HOT
HOT/desktop_aug_slight_rotation.mp4,HOT
HOT/desktop_aug_temporal.mp4,HOT
HOT/msasl_hot_ASL1_Class_13_New_SIGNS.mp4.mkv,HOT
HOT/msasl_hot_ASL1_Class_13_New_SIGNS.mp4_aug_brightness_contrast.mp4,HOT
HOT/msasl_hot_ASL1_Class_13_New_SIGNS.mp4_aug_horizontal_flip.mp4,HOT
HOT/msasl_hot_ASL1_Class_13_New_SIGNS.mp4_aug_slight_rotation.mp4,HOT
HOT/msasl_hot_ASL1_Class_13_New_SIGNS.mp4_aug_temporal.mp4,HOT
HOT/msasl_hot_ASL_Hot_.mp4,HOT
HOT/msasl_hot_ASL_Hot__aug_brightness_contrast.mp4,HOT
HOT/msasl_hot_ASL_Hot__aug_horizontal_flip.mp4,HOT
HOT/msasl_hot_ASL_Hot__aug_slight_rotation.mp4,HOT
HOT/msasl_hot_ASL_Hot__aug_temporal.mp4,HOT
HOT/msasl_hot_ASL_Vocabulary_Opposites.mp4,HOT
HOT/msasl_hot_ASL_Vocabulary_Opposites_aug_brightness_contrast.mp4,HOT
HOT/msasl_hot_ASL_Vocabulary_Opposites_aug_horizontal_flip.mp4,HOT
HOT/msasl_hot_ASL_Vocabulary_Opposites_aug_slight_rotation.mp4,HOT
HOT/msasl_hot_ASL_Vocabulary_Opposites_aug_temporal.mp4,HOT
HOT/msasl_hot_Aug_to_Oct_Voc_Captions.mp4.mkv,HOT
HOT/msasl_hot_Aug_to_Oct_Voc_Captions.mp4_aug_brightness_contrast.mp4,HOT
HOT/msasl_hot_Aug_to_Oct_Voc_Captions.mp4_aug_horizontal_flip.mp4,HOT
HOT/msasl_hot_Aug_to_Oct_Voc_Captions.mp4_aug_slight_rotation.mp4,HOT
HOT/msasl_hot_Aug_to_Oct_Voc_Captions.mp4_aug_temporal.mp4,HOT
HOT/msasl_hot_Basic_ASL_Vocabulary_for_Babies.mp4,HOT
HOT/msasl_hot_Basic_ASL_Vocabulary_for_Babies_aug_brightness_contrast.mp4,HOT
HOT/msasl_hot_Basic_ASL_Vocabulary_for_Babies_aug_horizontal_flip.mp4,HOT
HOT/msasl_hot_Basic_ASL_Vocabulary_for_Babies_aug_slight_rotation.mp4,HOT
HOT/msasl_hot_Basic_ASL_Vocabulary_for_Babies_aug_temporal.mp4,HOT
HOT/msasl_hot_Basic_Sign_Language_for_Caregivers_(bath_time).mp4.mkv,HOT
HOT/msasl_hot_Basic_Sign_Language_for_Caregivers_(bath_time).mp4_aug_brightness_contrast.mp4,HOT
HOT/msasl_hot_Basic_Sign_Language_for_Caregivers_(bath_time).mp4_aug_horizontal_flip.mp4,HOT
HOT/msasl_hot_Basic_Sign_Language_for_Caregivers_(bath_time).mp4_aug_slight_rotation.mp4,HOT
HOT/msasl_hot_Basic_Sign_Language_for_Caregivers_(bath_time).mp4_aug_temporal.mp4,HOT
HOT/msasl_hot_Hot.mp4.mkv,HOT
HOT/msasl_hot_Hot.mp4_aug_brightness_contrast.mp4,HOT
HOT/msasl_hot_Hot.mp4_aug_horizontal_flip.mp4,HOT
HOT/msasl_hot_Hot.mp4_aug_slight_rotation.mp4,HOT
HOT/msasl_hot_Hot.mp4_aug_temporal.mp4,HOT
HOT/msasl_hot_Mastering_ASL_Unit_3_Vocabulary_signed_by_Dr_Wooten.mp4.mkv,HOT
HOT/msasl_hot_Mastering_ASL_Unit_3_Vocabulary_signed_by_Dr_Wooten.mp4_aug_brightness_contrast.mp4,HOT
HOT/msasl_hot_Mastering_ASL_Unit_3_Vocabulary_signed_by_Dr_Wooten.mp4_aug_horizontal_flip.mp4,HOT
HOT/msasl_hot_Mastering_ASL_Unit_3_Vocabulary_signed_by_Dr_Wooten.mp4_aug_slight_rotation.mp4,HOT
HOT/msasl_hot_Mastering_ASL_Unit_3_Vocabulary_signed_by_Dr_Wooten.mp4_aug_temporal.mp4,HOT
HOT/msasl_hot_SWIC_Community_Ed_-_Class_Two.mp4.mkv,HOT
HOT/msasl_hot_SWIC_Community_Ed_-_Class_Two.mp4_aug_brightness_contrast.mp4,HOT
HOT/msasl_hot_SWIC_Community_Ed_-_Class_Two.mp4_aug_horizontal_flip.mp4,HOT
HOT/msasl_hot_SWIC_Community_Ed_-_Class_Two.mp4_aug_slight_rotation.mp4,HOT
HOT/msasl_hot_SWIC_Community_Ed_-_Class_Two.mp4_aug_temporal.mp4,HOT
HOT/msasl_hot_The_First_100_Signs_You_Need_to_Know.mp4,HOT
HOT/msasl_hot_The_First_100_Signs_You_Need_to_Know_aug_brightness_contrast.mp4,HOT
HOT/msasl_hot_The_First_100_Signs_You_Need_to_Know_aug_horizontal_flip.mp4,HOT
HOT/msasl_hot_The_First_100_Signs_You_Need_to_Know_aug_slight_rotation.mp4,HOT
HOT/msasl_hot_The_First_100_Signs_You_Need_to_Know_aug_temporal.mp4,HOT
HOT/msasl_hot_The_First_100_Signs_You_Need_to_Know.mp4.webm,HOT
HOT/msasl_hot_The_First_100_Signs_You_Need_to_Know.mp4_aug_brightness_contrast.mp4,HOT
HOT/msasl_hot_The_First_100_Signs_You_Need_to_Know.mp4_aug_horizontal_flip.mp4,HOT
HOT/msasl_hot_The_First_100_Signs_You_Need_to_Know.mp4_aug_slight_rotation.mp4,HOT
HOT/msasl_hot_The_First_100_Signs_You_Need_to_Know.mp4_aug_temporal.mp4,HOT
HOT/msasl_hot_Unit_05_Vocabulary.mp4.webm,HOT
HOT/msasl_hot_Unit_05_Vocabulary.mp4_aug_brightness_contrast.mp4,HOT
HOT/msasl_hot_Unit_05_Vocabulary.mp4_aug_horizontal_flip.mp4,HOT
HOT/msasl_hot_Unit_05_Vocabulary.mp4_aug_slight_rotation.mp4,HOT
HOT/msasl_hot_Unit_05_Vocabulary.mp4_aug_temporal.mp4,HOT
HOT/msasl_hot_Unit_17_-_Weather_ASL_(American_Sign_Language)_CC.mp4,HOT
HOT/msasl_hot_Unit_17_-_Weather_ASL_(American_Sign_Language)_CC_aug_brightness_contrast.mp4,HOT
HOT/msasl_hot_Unit_17_-_Weather_ASL_(American_Sign_Language)_CC_aug_horizontal_flip.mp4,HOT
HOT/msasl_hot_Unit_17_-_Weather_ASL_(American_Sign_Language)_CC_aug_slight_rotation.mp4,HOT
HOT/msasl_hot_Unit_17_-_Weather_ASL_(American_Sign_Language)_CC_aug_temporal.mp4,HOT
HOT/msasl_hot_Unit_23_Vocabulary_-_ASL_CC_Turn_on_captions_to_review_signs.mp4,HOT
HOT/msasl_hot_Unit_23_Vocabulary_-_ASL_CC_Turn_on_captions_to_review_signs_aug_brightness_contrast.mp4,HOT
HOT/msasl_hot_Unit_23_Vocabulary_-_ASL_CC_Turn_on_captions_to_review_signs_aug_horizontal_flip.mp4,HOT
HOT/msasl_hot_Unit_23_Vocabulary_-_ASL_CC_Turn_on_captions_to_review_signs_aug_slight_rotation.mp4,HOT
HOT/msasl_hot_Unit_23_Vocabulary_-_ASL_CC_Turn_on_captions_to_review_signs_aug_temporal.mp4,HOT
HOT/msasl_hot_Unit_3_vocabulary.mp4,HOT
HOT/msasl_hot_Unit_3_vocabulary_aug_brightness_contrast.mp4,HOT
HOT/msasl_hot_Unit_3_vocabulary_aug_horizontal_flip.mp4,HOT
HOT/msasl_hot_Unit_3_vocabulary_aug_slight_rotation.mp4,HOT
HOT/msasl_hot_Unit_3_vocabulary_aug_temporal.mp4,HOT
HOT/msasl_hot_Unit_5_Vocabularymp4.mp4,HOT
HOT/msasl_hot_Unit_5_Vocabularymp4_aug_brightness_contrast.mp4,HOT
HOT/msasl_hot_Unit_5_Vocabularymp4_aug_horizontal_flip.mp4,HOT
HOT/msasl_hot_Unit_5_Vocabularymp4_aug_slight_rotation.mp4,HOT
HOT/msasl_hot_Unit_5_Vocabularymp4_aug_temporal.mp4,HOT
HOT/msasl_hot_Weather(1).mp4.webm,HOT
HOT/msasl_hot_Weather(1).mp4_aug_brightness_contrast.mp4,HOT
HOT/msasl_hot_Weather(1).mp4_aug_horizontal_flip.mp4,HOT
HOT/msasl_hot_Weather(1).mp4_aug_slight_rotation.mp4,HOT
HOT/msasl_hot_Weather(1).mp4_aug_temporal.mp4,HOT
HOT/msasl_hot_hot(1).mp4,HOT
HOT/msasl_hot_hot(1)_aug_brightness_contrast.mp4,HOT
HOT/msasl_hot_hot(1)_aug_horizontal_flip.mp4,HOT
HOT/msasl_hot_hot(1)_aug_slight_rotation.mp4,HOT
HOT/msasl_hot_hot(1)_aug_temporal.mp4,HOT
HOT/msasl_hot_hot.mp4.webm,HOT
HOT/msasl_hot_hot.mp4_aug_brightness_contrast.mp4,HOT
HOT/msasl_hot_hot.mp4_aug_horizontal_flip.mp4,HOT
HOT/msasl_hot_hot.mp4_aug_slight_rotation.mp4,HOT
HOT/msasl_hot_hot.mp4_aug_temporal.mp4,HOT
HOT/msasl_hot_hot_-_ASL_sign_for_hot.mp4.mkv,HOT
HOT/msasl_hot_hot_-_ASL_sign_for_hot.mp4_aug_brightness_contrast.mp4,HOT
HOT/msasl_hot_hot_-_ASL_sign_for_hot.mp4_aug_horizontal_flip.mp4,HOT
HOT/msasl_hot_hot_-_ASL_sign_for_hot.mp4_aug_slight_rotation.mp4,HOT
HOT/msasl_hot_hot_-_ASL_sign_for_hot.mp4_aug_temporal.mp4,HOT
HOT/wlasl_28107.mp4,HOT
HOT/wlasl_28107_aug_brightness_contrast.mp4,HOT
HOT/wlasl_28107_aug_horizontal_flip.mp4,HOT
HOT/wlasl_28107_aug_slight_rotation.mp4,HOT
HOT/wlasl_28107_aug_temporal.mp4,HOT
HOT/wlasl_28108.mp4,HOT
HOT/wlasl_28108_aug_brightness_contrast.mp4,HOT
HOT/wlasl_28108_aug_horizontal_flip.mp4,HOT
HOT/wlasl_28108_aug_slight_rotation.mp4,HOT
HOT/wlasl_28108_aug_temporal.mp4,HOT
HOT/wlasl_28109.mp4,HOT
HOT/wlasl_28109_aug_brightness_contrast.mp4,HOT
HOT/wlasl_28109_aug_horizontal_flip.mp4,HOT
HOT/wlasl_28109_aug_slight_rotation.mp4,HOT
HOT/wlasl_28109_aug_temporal.mp4,HOT
HOT/wlasl_28110.mp4,HOT
HOT/wlasl_28110_aug_brightness_contrast.mp4,HOT
HOT/wlasl_28110_aug_horizontal_flip.mp4,HOT
HOT/wlasl_28110_aug_slight_rotation.mp4,HOT
HOT/wlasl_28110_aug_temporal.mp4,HOT
HOT/wlasl_28111.mp4,HOT
HOT/wlasl_28111_aug_brightness_contrast.mp4,HOT
HOT/wlasl_28111_aug_horizontal_flip.mp4,HOT
HOT/wlasl_28111_aug_slight_rotation.mp4,HOT
HOT/wlasl_28111_aug_temporal.mp4,HOT
HOT/wlasl_28112.mp4,HOT
HOT/wlasl_28112_aug_brightness_contrast.mp4,HOT
HOT/wlasl_28112_aug_horizontal_flip.mp4,HOT
HOT/wlasl_28112_aug_slight_rotation.mp4,HOT
HOT/wlasl_28112_aug_temporal.mp4,HOT
HOT/wlasl_28115.mp4,HOT
HOT/wlasl_28115_aug_brightness_contrast.mp4,HOT
HOT/wlasl_28115_aug_horizontal_flip.mp4,HOT
HOT/wlasl_28115_aug_slight_rotation.mp4,HOT
HOT/wlasl_28115_aug_temporal.mp4,HOT
HOT/wlasl_28116.mp4,HOT
HOT/wlasl_28116_aug_brightness_contrast.mp4,HOT
HOT/wlasl_28116_aug_horizontal_flip.mp4,HOT
HOT/wlasl_28116_aug_slight_rotation.mp4,HOT
HOT/wlasl_28116_aug_temporal.mp4,HOT
HOT/wlasl_69368.mp4,HOT
HOT/wlasl_69368_aug_brightness_contrast.mp4,HOT
HOT/wlasl_69368_aug_horizontal_flip.mp4,HOT
HOT/wlasl_69368_aug_slight_rotation.mp4,HOT
HOT/wlasl_69368_aug_temporal.mp4,HOT
HOUSE/ASLLVD_HOUSE__ASL_2007_05_24_scene17-1985-2025_camera1.mov,HOUSE
HOUSE/ASLLVD_HOUSE__ASL_2007_05_24_scene17-1985-2025_camera1_aug_brightness_contrast.mp4,HOUSE
HOUSE/ASLLVD_HOUSE__ASL_2007_05_24_scene17-1985-2025_camera1_aug_horizontal_flip.mp4,HOUSE
HOUSE/ASLLVD_HOUSE__ASL_2007_05_24_scene17-1985-2025_camera1_aug_slight_rotation.mp4,HOUSE
HOUSE/ASLLVD_HOUSE__ASL_2007_05_24_scene17-1985-2025_camera1_aug_temporal.mp4,HOUSE
HOUSE/ASLLVD_HOUSE__ASL_2011_06_14_scene37-3013-3032_camera1.mov,HOUSE
HOUSE/ASLLVD_HOUSE__ASL_2011_06_14_scene37-3013-3032_camera1_aug_brightness_contrast.mp4,HOUSE
HOUSE/ASLLVD_HOUSE__ASL_2011_06_14_scene37-3013-3032_camera1_aug_horizontal_flip.mp4,HOUSE
HOUSE/ASLLVD_HOUSE__ASL_2011_06_14_scene37-3013-3032_camera1_aug_slight_rotation.mp4,HOUSE
HOUSE/ASLLVD_HOUSE__ASL_2011_06_14_scene37-3013-3032_camera1_aug_temporal.mp4,HOUSE
HOUSE/ASLLVD_HOUSE__ASL_2011_06_14_scene37-3294-3352_camera1.mov,HOUSE
HOUSE/ASLLVD_HOUSE__ASL_2011_06_14_scene37-3294-3352_camera1_aug_brightness_contrast.mp4,HOUSE
HOUSE/ASLLVD_HOUSE__ASL_2011_06_14_scene37-3294-3352_camera1_aug_horizontal_flip.mp4,HOUSE
HOUSE/ASLLVD_HOUSE__ASL_2011_06_14_scene37-3294-3352_camera1_aug_slight_rotation.mp4,HOUSE
HOUSE/ASLLVD_HOUSE__ASL_2011_06_14_scene37-3294-3352_camera1_aug_temporal.mp4,HOUSE
HOUSE/desktop.ini,HOUSE
HOUSE/desktop_aug_brightness_contrast.mp4,HOUSE
HOUSE/desktop_aug_horizontal_flip.mp4,HOUSE
HOUSE/desktop_aug_slight_rotation.mp4,HOUSE
HOUSE/desktop_aug_temporal.mp4,HOUSE
HOUSE/msasl_house_ASL1_Class_54_New_SIGNS.mp4.mkv,HOUSE
HOUSE/msasl_house_ASL1_Class_54_New_SIGNS.mp4_aug_brightness_contrast.mp4,HOUSE
HOUSE/msasl_house_ASL1_Class_54_New_SIGNS.mp4_aug_horizontal_flip.mp4,HOUSE
HOUSE/msasl_house_ASL1_Class_54_New_SIGNS.mp4_aug_slight_rotation.mp4,HOUSE
HOUSE/msasl_house_ASL1_Class_54_New_SIGNS.mp4_aug_temporal.mp4,HOUSE
HOUSE/msasl_house_ASL_Basic_Classroom_Signs.mp4.mkv,HOUSE
HOUSE/msasl_house_ASL_Basic_Classroom_Signs.mp4_aug_brightness_contrast.mp4,HOUSE
HOUSE/msasl_house_ASL_Basic_Classroom_Signs.mp4_aug_horizontal_flip.mp4,HOUSE
HOUSE/msasl_house_ASL_Basic_Classroom_Signs.mp4_aug_slight_rotation.mp4,HOUSE
HOUSE/msasl_house_ASL_Basic_Classroom_Signs.mp4_aug_temporal.mp4,HOUSE
HOUSE/msasl_house_ASL_House_.mp4,HOUSE
HOUSE/msasl_house_ASL_House__aug_brightness_contrast.mp4,HOUSE
HOUSE/msasl_house_ASL_House__aug_horizontal_flip.mp4,HOUSE
HOUSE/msasl_house_ASL_House__aug_slight_rotation.mp4,HOUSE
HOUSE/msasl_house_ASL_House__aug_temporal.mp4,HOUSE
HOUSE/msasl_house_ASL_I_-_Unit_4_Vocabulary_Review.mp4,HOUSE
HOUSE/msasl_house_ASL_I_-_Unit_4_Vocabulary_Review_aug_brightness_contrast.mp4,HOUSE
HOUSE/msasl_house_ASL_I_-_Unit_4_Vocabulary_Review_aug_horizontal_flip.mp4,HOUSE
HOUSE/msasl_house_ASL_I_-_Unit_4_Vocabulary_Review_aug_slight_rotation.mp4,HOUSE
HOUSE/msasl_house_ASL_I_-_Unit_4_Vocabulary_Review_aug_temporal.mp4,HOUSE
HOUSE/msasl_house_Baby_Language_Song_(ASL)_Basic_Words_and_Commands_8_by_Patty_Shukla.mp4.webm,HOUSE
HOUSE/msasl_house_Baby_Language_Song_(ASL)_Basic_Words_and_Commands_8_by_Patty_Shukla.mp4_aug_brightness_contrast.mp4,HOUSE
HOUSE/msasl_house_Baby_Language_Song_(ASL)_Basic_Words_and_Commands_8_by_Patty_Shukla.mp4_aug_horizontal_flip.mp4,HOUSE
HOUSE/msasl_house_Baby_Language_Song_(ASL)_Basic_Words_and_Commands_8_by_Patty_Shukla.mp4_aug_slight_rotation.mp4,HOUSE
HOUSE/msasl_house_Baby_Language_Song_(ASL)_Basic_Words_and_Commands_8_by_Patty_Shukla.mp4_aug_temporal.mp4,HOUSE
HOUSE/msasl_house_Community_Helpers_in_ASL.mp4.mkv,HOUSE
HOUSE/msasl_house_Community_Helpers_in_ASL.mp4_aug_brightness_contrast.mp4,HOUSE
HOUSE/msasl_house_Community_Helpers_in_ASL.mp4_aug_horizontal_flip.mp4,HOUSE
HOUSE/msasl_house_Community_Helpers_in_ASL.mp4_aug_slight_rotation.mp4,HOUSE
HOUSE/msasl_house_Community_Helpers_in_ASL.mp4_aug_temporal.mp4,HOUSE
HOUSE/msasl_house_Dr_Wooten_Signing_Unit_9_Vocabulary.mp4.mkv,HOUSE
HOUSE/msasl_house_Dr_Wooten_Signing_Unit_9_Vocabulary.mp4_aug_brightness_contrast.mp4,HOUSE
HOUSE/msasl_house_Dr_Wooten_Signing_Unit_9_Vocabulary.mp4_aug_horizontal_flip.mp4,HOUSE
HOUSE/msasl_house_Dr_Wooten_Signing_Unit_9_Vocabulary.mp4_aug_slight_rotation.mp4,HOUSE
HOUSE/msasl_house_Dr_Wooten_Signing_Unit_9_Vocabulary.mp4_aug_temporal.mp4,HOUSE
HOUSE/msasl_house_First_100_Household_Items.mp4.mkv,HOUSE
HOUSE/msasl_house_First_100_Household_Items.mp4_aug_brightness_contrast.mp4,HOUSE
HOUSE/msasl_house_First_100_Household_Items.mp4_aug_horizontal_flip.mp4,HOUSE
HOUSE/msasl_house_First_100_Household_Items.mp4_aug_slight_rotation.mp4,HOUSE
HOUSE/msasl_house_First_100_Household_Items.mp4_aug_temporal.mp4,HOUSE
HOUSE/msasl_house_House_in_Sign_Language_ASL_Dictionary_for_kids.mp4,HOUSE
HOUSE/msasl_house_House_in_Sign_Language_ASL_Dictionary_for_kids_aug_brightness_contrast.mp4,HOUSE
HOUSE/msasl_house_House_in_Sign_Language_ASL_Dictionary_for_kids_aug_horizontal_flip.mp4,HOUSE
HOUSE/msasl_house_House_in_Sign_Language_ASL_Dictionary_for_kids_aug_slight_rotation.mp4,HOUSE
HOUSE/msasl_house_House_in_Sign_Language_ASL_Dictionary_for_kids_aug_temporal.mp4,HOUSE
HOUSE/msasl_house_Learn_American_Sign_Language_Basic_Vocabulary.mp4,HOUSE
HOUSE/msasl_house_Learn_American_Sign_Language_Basic_Vocabulary_aug_brightness_contrast.mp4,HOUSE
HOUSE/msasl_house_Learn_American_Sign_Language_Basic_Vocabulary_aug_horizontal_flip.mp4,HOUSE
HOUSE/msasl_house_Learn_American_Sign_Language_Basic_Vocabulary_aug_slight_rotation.mp4,HOUSE
HOUSE/msasl_house_Learn_American_Sign_Language_Basic_Vocabulary_aug_temporal.mp4,HOUSE
HOUSE/msasl_house_Lesson_4_Vocabulary_-_A_Basic_Course_(ABC)_in_ASL.mp4.mkv,HOUSE
HOUSE/msasl_house_Lesson_4_Vocabulary_-_A_Basic_Course_(ABC)_in_ASL.mp4_aug_brightness_contrast.mp4,HOUSE
HOUSE/msasl_house_Lesson_4_Vocabulary_-_A_Basic_Course_(ABC)_in_ASL.mp4_aug_horizontal_flip.mp4,HOUSE
HOUSE/msasl_house_Lesson_4_Vocabulary_-_A_Basic_Course_(ABC)_in_ASL.mp4_aug_slight_rotation.mp4,HOUSE
HOUSE/msasl_house_Lesson_4_Vocabulary_-_A_Basic_Course_(ABC)_in_ASL.mp4_aug_temporal.mp4,HOUSE
HOUSE/msasl_house_Mr_Miseners_ASL_lesson_4_review.mp4.mkv,HOUSE
HOUSE/msasl_house_Mr_Miseners_ASL_lesson_4_review.mp4_aug_brightness_contrast.mp4,HOUSE
HOUSE/msasl_house_Mr_Miseners_ASL_lesson_4_review.mp4_aug_horizontal_flip.mp4,HOUSE
HOUSE/msasl_house_Mr_Miseners_ASL_lesson_4_review.mp4_aug_slight_rotation.mp4,HOUSE
HOUSE/msasl_house_Mr_Miseners_ASL_lesson_4_review.mp4_aug_temporal.mp4,HOUSE
HOUSE/msasl_house_Next_Words_Household_Items_in_ASL_with_captions.mp4.mkv,HOUSE
HOUSE/msasl_house_Next_Words_Household_Items_in_ASL_with_captions.mp4_aug_brightness_contrast.mp4,HOUSE
HOUSE/msasl_house_Next_Words_Household_Items_in_ASL_with_captions.mp4_aug_horizontal_flip.mp4,HOUSE
HOUSE/msasl_house_Next_Words_Household_Items_in_ASL_with_captions.mp4_aug_slight_rotation.mp4,HOUSE
HOUSE/msasl_house_Next_Words_Household_Items_in_ASL_with_captions.mp4_aug_temporal.mp4,HOUSE
HOUSE/msasl_house_Types_of_Housing.mp4.mkv,HOUSE
HOUSE/msasl_house_Types_of_Housing.mp4_aug_brightness_contrast.mp4,HOUSE
HOUSE/msasl_house_Types_of_Housing.mp4_aug_horizontal_flip.mp4,HOUSE
HOUSE/msasl_house_Types_of_Housing.mp4_aug_slight_rotation.mp4,HOUSE
HOUSE/msasl_house_Types_of_Housing.mp4_aug_temporal.mp4,HOUSE
HOUSE/msasl_house_Unit_09_Vocabulary.mp4.mkv,HOUSE
HOUSE/msasl_house_Unit_09_Vocabulary.mp4_aug_brightness_contrast.mp4,HOUSE
HOUSE/msasl_house_Unit_09_Vocabulary.mp4_aug_horizontal_flip.mp4,HOUSE
HOUSE/msasl_house_Unit_09_Vocabulary.mp4_aug_slight_rotation.mp4,HOUSE
HOUSE/msasl_house_Unit_09_Vocabulary.mp4_aug_temporal.mp4,HOUSE
HOUSE/msasl_house_Unit_10.mp4,HOUSE
HOUSE/msasl_house_Unit_10_aug_brightness_contrast.mp4,HOUSE
HOUSE/msasl_house_Unit_10_aug_horizontal_flip.mp4,HOUSE
HOUSE/msasl_house_Unit_10_aug_slight_rotation.mp4,HOUSE
HOUSE/msasl_house_Unit_10_aug_temporal.mp4,HOUSE
HOUSE/msasl_house_Unit_10.mp4.mkv,HOUSE
HOUSE/msasl_house_Unit_10.mp4_aug_brightness_contrast.mp4,HOUSE
HOUSE/msasl_house_Unit_10.mp4_aug_horizontal_flip.mp4,HOUSE
HOUSE/msasl_house_Unit_10.mp4_aug_slight_rotation.mp4,HOUSE
HOUSE/msasl_house_Unit_10.mp4_aug_temporal.mp4,HOUSE
HOUSE/msasl_house_Unit_23_Vocabulary_-_ASL_CC_Turn_on_captions_to_review_signs.mp4,HOUSE
HOUSE/msasl_house_Unit_23_Vocabulary_-_ASL_CC_Turn_on_captions_to_review_signs_aug_brightness_contrast.mp4,HOUSE
HOUSE/msasl_house_Unit_23_Vocabulary_-_ASL_CC_Turn_on_captions_to_review_signs_aug_horizontal_flip.mp4,HOUSE
HOUSE/msasl_house_Unit_23_Vocabulary_-_ASL_CC_Turn_on_captions_to_review_signs_aug_slight_rotation.mp4,HOUSE
HOUSE/msasl_house_Unit_23_Vocabulary_-_ASL_CC_Turn_on_captions_to_review_signs_aug_temporal.mp4,HOUSE
HOUSE/msasl_house_Unit_9.mp4.mkv,HOUSE
HOUSE/msasl_house_Unit_9.mp4_aug_brightness_contrast.mp4,HOUSE
HOUSE/msasl_house_Unit_9.mp4_aug_horizontal_flip.mp4,HOUSE
HOUSE/msasl_house_Unit_9.mp4_aug_slight_rotation.mp4,HOUSE
HOUSE/msasl_house_Unit_9.mp4_aug_temporal.mp4,HOUSE
HOUSE/msasl_house_Unit_9_Vocabulary.mp4.mkv,HOUSE
HOUSE/msasl_house_Unit_9_Vocabulary.mp4_aug_brightness_contrast.mp4,HOUSE
HOUSE/msasl_house_Unit_9_Vocabulary.mp4_aug_horizontal_flip.mp4,HOUSE
HOUSE/msasl_house_Unit_9_Vocabulary.mp4_aug_slight_rotation.mp4,HOUSE
HOUSE/msasl_house_Unit_9_Vocabulary.mp4_aug_temporal.mp4,HOUSE
HOUSE/msasl_house_Unit_9_Vocabularymp4.mp4,HOUSE
HOUSE/msasl_house_Unit_9_Vocabularymp4_aug_brightness_contrast.mp4,HOUSE
HOUSE/msasl_house_Unit_9_Vocabularymp4_aug_horizontal_flip.mp4,HOUSE
HOUSE/msasl_house_Unit_9_Vocabularymp4_aug_slight_rotation.mp4,HOUSE
HOUSE/msasl_house_Unit_9_Vocabularymp4_aug_temporal.mp4,HOUSE
HOUSE/msasl_house_house.mp4,HOUSE
HOUSE/msasl_house_house_aug_brightness_contrast.mp4,HOUSE
HOUSE/msasl_house_house_aug_horizontal_flip.mp4,HOUSE
HOUSE/msasl_house_house_aug_slight_rotation.mp4,HOUSE
HOUSE/msasl_house_house_aug_temporal.mp4,HOUSE
HOUSE/wlasl_28159.mp4,HOUSE
HOUSE/wlasl_28159_aug_brightness_contrast.mp4,HOUSE
HOUSE/wlasl_28159_aug_horizontal_flip.mp4,HOUSE
HOUSE/wlasl_28159_aug_slight_rotation.mp4,HOUSE
HOUSE/wlasl_28159_aug_temporal.mp4,HOUSE
HOUSE/wlasl_28160.mp4,HOUSE
HOUSE/wlasl_28160_aug_brightness_contrast.mp4,HOUSE
HOUSE/wlasl_28160_aug_horizontal_flip.mp4,HOUSE
HOUSE/wlasl_28160_aug_slight_rotation.mp4,HOUSE
HOUSE/wlasl_28160_aug_temporal.mp4,HOUSE
HOUSE/wlasl_28161.mp4,HOUSE
HOUSE/wlasl_28161_aug_brightness_contrast.mp4,HOUSE
HOUSE/wlasl_28161_aug_horizontal_flip.mp4,HOUSE
HOUSE/wlasl_28161_aug_slight_rotation.mp4,HOUSE
HOUSE/wlasl_28161_aug_temporal.mp4,HOUSE
HOUSE/wlasl_28162.mp4,HOUSE
HOUSE/wlasl_28162_aug_brightness_contrast.mp4,HOUSE
HOUSE/wlasl_28162_aug_horizontal_flip.mp4,HOUSE
HOUSE/wlasl_28162_aug_slight_rotation.mp4,HOUSE
HOUSE/wlasl_28162_aug_temporal.mp4,HOUSE
HOUSE/wlasl_28164.mp4,HOUSE
HOUSE/wlasl_28164_aug_brightness_contrast.mp4,HOUSE
HOUSE/wlasl_28164_aug_horizontal_flip.mp4,HOUSE
HOUSE/wlasl_28164_aug_slight_rotation.mp4,HOUSE
HOUSE/wlasl_28164_aug_temporal.mp4,HOUSE
HOUSE/wlasl_69369.mp4,HOUSE
HOUSE/wlasl_69369_aug_brightness_contrast.mp4,HOUSE
HOUSE/wlasl_69369_aug_horizontal_flip.mp4,HOUSE
HOUSE/wlasl_69369_aug_slight_rotation.mp4,HOUSE
HOUSE/wlasl_69369_aug_temporal.mp4,HOUSE
HOW/ASLLVD_HOW__ASL_2008_02_01_scene25-3595-3625_camera1.mov,HOW
HOW/ASLLVD_HOW__ASL_2008_02_01_scene25-3595-3625_camera1_aug_brightness_contrast.mp4,HOW
HOW/ASLLVD_HOW__ASL_2008_02_01_scene25-3595-3625_camera1_aug_horizontal_flip.mp4,HOW
HOW/ASLLVD_HOW__ASL_2008_02_01_scene25-3595-3625_camera1_aug_slight_rotation.mp4,HOW
HOW/ASLLVD_HOW__ASL_2008_02_01_scene25-3595-3625_camera1_aug_temporal.mp4,HOW
HOW/ASLLVD_HOW__ASL_2008_02_01_scene25-3900-3935_camera1.mov,HOW
HOW/ASLLVD_HOW__ASL_2008_02_01_scene25-3900-3935_camera1_aug_brightness_contrast.mp4,HOW
HOW/ASLLVD_HOW__ASL_2008_02_01_scene25-3900-3935_camera1_aug_horizontal_flip.mp4,HOW
HOW/ASLLVD_HOW__ASL_2008_02_01_scene25-3900-3935_camera1_aug_slight_rotation.mp4,HOW
HOW/ASLLVD_HOW__ASL_2008_02_01_scene25-3900-3935_camera1_aug_temporal.mp4,HOW
HOW/ASLLVD_HOW__ASL_2008_05_29_scene1-2822-2850_camera1.mov,HOW
HOW/ASLLVD_HOW__ASL_2008_05_29_scene1-2822-2850_camera1_aug_brightness_contrast.mp4,HOW
HOW/ASLLVD_HOW__ASL_2008_05_29_scene1-2822-2850_camera1_aug_horizontal_flip.mp4,HOW
HOW/ASLLVD_HOW__ASL_2008_05_29_scene1-2822-2850_camera1_aug_slight_rotation.mp4,HOW
HOW/ASLLVD_HOW__ASL_2008_05_29_scene1-2822-2850_camera1_aug_temporal.mp4,HOW
HOW/ASLLVD_HOW__ASL_2008_08_13_scene21-5337-5360_camera1.mov,HOW
HOW/ASLLVD_HOW__ASL_2008_08_13_scene21-5337-5360_camera1_aug_brightness_contrast.mp4,HOW
HOW/ASLLVD_HOW__ASL_2008_08_13_scene21-5337-5360_camera1_aug_horizontal_flip.mp4,HOW
HOW/ASLLVD_HOW__ASL_2008_08_13_scene21-5337-5360_camera1_aug_slight_rotation.mp4,HOW
HOW/ASLLVD_HOW__ASL_2008_08_13_scene21-5337-5360_camera1_aug_temporal.mp4,HOW
HOW/ASLLVD_HOW__ASL_2008_08_13_scene21-5569-5600_camera1.mov,HOW
HOW/ASLLVD_HOW__ASL_2008_08_13_scene21-5569-5600_camera1_aug_brightness_contrast.mp4,HOW
HOW/ASLLVD_HOW__ASL_2008_08_13_scene21-5569-5600_camera1_aug_horizontal_flip.mp4,HOW
HOW/ASLLVD_HOW__ASL_2008_08_13_scene21-5569-5600_camera1_aug_slight_rotation.mp4,HOW
HOW/ASLLVD_HOW__ASL_2008_08_13_scene21-5569-5600_camera1_aug_temporal.mp4,HOW
HOW/ASLLVD_HOW__ASL_2011_06_14_scene37-3894-3922_camera1.mov,HOW
HOW/ASLLVD_HOW__ASL_2011_06_14_scene37-3894-3922_camera1_aug_brightness_contrast.mp4,HOW
HOW/ASLLVD_HOW__ASL_2011_06_14_scene37-3894-3922_camera1_aug_horizontal_flip.mp4,HOW
HOW/ASLLVD_HOW__ASL_2011_06_14_scene37-3894-3922_camera1_aug_slight_rotation.mp4,HOW
HOW/ASLLVD_HOW__ASL_2011_06_14_scene37-3894-3922_camera1_aug_temporal.mp4,HOW
HOW/ASLLVD_HOW__ASL_2011_06_14_scene37-4533-4563_camera1.mov,HOW
HOW/ASLLVD_HOW__ASL_2011_06_14_scene37-4533-4563_camera1_aug_brightness_contrast.mp4,HOW
HOW/ASLLVD_HOW__ASL_2011_06_14_scene37-4533-4563_camera1_aug_horizontal_flip.mp4,HOW
HOW/ASLLVD_HOW__ASL_2011_06_14_scene37-4533-4563_camera1_aug_slight_rotation.mp4,HOW
HOW/ASLLVD_HOW__ASL_2011_06_14_scene37-4533-4563_camera1_aug_temporal.mp4,HOW
HOW/desktop.ini,HOW
HOW/desktop_aug_brightness_contrast.mp4,HOW
HOW/desktop_aug_horizontal_flip.mp4,HOW
HOW/desktop_aug_slight_rotation.mp4,HOW
HOW/desktop_aug_temporal.mp4,HOW
HOW/msasl_how_ASL1_Class_4_New_SIGNS_plus_Partner_Practice_QA_and_p29_Dialogue.mp4.mkv,HOW
HOW/msasl_how_ASL1_Class_4_New_SIGNS_plus_Partner_Practice_QA_and_p29_Dialogue.mp4_aug_brightness_contrast.mp4,HOW
HOW/msasl_how_ASL1_Class_4_New_SIGNS_plus_Partner_Practice_QA_and_p29_Dialogue.mp4_aug_horizontal_flip.mp4,HOW
HOW/msasl_how_ASL1_Class_4_New_SIGNS_plus_Partner_Practice_QA_and_p29_Dialogue.mp4_aug_slight_rotation.mp4,HOW
HOW/msasl_how_ASL1_Class_4_New_SIGNS_plus_Partner_Practice_QA_and_p29_Dialogue.mp4_aug_temporal.mp4,HOW
HOW/msasl_how_ASL_Class_02-08-10.mp4.mkv,HOW
HOW/msasl_how_ASL_Class_02-08-10.mp4_aug_brightness_contrast.mp4,HOW
HOW/msasl_how_ASL_Class_02-08-10.mp4_aug_horizontal_flip.mp4,HOW
HOW/msasl_how_ASL_Class_02-08-10.mp4_aug_slight_rotation.mp4,HOW
HOW/msasl_how_ASL_Class_02-08-10.mp4_aug_temporal.mp4,HOW
HOW/msasl_how_ASL_I_-_Unit_1_Vocabulary.mp4,HOW
HOW/msasl_how_ASL_I_-_Unit_1_Vocabulary_aug_brightness_contrast.mp4,HOW
HOW/msasl_how_ASL_I_-_Unit_1_Vocabulary_aug_horizontal_flip.mp4,HOW
HOW/msasl_how_ASL_I_-_Unit_1_Vocabulary_aug_slight_rotation.mp4,HOW
HOW/msasl_how_ASL_I_-_Unit_1_Vocabulary_aug_temporal.mp4,HOW
HOW/msasl_how_ASL_Lesson_1(1).mp4.webm,HOW
HOW/msasl_how_ASL_Lesson_1(1).mp4_aug_brightness_contrast.mp4,HOW
HOW/msasl_how_ASL_Lesson_1(1).mp4_aug_horizontal_flip.mp4,HOW
HOW/msasl_how_ASL_Lesson_1(1).mp4_aug_slight_rotation.mp4,HOW
HOW/msasl_how_ASL_Lesson_1(1).mp4_aug_temporal.mp4,HOW
HOW/msasl_how_ASL_Vocabulary_(Spring_2018).mp4,HOW
HOW/msasl_how_ASL_Vocabulary_(Spring_2018)_aug_brightness_contrast.mp4,HOW
HOW/msasl_how_ASL_Vocabulary_(Spring_2018)_aug_horizontal_flip.mp4,HOW
HOW/msasl_how_ASL_Vocabulary_(Spring_2018)_aug_slight_rotation.mp4,HOW
HOW/msasl_how_ASL_Vocabulary_(Spring_2018)_aug_temporal.mp4,HOW
HOW/msasl_how_ASL_Vocabulary_how.mp4.webm,HOW
HOW/msasl_how_ASL_Vocabulary_how.mp4_aug_brightness_contrast.mp4,HOW
HOW/msasl_how_ASL_Vocabulary_how.mp4_aug_horizontal_flip.mp4,HOW
HOW/msasl_how_ASL_Vocabulary_how.mp4_aug_slight_rotation.mp4,HOW
HOW/msasl_how_ASL_Vocabulary_how.mp4_aug_temporal.mp4,HOW
HOW/msasl_how_Amazing_Grace.mp4,HOW
HOW/msasl_how_Amazing_Grace_aug_brightness_contrast.mp4,HOW
HOW/msasl_how_Amazing_Grace_aug_horizontal_flip.mp4,HOW
HOW/msasl_how_Amazing_Grace_aug_slight_rotation.mp4,HOW
HOW/msasl_how_Amazing_Grace_aug_temporal.mp4,HOW
HOW/msasl_how_Beginner_Vocabulary.mp4.mkv,HOW
HOW/msasl_how_Beginner_Vocabulary.mp4_aug_brightness_contrast.mp4,HOW
HOW/msasl_how_Beginner_Vocabulary.mp4_aug_horizontal_flip.mp4,HOW
HOW/msasl_how_Beginner_Vocabulary.mp4_aug_slight_rotation.mp4,HOW
HOW/msasl_how_Beginner_Vocabulary.mp4_aug_temporal.mp4,HOW
HOW/msasl_how_HOW(1).mp4.mkv,HOW
HOW/msasl_how_HOW(1).mp4_aug_brightness_contrast.mp4,HOW
HOW/msasl_how_HOW(1).mp4_aug_horizontal_flip.mp4,HOW
HOW/msasl_how_HOW(1).mp4_aug_slight_rotation.mp4,HOW
HOW/msasl_how_HOW(1).mp4_aug_temporal.mp4,HOW
HOW/msasl_how_HOW.mp4,HOW
HOW/msasl_how_HOW_aug_brightness_contrast.mp4,HOW
HOW/msasl_how_HOW_aug_horizontal_flip.mp4,HOW
HOW/msasl_how_HOW_aug_slight_rotation.mp4,HOW
HOW/msasl_how_HOW_aug_temporal.mp4,HOW
HOW/msasl_how_HOW_(alternative).mp4,HOW
HOW/msasl_how_HOW_(alternative)_aug_brightness_contrast.mp4,HOW
HOW/msasl_how_HOW_(alternative)_aug_horizontal_flip.mp4,HOW
HOW/msasl_how_HOW_(alternative)_aug_slight_rotation.mp4,HOW
HOW/msasl_how_HOW_(alternative)_aug_temporal.mp4,HOW
HOW/msasl_how_How.mp4.mkv,HOW
HOW/msasl_how_How.mp4_aug_brightness_contrast.mp4,HOW
HOW/msasl_how_How.mp4_aug_horizontal_flip.mp4,HOW
HOW/msasl_how_How.mp4_aug_slight_rotation.mp4,HOW
HOW/msasl_how_How.mp4_aug_temporal.mp4,HOW
HOW/msasl_how_Important_Emotion_signs.mp4,HOW
HOW/msasl_how_Important_Emotion_signs_aug_brightness_contrast.mp4,HOW
HOW/msasl_how_Important_Emotion_signs_aug_horizontal_flip.mp4,HOW
HOW/msasl_how_Important_Emotion_signs_aug_slight_rotation.mp4,HOW
HOW/msasl_how_Important_Emotion_signs_aug_temporal.mp4,HOW
HOW/msasl_how_LASL_-_Ch_6_Vocab.mp4,HOW
HOW/msasl_how_LASL_-_Ch_6_Vocab_aug_brightness_contrast.mp4,HOW
HOW/msasl_how_LASL_-_Ch_6_Vocab_aug_horizontal_flip.mp4,HOW
HOW/msasl_how_LASL_-_Ch_6_Vocab_aug_slight_rotation.mp4,HOW
HOW/msasl_how_LASL_-_Ch_6_Vocab_aug_temporal.mp4,HOW
HOW/msasl_how_Learn_American_Sign_Language_Basic_Vocabulary.mp4,HOW
HOW/msasl_how_Learn_American_Sign_Language_Basic_Vocabulary_aug_brightness_contrast.mp4,HOW
HOW/msasl_how_Learn_American_Sign_Language_Basic_Vocabulary_aug_horizontal_flip.mp4,HOW
HOW/msasl_how_Learn_American_Sign_Language_Basic_Vocabulary_aug_slight_rotation.mp4,HOW
HOW/msasl_how_Learn_American_Sign_Language_Basic_Vocabulary_aug_temporal.mp4,HOW
HOW/msasl_how_Lesson_8_Vocabulary_-_A_Basic_Course_(ABC)_in_ASL.mp4.mkv,HOW
HOW/msasl_how_Lesson_8_Vocabulary_-_A_Basic_Course_(ABC)_in_ASL.mp4_aug_brightness_contrast.mp4,HOW
HOW/msasl_how_Lesson_8_Vocabulary_-_A_Basic_Course_(ABC)_in_ASL.mp4_aug_horizontal_flip.mp4,HOW
HOW/msasl_how_Lesson_8_Vocabulary_-_A_Basic_Course_(ABC)_in_ASL.mp4_aug_slight_rotation.mp4,HOW
HOW/msasl_how_Lesson_8_Vocabulary_-_A_Basic_Course_(ABC)_in_ASL.mp4_aug_temporal.mp4,HOW
HOW/msasl_how_SWIC_Community_Ed_-_Class_One.mp4,HOW
HOW/msasl_how_SWIC_Community_Ed_-_Class_One_aug_brightness_contrast.mp4,HOW
HOW/msasl_how_SWIC_Community_Ed_-_Class_One_aug_horizontal_flip.mp4,HOW
HOW/msasl_how_SWIC_Community_Ed_-_Class_One_aug_slight_rotation.mp4,HOW
HOW/msasl_how_SWIC_Community_Ed_-_Class_One_aug_temporal.mp4,HOW
HOW/msasl_how_The_First_100_Signs_You_Need_to_Know.mp4,HOW
HOW/msasl_how_The_First_100_Signs_You_Need_to_Know_aug_brightness_contrast.mp4,HOW
HOW/msasl_how_The_First_100_Signs_You_Need_to_Know_aug_horizontal_flip.mp4,HOW
HOW/msasl_how_The_First_100_Signs_You_Need_to_Know_aug_slight_rotation.mp4,HOW
HOW/msasl_how_The_First_100_Signs_You_Need_to_Know_aug_temporal.mp4,HOW
HOW/msasl_how_The_First_100_Signs_You_Need_to_Know.mp4.webm,HOW
HOW/msasl_how_The_First_100_Signs_You_Need_to_Know.mp4_aug_brightness_contrast.mp4,HOW
HOW/msasl_how_The_First_100_Signs_You_Need_to_Know.mp4_aug_horizontal_flip.mp4,HOW
HOW/msasl_how_The_First_100_Signs_You_Need_to_Know.mp4_aug_slight_rotation.mp4,HOW
HOW/msasl_how_The_First_100_Signs_You_Need_to_Know.mp4_aug_temporal.mp4,HOW
HOW/msasl_how_Unit_06_Vocabulary.mp4.webm,HOW
HOW/msasl_how_Unit_06_Vocabulary.mp4_aug_brightness_contrast.mp4,HOW
HOW/msasl_how_Unit_06_Vocabulary.mp4_aug_horizontal_flip.mp4,HOW
HOW/msasl_how_Unit_06_Vocabulary.mp4_aug_slight_rotation.mp4,HOW
HOW/msasl_how_Unit_06_Vocabulary.mp4_aug_temporal.mp4,HOW
HOW/msasl_how_Unit_1_vocabulary_part_1.mp4.mkv,HOW
HOW/msasl_how_Unit_1_vocabulary_part_1.mp4_aug_brightness_contrast.mp4,HOW
HOW/msasl_how_Unit_1_vocabulary_part_1.mp4_aug_horizontal_flip.mp4,HOW
HOW/msasl_how_Unit_1_vocabulary_part_1.mp4_aug_slight_rotation.mp4,HOW
HOW/msasl_how_Unit_1_vocabulary_part_1.mp4_aug_temporal.mp4,HOW
HOW/msasl_how_Unit_6.mp4.mkv,HOW
HOW/msasl_how_Unit_6.mp4_aug_brightness_contrast.mp4,HOW
HOW/msasl_how_Unit_6.mp4_aug_horizontal_flip.mp4,HOW
HOW/msasl_how_Unit_6.mp4_aug_slight_rotation.mp4,HOW
HOW/msasl_how_Unit_6.mp4_aug_temporal.mp4,HOW
HOW/msasl_how_Unit_6_Vocabularymp4.mp4,HOW
HOW/msasl_how_Unit_6_Vocabularymp4_aug_brightness_contrast.mp4,HOW
HOW/msasl_how_Unit_6_Vocabularymp4_aug_horizontal_flip.mp4,HOW
HOW/msasl_how_Unit_6_Vocabularymp4_aug_slight_rotation.mp4,HOW
HOW/msasl_how_Unit_6_Vocabularymp4_aug_temporal.mp4,HOW
HOW/msasl_how_Unit_6_Vocabularymp4.mp4.mkv,HOW
HOW/msasl_how_Unit_6_Vocabularymp4.mp4_aug_brightness_contrast.mp4,HOW
HOW/msasl_how_Unit_6_Vocabularymp4.mp4_aug_horizontal_flip.mp4,HOW
HOW/msasl_how_Unit_6_Vocabularymp4.mp4_aug_slight_rotation.mp4,HOW
HOW/msasl_how_Unit_6_Vocabularymp4.mp4_aug_temporal.mp4,HOW
HOW/msasl_how_Useful_vocab.mp4,HOW
HOW/msasl_how_Useful_vocab_aug_brightness_contrast.mp4,HOW
HOW/msasl_how_Useful_vocab_aug_horizontal_flip.mp4,HOW
HOW/msasl_how_Useful_vocab_aug_slight_rotation.mp4,HOW
HOW/msasl_how_Useful_vocab_aug_temporal.mp4,HOW
HOW/msasl_how_how.mp4.webm,HOW
HOW/msasl_how_how.mp4_aug_brightness_contrast.mp4,HOW
HOW/msasl_how_how.mp4_aug_horizontal_flip.mp4,HOW
HOW/msasl_how_how.mp4_aug_slight_rotation.mp4,HOW
HOW/msasl_how_how.mp4_aug_temporal.mp4,HOW
HOW/wlasl_28201.mp4,HOW
HOW/wlasl_28201_aug_brightness_contrast.mp4,HOW
HOW/wlasl_28201_aug_horizontal_flip.mp4,HOW
HOW/wlasl_28201_aug_slight_rotation.mp4,HOW
HOW/wlasl_28201_aug_temporal.mp4,HOW
HOW/wlasl_28202.mp4,HOW
HOW/wlasl_28202_aug_brightness_contrast.mp4,HOW
HOW/wlasl_28202_aug_horizontal_flip.mp4,HOW
HOW/wlasl_28202_aug_slight_rotation.mp4,HOW
HOW/wlasl_28202_aug_temporal.mp4,HOW
HOW/wlasl_28203.mp4,HOW
HOW/wlasl_28203_aug_brightness_contrast.mp4,HOW
HOW/wlasl_28203_aug_horizontal_flip.mp4,HOW
HOW/wlasl_28203_aug_slight_rotation.mp4,HOW
HOW/wlasl_28203_aug_temporal.mp4,HOW
HOW/wlasl_28204.mp4,HOW
HOW/wlasl_28204_aug_brightness_contrast.mp4,HOW
HOW/wlasl_28204_aug_horizontal_flip.mp4,HOW
HOW/wlasl_28204_aug_slight_rotation.mp4,HOW
HOW/wlasl_28204_aug_temporal.mp4,HOW
HOW/wlasl_28205.mp4,HOW
HOW/wlasl_28205_aug_brightness_contrast.mp4,HOW
HOW/wlasl_28205_aug_horizontal_flip.mp4,HOW
HOW/wlasl_28205_aug_slight_rotation.mp4,HOW
HOW/wlasl_28205_aug_temporal.mp4,HOW
HOW/wlasl_28210.mp4,HOW
HOW/wlasl_28210_aug_brightness_contrast.mp4,HOW
HOW/wlasl_28210_aug_horizontal_flip.mp4,HOW
HOW/wlasl_28210_aug_slight_rotation.mp4,HOW
HOW/wlasl_28210_aug_temporal.mp4,HOW
HOW/wlasl_28211.mp4,HOW
HOW/wlasl_28211_aug_brightness_contrast.mp4,HOW
HOW/wlasl_28211_aug_horizontal_flip.mp4,HOW
HOW/wlasl_28211_aug_slight_rotation.mp4,HOW
HOW/wlasl_28211_aug_temporal.mp4,HOW
HOW/wlasl_69370.mp4,HOW
HOW/wlasl_69370_aug_brightness_contrast.mp4,HOW
HOW/wlasl_69370_aug_horizontal_flip.mp4,HOW
HOW/wlasl_69370_aug_slight_rotation.mp4,HOW
HOW/wlasl_69370_aug_temporal.mp4,HOW
KITCHEN/ASLLVD_KITCHEN__ASL_2007_05_24_scene18-1781-1835_camera1.mov,KITCHEN
KITCHEN/ASLLVD_KITCHEN__ASL_2007_05_24_scene18-1781-1835_camera1_aug_brightness_contrast.mp4,KITCHEN
KITCHEN/ASLLVD_KITCHEN__ASL_2007_05_24_scene18-1781-1835_camera1_aug_horizontal_flip.mp4,KITCHEN
KITCHEN/ASLLVD_KITCHEN__ASL_2007_05_24_scene18-1781-1835_camera1_aug_slight_rotation.mp4,KITCHEN
KITCHEN/ASLLVD_KITCHEN__ASL_2007_05_24_scene18-1781-1835_camera1_aug_temporal.mp4,KITCHEN
KITCHEN/ASLLVD_KITCHEN__ASL_2008_05_12_scene4-4782-4830_camera1.mov,KITCHEN
KITCHEN/ASLLVD_KITCHEN__ASL_2008_05_12_scene4-4782-4830_camera1_aug_brightness_contrast.mp4,KITCHEN
KITCHEN/ASLLVD_KITCHEN__ASL_2008_05_12_scene4-4782-4830_camera1_aug_horizontal_flip.mp4,KITCHEN
KITCHEN/ASLLVD_KITCHEN__ASL_2008_05_12_scene4-4782-4830_camera1_aug_slight_rotation.mp4,KITCHEN
KITCHEN/ASLLVD_KITCHEN__ASL_2008_05_12_scene4-4782-4830_camera1_aug_temporal.mp4,KITCHEN
KITCHEN/ASLLVD_KITCHEN__ASL_2008_08_06_scene4-2715-2765_camera1.mov,KITCHEN
KITCHEN/ASLLVD_KITCHEN__ASL_2008_08_06_scene4-2715-2765_camera1_aug_brightness_contrast.mp4,KITCHEN
KITCHEN/ASLLVD_KITCHEN__ASL_2008_08_06_scene4-2715-2765_camera1_aug_horizontal_flip.mp4,KITCHEN
KITCHEN/ASLLVD_KITCHEN__ASL_2008_08_06_scene4-2715-2765_camera1_aug_slight_rotation.mp4,KITCHEN
KITCHEN/ASLLVD_KITCHEN__ASL_2008_08_06_scene4-2715-2765_camera1_aug_temporal.mp4,KITCHEN
KITCHEN/ASLLVD_KITCHEN__ASL_2011_06_08_scene30-3912-3950_camera1.mov,KITCHEN
KITCHEN/ASLLVD_KITCHEN__ASL_2011_06_08_scene30-3912-3950_camera1_aug_brightness_contrast.mp4,KITCHEN
KITCHEN/ASLLVD_KITCHEN__ASL_2011_06_08_scene30-3912-3950_camera1_aug_horizontal_flip.mp4,KITCHEN
KITCHEN/ASLLVD_KITCHEN__ASL_2011_06_08_scene30-3912-3950_camera1_aug_slight_rotation.mp4,KITCHEN
KITCHEN/ASLLVD_KITCHEN__ASL_2011_06_08_scene30-3912-3950_camera1_aug_temporal.mp4,KITCHEN
KITCHEN/desktop.ini,KITCHEN
KITCHEN/desktop_aug_brightness_contrast.mp4,KITCHEN
KITCHEN/desktop_aug_horizontal_flip.mp4,KITCHEN
KITCHEN/desktop_aug_slight_rotation.mp4,KITCHEN
KITCHEN/desktop_aug_temporal.mp4,KITCHEN
KITCHEN/msasl_kitchen_ASL1_Class_54_New_SIGNS.mp4.mkv,KITCHEN
KITCHEN/msasl_kitchen_ASL1_Class_54_New_SIGNS.mp4_aug_brightness_contrast.mp4,KITCHEN
KITCHEN/msasl_kitchen_ASL1_Class_54_New_SIGNS.mp4_aug_horizontal_flip.mp4,KITCHEN
KITCHEN/msasl_kitchen_ASL1_Class_54_New_SIGNS.mp4_aug_slight_rotation.mp4,KITCHEN
KITCHEN/msasl_kitchen_ASL1_Class_54_New_SIGNS.mp4_aug_temporal.mp4,KITCHEN
KITCHEN/msasl_kitchen_ASL2_Class_7_SIGNS.mp4.mkv,KITCHEN
KITCHEN/msasl_kitchen_ASL2_Class_7_SIGNS.mp4_aug_brightness_contrast.mp4,KITCHEN
KITCHEN/msasl_kitchen_ASL2_Class_7_SIGNS.mp4_aug_horizontal_flip.mp4,KITCHEN
KITCHEN/msasl_kitchen_ASL2_Class_7_SIGNS.mp4_aug_slight_rotation.mp4,KITCHEN
KITCHEN/msasl_kitchen_ASL2_Class_7_SIGNS.mp4_aug_temporal.mp4,KITCHEN
KITCHEN/msasl_kitchen_ASL_1_Unit_3_Vocabulary.mp4.mkv,KITCHEN
KITCHEN/msasl_kitchen_ASL_1_Unit_3_Vocabulary.mp4_aug_brightness_contrast.mp4,KITCHEN
KITCHEN/msasl_kitchen_ASL_1_Unit_3_Vocabulary.mp4_aug_horizontal_flip.mp4,KITCHEN
KITCHEN/msasl_kitchen_ASL_1_Unit_3_Vocabulary.mp4_aug_slight_rotation.mp4,KITCHEN
KITCHEN/msasl_kitchen_ASL_1_Unit_3_Vocabulary.mp4_aug_temporal.mp4,KITCHEN
KITCHEN/msasl_kitchen_ASL_2_Unit_13_Vocabulary.mp4.mkv,KITCHEN
KITCHEN/msasl_kitchen_ASL_2_Unit_13_Vocabulary.mp4_aug_brightness_contrast.mp4,KITCHEN
KITCHEN/msasl_kitchen_ASL_2_Unit_13_Vocabulary.mp4_aug_horizontal_flip.mp4,KITCHEN
KITCHEN/msasl_kitchen_ASL_2_Unit_13_Vocabulary.mp4_aug_slight_rotation.mp4,KITCHEN
KITCHEN/msasl_kitchen_ASL_2_Unit_13_Vocabulary.mp4_aug_temporal.mp4,KITCHEN
KITCHEN/msasl_kitchen_ASL_I_Unit_12.mp4.mkv,KITCHEN
KITCHEN/msasl_kitchen_ASL_I_Unit_12.mp4_aug_brightness_contrast.mp4,KITCHEN
KITCHEN/msasl_kitchen_ASL_I_Unit_12.mp4_aug_horizontal_flip.mp4,KITCHEN
KITCHEN/msasl_kitchen_ASL_I_Unit_12.mp4_aug_slight_rotation.mp4,KITCHEN
KITCHEN/msasl_kitchen_ASL_I_Unit_12.mp4_aug_temporal.mp4,KITCHEN
KITCHEN/msasl_kitchen_ASL_Level_2_Unit_12_Vocabulary.mp4,KITCHEN
KITCHEN/msasl_kitchen_ASL_Level_2_Unit_12_Vocabulary_aug_brightness_contrast.mp4,KITCHEN
KITCHEN/msasl_kitchen_ASL_Level_2_Unit_12_Vocabulary_aug_horizontal_flip.mp4,KITCHEN
KITCHEN/msasl_kitchen_ASL_Level_2_Unit_12_Vocabulary_aug_slight_rotation.mp4,KITCHEN
KITCHEN/msasl_kitchen_ASL_Level_2_Unit_12_Vocabulary_aug_temporal.mp4,KITCHEN
KITCHEN/msasl_kitchen_Around_the_House.mp4.mkv,KITCHEN
KITCHEN/msasl_kitchen_Around_the_House.mp4_aug_brightness_contrast.mp4,KITCHEN
KITCHEN/msasl_kitchen_Around_the_House.mp4_aug_horizontal_flip.mp4,KITCHEN
KITCHEN/msasl_kitchen_Around_the_House.mp4_aug_slight_rotation.mp4,KITCHEN
KITCHEN/msasl_kitchen_Around_the_House.mp4_aug_temporal.mp4,KITCHEN
KITCHEN/msasl_kitchen_Dr_Wooten_Signing_Unit_9_Vocabulary.mp4.mkv,KITCHEN
KITCHEN/msasl_kitchen_Dr_Wooten_Signing_Unit_9_Vocabulary.mp4_aug_brightness_contrast.mp4,KITCHEN
KITCHEN/msasl_kitchen_Dr_Wooten_Signing_Unit_9_Vocabulary.mp4_aug_horizontal_flip.mp4,KITCHEN
KITCHEN/msasl_kitchen_Dr_Wooten_Signing_Unit_9_Vocabulary.mp4_aug_slight_rotation.mp4,KITCHEN
KITCHEN/msasl_kitchen_Dr_Wooten_Signing_Unit_9_Vocabulary.mp4_aug_temporal.mp4,KITCHEN
KITCHEN/msasl_kitchen_KITCHEN(1).mp4.mkv,KITCHEN
KITCHEN/msasl_kitchen_KITCHEN(1).mp4_aug_brightness_contrast.mp4,KITCHEN
KITCHEN/msasl_kitchen_KITCHEN(1).mp4_aug_horizontal_flip.mp4,KITCHEN
KITCHEN/msasl_kitchen_KITCHEN(1).mp4_aug_slight_rotation.mp4,KITCHEN
KITCHEN/msasl_kitchen_KITCHEN(1).mp4_aug_temporal.mp4,KITCHEN
KITCHEN/msasl_kitchen_KITCHEN_(alternative).mp4.mkv,KITCHEN
KITCHEN/msasl_kitchen_KITCHEN_(alternative).mp4_aug_brightness_contrast.mp4,KITCHEN
KITCHEN/msasl_kitchen_KITCHEN_(alternative).mp4_aug_horizontal_flip.mp4,KITCHEN
KITCHEN/msasl_kitchen_KITCHEN_(alternative).mp4_aug_slight_rotation.mp4,KITCHEN
KITCHEN/msasl_kitchen_KITCHEN_(alternative).mp4_aug_temporal.mp4,KITCHEN
KITCHEN/msasl_kitchen_Kitchen.mp4.mkv,KITCHEN
KITCHEN/msasl_kitchen_Kitchen.mp4_aug_brightness_contrast.mp4,KITCHEN
KITCHEN/msasl_kitchen_Kitchen.mp4_aug_horizontal_flip.mp4,KITCHEN
KITCHEN/msasl_kitchen_Kitchen.mp4_aug_slight_rotation.mp4,KITCHEN
KITCHEN/msasl_kitchen_Kitchen.mp4_aug_temporal.mp4,KITCHEN
KITCHEN/msasl_kitchen_Lesson_12_Vocabulary_-_A_Basic_Course_(ABC)_in_ASL.mp4.mkv,KITCHEN
KITCHEN/msasl_kitchen_Lesson_12_Vocabulary_-_A_Basic_Course_(ABC)_in_ASL.mp4_aug_brightness_contrast.mp4,KITCHEN
KITCHEN/msasl_kitchen_Lesson_12_Vocabulary_-_A_Basic_Course_(ABC)_in_ASL.mp4_aug_horizontal_flip.mp4,KITCHEN
KITCHEN/msasl_kitchen_Lesson_12_Vocabulary_-_A_Basic_Course_(ABC)_in_ASL.mp4_aug_slight_rotation.mp4,KITCHEN
KITCHEN/msasl_kitchen_Lesson_12_Vocabulary_-_A_Basic_Course_(ABC)_in_ASL.mp4_aug_temporal.mp4,KITCHEN
KITCHEN/msasl_kitchen_Sign_for_KITCHEN.mp4.mkv,KITCHEN
KITCHEN/msasl_kitchen_Sign_for_KITCHEN.mp4_aug_brightness_contrast.mp4,KITCHEN
KITCHEN/msasl_kitchen_Sign_for_KITCHEN.mp4_aug_horizontal_flip.mp4,KITCHEN
KITCHEN/msasl_kitchen_Sign_for_KITCHEN.mp4_aug_slight_rotation.mp4,KITCHEN
KITCHEN/msasl_kitchen_Sign_for_KITCHEN.mp4_aug_temporal.mp4,KITCHEN
KITCHEN/msasl_kitchen_Signing_Naturally_Vocab_Unit_13.mp4,KITCHEN
KITCHEN/msasl_kitchen_Signing_Naturally_Vocab_Unit_13_aug_brightness_contrast.mp4,KITCHEN
KITCHEN/msasl_kitchen_Signing_Naturally_Vocab_Unit_13_aug_horizontal_flip.mp4,KITCHEN
KITCHEN/msasl_kitchen_Signing_Naturally_Vocab_Unit_13_aug_slight_rotation.mp4,KITCHEN
KITCHEN/msasl_kitchen_Signing_Naturally_Vocab_Unit_13_aug_temporal.mp4,KITCHEN
KITCHEN/msasl_kitchen_Unit_07_Vocabulary.mp4.webm,KITCHEN
KITCHEN/msasl_kitchen_Unit_07_Vocabulary.mp4_aug_brightness_contrast.mp4,KITCHEN
KITCHEN/msasl_kitchen_Unit_07_Vocabulary.mp4_aug_horizontal_flip.mp4,KITCHEN
KITCHEN/msasl_kitchen_Unit_07_Vocabulary.mp4_aug_slight_rotation.mp4,KITCHEN
KITCHEN/msasl_kitchen_Unit_07_Vocabulary.mp4_aug_temporal.mp4,KITCHEN
KITCHEN/msasl_kitchen_Unit_10.mp4.mkv,KITCHEN
KITCHEN/msasl_kitchen_Unit_10.mp4_aug_brightness_contrast.mp4,KITCHEN
KITCHEN/msasl_kitchen_Unit_10.mp4_aug_horizontal_flip.mp4,KITCHEN
KITCHEN/msasl_kitchen_Unit_10.mp4_aug_slight_rotation.mp4,KITCHEN
KITCHEN/msasl_kitchen_Unit_10.mp4_aug_temporal.mp4,KITCHEN
KITCHEN/msasl_kitchen_Unit_10_Vocabulary.mp4.mkv,KITCHEN
KITCHEN/msasl_kitchen_Unit_10_Vocabulary.mp4_aug_brightness_contrast.mp4,KITCHEN
KITCHEN/msasl_kitchen_Unit_10_Vocabulary.mp4_aug_horizontal_flip.mp4,KITCHEN
KITCHEN/msasl_kitchen_Unit_10_Vocabulary.mp4_aug_slight_rotation.mp4,KITCHEN
KITCHEN/msasl_kitchen_Unit_10_Vocabulary.mp4_aug_temporal.mp4,KITCHEN
KITCHEN/msasl_kitchen_Unit_10_Vocabulary_-_Part_1mp4.mp4,KITCHEN
KITCHEN/msasl_kitchen_Unit_10_Vocabulary_-_Part_1mp4_aug_brightness_contrast.mp4,KITCHEN
KITCHEN/msasl_kitchen_Unit_10_Vocabulary_-_Part_1mp4_aug_horizontal_flip.mp4,KITCHEN
KITCHEN/msasl_kitchen_Unit_10_Vocabulary_-_Part_1mp4_aug_slight_rotation.mp4,KITCHEN
KITCHEN/msasl_kitchen_Unit_10_Vocabulary_-_Part_1mp4_aug_temporal.mp4,KITCHEN
KITCHEN/msasl_kitchen_Unit_7_Vocabularymp4.mp4.mkv,KITCHEN
KITCHEN/msasl_kitchen_Unit_7_Vocabularymp4.mp4_aug_brightness_contrast.mp4,KITCHEN
KITCHEN/msasl_kitchen_Unit_7_Vocabularymp4.mp4_aug_horizontal_flip.mp4,KITCHEN
KITCHEN/msasl_kitchen_Unit_7_Vocabularymp4.mp4_aug_slight_rotation.mp4,KITCHEN
KITCHEN/msasl_kitchen_Unit_7_Vocabularymp4.mp4_aug_temporal.mp4,KITCHEN
KITCHEN/msasl_kitchen_Unit_9_Vocabulary.mp4.mkv,KITCHEN
KITCHEN/msasl_kitchen_Unit_9_Vocabulary.mp4_aug_brightness_contrast.mp4,KITCHEN
KITCHEN/msasl_kitchen_Unit_9_Vocabulary.mp4_aug_horizontal_flip.mp4,KITCHEN
KITCHEN/msasl_kitchen_Unit_9_Vocabulary.mp4_aug_slight_rotation.mp4,KITCHEN
KITCHEN/msasl_kitchen_Unit_9_Vocabulary.mp4_aug_temporal.mp4,KITCHEN
KNOW/ASLLVD_KNOW__ASL_2008_02_01_scene42-1550-1580_camera1.mov,KNOW
KNOW/ASLLVD_KNOW__ASL_2008_02_01_scene42-1550-1580_camera1_aug_brightness_contrast.mp4,KNOW
KNOW/ASLLVD_KNOW__ASL_2008_02_01_scene42-1550-1580_camera1_aug_horizontal_flip.mp4,KNOW
KNOW/ASLLVD_KNOW__ASL_2008_02_01_scene42-1550-1580_camera1_aug_slight_rotation.mp4,KNOW
KNOW/ASLLVD_KNOW__ASL_2008_02_01_scene42-1550-1580_camera1_aug_temporal.mp4,KNOW
KNOW/ASLLVD_KNOW__ASL_2008_05_29_scene15-1175-1211_camera1.mov,KNOW
KNOW/ASLLVD_KNOW__ASL_2008_05_29_scene15-1175-1211_camera1_aug_brightness_contrast.mp4,KNOW
KNOW/ASLLVD_KNOW__ASL_2008_05_29_scene15-1175-1211_camera1_aug_horizontal_flip.mp4,KNOW
KNOW/ASLLVD_KNOW__ASL_2008_05_29_scene15-1175-1211_camera1_aug_slight_rotation.mp4,KNOW
KNOW/ASLLVD_KNOW__ASL_2008_05_29_scene15-1175-1211_camera1_aug_temporal.mp4,KNOW
KNOW/ASLLVD_KNOW__ASL_2008_08_13_scene35-1428-1466_camera1.mov,KNOW
KNOW/ASLLVD_KNOW__ASL_2008_08_13_scene35-1428-1466_camera1_aug_brightness_contrast.mp4,KNOW
KNOW/ASLLVD_KNOW__ASL_2008_08_13_scene35-1428-1466_camera1_aug_horizontal_flip.mp4,KNOW
KNOW/ASLLVD_KNOW__ASL_2008_08_13_scene35-1428-1466_camera1_aug_slight_rotation.mp4,KNOW
KNOW/ASLLVD_KNOW__ASL_2008_08_13_scene35-1428-1466_camera1_aug_temporal.mp4,KNOW
KNOW/ASLLVD_KNOW__ASL_2011_06_14_scene16-268-302_camera1.mov,KNOW
KNOW/ASLLVD_KNOW__ASL_2011_06_14_scene16-268-302_camera1_aug_brightness_contrast.mp4,KNOW
KNOW/ASLLVD_KNOW__ASL_2011_06_14_scene16-268-302_camera1_aug_horizontal_flip.mp4,KNOW
KNOW/ASLLVD_KNOW__ASL_2011_06_14_scene16-268-302_camera1_aug_slight_rotation.mp4,KNOW
KNOW/ASLLVD_KNOW__ASL_2011_06_14_scene16-268-302_camera1_aug_temporal.mp4,KNOW
KNOW/ASLLVD_KNOW__ASL_2011_06_14_scene45-5224-5248_camera1.mov,KNOW
KNOW/ASLLVD_KNOW__ASL_2011_06_14_scene45-5224-5248_camera1_aug_brightness_contrast.mp4,KNOW
KNOW/ASLLVD_KNOW__ASL_2011_06_14_scene45-5224-5248_camera1_aug_horizontal_flip.mp4,KNOW
KNOW/ASLLVD_KNOW__ASL_2011_06_14_scene45-5224-5248_camera1_aug_slight_rotation.mp4,KNOW
KNOW/ASLLVD_KNOW__ASL_2011_06_14_scene45-5224-5248_camera1_aug_temporal.mp4,KNOW
KNOW/desktop.ini,KNOW
KNOW/desktop_aug_brightness_contrast.mp4,KNOW
KNOW/desktop_aug_horizontal_flip.mp4,KNOW
KNOW/desktop_aug_slight_rotation.mp4,KNOW
KNOW/desktop_aug_temporal.mp4,KNOW
KNOW/msasl_know_ASL1_Class_5_New_SIGNS.mp4,KNOW
KNOW/msasl_know_ASL1_Class_5_New_SIGNS_aug_brightness_contrast.mp4,KNOW
KNOW/msasl_know_ASL1_Class_5_New_SIGNS_aug_horizontal_flip.mp4,KNOW
KNOW/msasl_know_ASL1_Class_5_New_SIGNS_aug_slight_rotation.mp4,KNOW
KNOW/msasl_know_ASL1_Class_5_New_SIGNS_aug_temporal.mp4,KNOW
KNOW/msasl_know_ASL_1_Set_2_Supplemental_Vocabulary.mp4.mkv,KNOW
KNOW/msasl_know_ASL_1_Set_2_Supplemental_Vocabulary.mp4_aug_brightness_contrast.mp4,KNOW
KNOW/msasl_know_ASL_1_Set_2_Supplemental_Vocabulary.mp4_aug_horizontal_flip.mp4,KNOW
KNOW/msasl_know_ASL_1_Set_2_Supplemental_Vocabulary.mp4_aug_slight_rotation.mp4,KNOW
KNOW/msasl_know_ASL_1_Set_2_Supplemental_Vocabulary.mp4_aug_temporal.mp4,KNOW
KNOW/msasl_know_ASL_1st_class_VOCABULARY_BUILDER.mp4.mkv,KNOW
KNOW/msasl_know_ASL_1st_class_VOCABULARY_BUILDER.mp4_aug_brightness_contrast.mp4,KNOW
KNOW/msasl_know_ASL_1st_class_VOCABULARY_BUILDER.mp4_aug_horizontal_flip.mp4,KNOW
KNOW/msasl_know_ASL_1st_class_VOCABULARY_BUILDER.mp4_aug_slight_rotation.mp4,KNOW
KNOW/msasl_know_ASL_1st_class_VOCABULARY_BUILDER.mp4_aug_temporal.mp4,KNOW
KNOW/msasl_know_ASL_2_UNIT_14_VOCABULARY.mp4.mkv,KNOW
KNOW/msasl_know_ASL_2_UNIT_14_VOCABULARY.mp4_aug_brightness_contrast.mp4,KNOW
KNOW/msasl_know_ASL_2_UNIT_14_VOCABULARY.mp4_aug_horizontal_flip.mp4,KNOW
KNOW/msasl_know_ASL_2_UNIT_14_VOCABULARY.mp4_aug_slight_rotation.mp4,KNOW
KNOW/msasl_know_ASL_2_UNIT_14_VOCABULARY.mp4_aug_temporal.mp4,KNOW
KNOW/msasl_know_ASL_Class_02-08-10.mp4.mkv,KNOW
KNOW/msasl_know_ASL_Class_02-08-10.mp4_aug_brightness_contrast.mp4,KNOW
KNOW/msasl_know_ASL_Class_02-08-10.mp4_aug_horizontal_flip.mp4,KNOW
KNOW/msasl_know_ASL_Class_02-08-10.mp4_aug_slight_rotation.mp4,KNOW
KNOW/msasl_know_ASL_Class_02-08-10.mp4_aug_temporal.mp4,KNOW
KNOW/msasl_know_ASL_I_-_Unit_2_-_Vocabulary.mp4,KNOW
KNOW/msasl_know_ASL_I_-_Unit_2_-_Vocabulary_aug_brightness_contrast.mp4,KNOW
KNOW/msasl_know_ASL_I_-_Unit_2_-_Vocabulary_aug_horizontal_flip.mp4,KNOW
KNOW/msasl_know_ASL_I_-_Unit_2_-_Vocabulary_aug_slight_rotation.mp4,KNOW
KNOW/msasl_know_ASL_I_-_Unit_2_-_Vocabulary_aug_temporal.mp4,KNOW
KNOW/msasl_know_ASL_Know_.mp4,KNOW
KNOW/msasl_know_ASL_Know__aug_brightness_contrast.mp4,KNOW
KNOW/msasl_know_ASL_Know__aug_horizontal_flip.mp4,KNOW
KNOW/msasl_know_ASL_Know__aug_slight_rotation.mp4,KNOW
KNOW/msasl_know_ASL_Know__aug_temporal.mp4,KNOW
KNOW/msasl_know_ASL_Unit_One_Vocabulary.mp4,KNOW
KNOW/msasl_know_ASL_Unit_One_Vocabulary_aug_brightness_contrast.mp4,KNOW
KNOW/msasl_know_ASL_Unit_One_Vocabulary_aug_horizontal_flip.mp4,KNOW
KNOW/msasl_know_ASL_Unit_One_Vocabulary_aug_slight_rotation.mp4,KNOW
KNOW/msasl_know_ASL_Unit_One_Vocabulary_aug_temporal.mp4,KNOW
KNOW/msasl_know_Aug_to_Oct_Voc_Captions.mp4.mkv,KNOW
KNOW/msasl_know_Aug_to_Oct_Voc_Captions.mp4_aug_brightness_contrast.mp4,KNOW
KNOW/msasl_know_Aug_to_Oct_Voc_Captions.mp4_aug_horizontal_flip.mp4,KNOW
KNOW/msasl_know_Aug_to_Oct_Voc_Captions.mp4_aug_slight_rotation.mp4,KNOW
KNOW/msasl_know_Aug_to_Oct_Voc_Captions.mp4_aug_temporal.mp4,KNOW
KNOW/msasl_know_Beginner_Vocabulary.mp4.mkv,KNOW
KNOW/msasl_know_Beginner_Vocabulary.mp4_aug_brightness_contrast.mp4,KNOW
KNOW/msasl_know_Beginner_Vocabulary.mp4_aug_horizontal_flip.mp4,KNOW
KNOW/msasl_know_Beginner_Vocabulary.mp4_aug_slight_rotation.mp4,KNOW
KNOW/msasl_know_Beginner_Vocabulary.mp4_aug_temporal.mp4,KNOW
KNOW/msasl_know_Facial_Expressions_Vocabulary_Video_ASL_-_American_Sign_Language.mp4.mkv,KNOW
KNOW/msasl_know_Facial_Expressions_Vocabulary_Video_ASL_-_American_Sign_Language.mp4_aug_brightness_contrast.mp4,KNOW
KNOW/msasl_know_Facial_Expressions_Vocabulary_Video_ASL_-_American_Sign_Language.mp4_aug_horizontal_flip.mp4,KNOW
KNOW/msasl_know_Facial_Expressions_Vocabulary_Video_ASL_-_American_Sign_Language.mp4_aug_slight_rotation.mp4,KNOW
KNOW/msasl_know_Facial_Expressions_Vocabulary_Video_ASL_-_American_Sign_Language.mp4_aug_temporal.mp4,KNOW
KNOW/msasl_know_KNOW(2).mp4.webm,KNOW
KNOW/msasl_know_KNOW(2).mp4_aug_brightness_contrast.mp4,KNOW
KNOW/msasl_know_KNOW(2).mp4_aug_horizontal_flip.mp4,KNOW
KNOW/msasl_know_KNOW(2).mp4_aug_slight_rotation.mp4,KNOW
KNOW/msasl_know_KNOW(2).mp4_aug_temporal.mp4,KNOW
KNOW/msasl_know_Know(1).mp4,KNOW
KNOW/msasl_know_Know(1)_aug_brightness_contrast.mp4,KNOW
KNOW/msasl_know_Know(1)_aug_horizontal_flip.mp4,KNOW
KNOW/msasl_know_Know(1)_aug_slight_rotation.mp4,KNOW
KNOW/msasl_know_Know(1)_aug_temporal.mp4,KNOW
KNOW/msasl_know_Know.mp4.mkv,KNOW
KNOW/msasl_know_Know.mp4_aug_brightness_contrast.mp4,KNOW
KNOW/msasl_know_Know.mp4_aug_horizontal_flip.mp4,KNOW
KNOW/msasl_know_Know.mp4_aug_slight_rotation.mp4,KNOW
KNOW/msasl_know_Know.mp4_aug_temporal.mp4,KNOW
KNOW/msasl_know_LASL_-_Ch_6_Vocab.mp4.mkv,KNOW
KNOW/msasl_know_LASL_-_Ch_6_Vocab.mp4_aug_brightness_contrast.mp4,KNOW
KNOW/msasl_know_LASL_-_Ch_6_Vocab.mp4_aug_horizontal_flip.mp4,KNOW
KNOW/msasl_know_LASL_-_Ch_6_Vocab.mp4_aug_slight_rotation.mp4,KNOW
KNOW/msasl_know_LASL_-_Ch_6_Vocab.mp4_aug_temporal.mp4,KNOW
KNOW/msasl_know_Lesson_3_Vocabulary_-_A_Basic_Course_(ABC)_in_ASL.mp4.mkv,KNOW
KNOW/msasl_know_Lesson_3_Vocabulary_-_A_Basic_Course_(ABC)_in_ASL.mp4_aug_brightness_contrast.mp4,KNOW
KNOW/msasl_know_Lesson_3_Vocabulary_-_A_Basic_Course_(ABC)_in_ASL.mp4_aug_horizontal_flip.mp4,KNOW
KNOW/msasl_know_Lesson_3_Vocabulary_-_A_Basic_Course_(ABC)_in_ASL.mp4_aug_slight_rotation.mp4,KNOW
KNOW/msasl_know_Lesson_3_Vocabulary_-_A_Basic_Course_(ABC)_in_ASL.mp4_aug_temporal.mp4,KNOW
KNOW/msasl_know_Mr_Jensen_ASL_-_School.mp4.mkv,KNOW
KNOW/msasl_know_Mr_Jensen_ASL_-_School.mp4_aug_brightness_contrast.mp4,KNOW
KNOW/msasl_know_Mr_Jensen_ASL_-_School.mp4_aug_horizontal_flip.mp4,KNOW
KNOW/msasl_know_Mr_Jensen_ASL_-_School.mp4_aug_slight_rotation.mp4,KNOW
KNOW/msasl_know_Mr_Jensen_ASL_-_School.mp4_aug_temporal.mp4,KNOW
KNOW/msasl_know_SN_Unit_1_Video_Vocab_Review.mp4.mkv,KNOW
KNOW/msasl_know_SN_Unit_1_Video_Vocab_Review.mp4_aug_brightness_contrast.mp4,KNOW
KNOW/msasl_know_SN_Unit_1_Video_Vocab_Review.mp4_aug_horizontal_flip.mp4,KNOW
KNOW/msasl_know_SN_Unit_1_Video_Vocab_Review.mp4_aug_slight_rotation.mp4,KNOW
KNOW/msasl_know_SN_Unit_1_Video_Vocab_Review.mp4_aug_temporal.mp4,KNOW
KNOW/msasl_know_Sign_for_KNOW_from_page_15.mp4.mkv,KNOW
KNOW/msasl_know_Sign_for_KNOW_from_page_15.mp4_aug_brightness_contrast.mp4,KNOW
KNOW/msasl_know_Sign_for_KNOW_from_page_15.mp4_aug_horizontal_flip.mp4,KNOW
KNOW/msasl_know_Sign_for_KNOW_from_page_15.mp4_aug_slight_rotation.mp4,KNOW
KNOW/msasl_know_Sign_for_KNOW_from_page_15.mp4_aug_temporal.mp4,KNOW
KNOW/msasl_know_The_First_100_Signs_You_Need_to_Know.mp4.webm,KNOW
KNOW/msasl_know_The_First_100_Signs_You_Need_to_Know.mp4_aug_brightness_contrast.mp4,KNOW
KNOW/msasl_know_The_First_100_Signs_You_Need_to_Know.mp4_aug_horizontal_flip.mp4,KNOW
KNOW/msasl_know_The_First_100_Signs_You_Need_to_Know.mp4_aug_slight_rotation.mp4,KNOW
KNOW/msasl_know_The_First_100_Signs_You_Need_to_Know.mp4_aug_temporal.mp4,KNOW
KNOW/msasl_know_Unit_1(1).mp4.webm,KNOW
KNOW/msasl_know_Unit_1(1).mp4_aug_brightness_contrast.mp4,KNOW
KNOW/msasl_know_Unit_1(1).mp4_aug_horizontal_flip.mp4,KNOW
KNOW/msasl_know_Unit_1(1).mp4_aug_slight_rotation.mp4,KNOW
KNOW/msasl_know_Unit_1(1).mp4_aug_temporal.mp4,KNOW
KNOW/msasl_know_Unit_1.mp4,KNOW
KNOW/msasl_know_Unit_1_aug_brightness_contrast.mp4,KNOW
KNOW/msasl_know_Unit_1_aug_horizontal_flip.mp4,KNOW
KNOW/msasl_know_Unit_1_aug_slight_rotation.mp4,KNOW
KNOW/msasl_know_Unit_1_aug_temporal.mp4,KNOW
KNOW/msasl_know_Unit_1_Vocabulary.mp4.mkv,KNOW
KNOW/msasl_know_Unit_1_Vocabulary.mp4_aug_brightness_contrast.mp4,KNOW
KNOW/msasl_know_Unit_1_Vocabulary.mp4_aug_horizontal_flip.mp4,KNOW
KNOW/msasl_know_Unit_1_Vocabulary.mp4_aug_slight_rotation.mp4,KNOW
KNOW/msasl_know_Unit_1_Vocabulary.mp4_aug_temporal.mp4,KNOW
KNOW/msasl_know_Unit_1_Vocabulary_ASL_Level_1_-_American_Sign_Language.mp4.webm,KNOW
KNOW/msasl_know_Unit_1_Vocabulary_ASL_Level_1_-_American_Sign_Language.mp4_aug_brightness_contrast.mp4,KNOW
KNOW/msasl_know_Unit_1_Vocabulary_ASL_Level_1_-_American_Sign_Language.mp4_aug_horizontal_flip.mp4,KNOW
KNOW/msasl_know_Unit_1_Vocabulary_ASL_Level_1_-_American_Sign_Language.mp4_aug_slight_rotation.mp4,KNOW
KNOW/msasl_know_Unit_1_Vocabulary_ASL_Level_1_-_American_Sign_Language.mp4_aug_temporal.mp4,KNOW
KNOW/msasl_know_Unit_1_vocabulary_part_1.mp4.mkv,KNOW
KNOW/msasl_know_Unit_1_vocabulary_part_1.mp4_aug_brightness_contrast.mp4,KNOW
KNOW/msasl_know_Unit_1_vocabulary_part_1.mp4_aug_horizontal_flip.mp4,KNOW
KNOW/msasl_know_Unit_1_vocabulary_part_1.mp4_aug_slight_rotation.mp4,KNOW
KNOW/msasl_know_Unit_1_vocabulary_part_1.mp4_aug_temporal.mp4,KNOW
KNOW/msasl_know_Unit_6.mp4.mkv,KNOW
KNOW/msasl_know_Unit_6.mp4_aug_brightness_contrast.mp4,KNOW
KNOW/msasl_know_Unit_6.mp4_aug_horizontal_flip.mp4,KNOW
KNOW/msasl_know_Unit_6.mp4_aug_slight_rotation.mp4,KNOW
KNOW/msasl_know_Unit_6.mp4_aug_temporal.mp4,KNOW
KNOW/msasl_know_Useful_vocab.mp4,KNOW
KNOW/msasl_know_Useful_vocab_aug_brightness_contrast.mp4,KNOW
KNOW/msasl_know_Useful_vocab_aug_horizontal_flip.mp4,KNOW
KNOW/msasl_know_Useful_vocab_aug_slight_rotation.mp4,KNOW
KNOW/msasl_know_Useful_vocab_aug_temporal.mp4,KNOW
KNOW/msasl_know_know.mp4,KNOW
KNOW/msasl_know_know_aug_brightness_contrast.mp4,KNOW
KNOW/msasl_know_know_aug_horizontal_flip.mp4,KNOW
KNOW/msasl_know_know_aug_slight_rotation.mp4,KNOW
KNOW/msasl_know_know_aug_temporal.mp4,KNOW
KNOW/msasl_know_know_in_American_Sign_Language.mp4,KNOW
KNOW/msasl_know_know_in_American_Sign_Language_aug_brightness_contrast.mp4,KNOW
KNOW/msasl_know_know_in_American_Sign_Language_aug_horizontal_flip.mp4,KNOW
KNOW/msasl_know_know_in_American_Sign_Language_aug_slight_rotation.mp4,KNOW
KNOW/msasl_know_know_in_American_Sign_Language_aug_temporal.mp4,KNOW
KNOW/wlasl_31897.mp4,KNOW
KNOW/wlasl_31897_aug_brightness_contrast.mp4,KNOW
KNOW/wlasl_31897_aug_horizontal_flip.mp4,KNOW
KNOW/wlasl_31897_aug_slight_rotation.mp4,KNOW
KNOW/wlasl_31897_aug_temporal.mp4,KNOW
KNOW/wlasl_31898.mp4,KNOW
KNOW/wlasl_31898_aug_brightness_contrast.mp4,KNOW
KNOW/wlasl_31898_aug_horizontal_flip.mp4,KNOW
KNOW/wlasl_31898_aug_slight_rotation.mp4,KNOW
KNOW/wlasl_31898_aug_temporal.mp4,KNOW
KNOW/wlasl_31899.mp4,KNOW
KNOW/wlasl_31899_aug_brightness_contrast.mp4,KNOW
KNOW/wlasl_31899_aug_horizontal_flip.mp4,KNOW
KNOW/wlasl_31899_aug_slight_rotation.mp4,KNOW
KNOW/wlasl_31899_aug_temporal.mp4,KNOW
KNOW/wlasl_31900.mp4,KNOW
KNOW/wlasl_31900_aug_brightness_contrast.mp4,KNOW
KNOW/wlasl_31900_aug_horizontal_flip.mp4,KNOW
KNOW/wlasl_31900_aug_slight_rotation.mp4,KNOW
KNOW/wlasl_31900_aug_temporal.mp4,KNOW
KNOW/wlasl_31901.mp4,KNOW
KNOW/wlasl_31901_aug_brightness_contrast.mp4,KNOW
KNOW/wlasl_31901_aug_horizontal_flip.mp4,KNOW
KNOW/wlasl_31901_aug_slight_rotation.mp4,KNOW
KNOW/wlasl_31901_aug_temporal.mp4,KNOW
KNOW/wlasl_31903.mp4,KNOW
KNOW/wlasl_31903_aug_brightness_contrast.mp4,KNOW
KNOW/wlasl_31903_aug_horizontal_flip.mp4,KNOW
KNOW/wlasl_31903_aug_slight_rotation.mp4,KNOW
KNOW/wlasl_31903_aug_temporal.mp4,KNOW
LIKE/ASLLVD_LIKE__ASL_2008_02_01_scene50-1140-1172_camera1.mov,LIKE
LIKE/ASLLVD_LIKE__ASL_2008_02_01_scene50-1140-1172_camera1_aug_brightness_contrast.mp4,LIKE
LIKE/ASLLVD_LIKE__ASL_2008_02_01_scene50-1140-1172_camera1_aug_horizontal_flip.mp4,LIKE
LIKE/ASLLVD_LIKE__ASL_2008_02_01_scene50-1140-1172_camera1_aug_slight_rotation.mp4,LIKE
LIKE/ASLLVD_LIKE__ASL_2008_02_01_scene50-1140-1172_camera1_aug_temporal.mp4,LIKE
LIKE/ASLLVD_LIKE__ASL_2008_06_10_scene2-770-801_camera1.mov,LIKE
LIKE/ASLLVD_LIKE__ASL_2008_06_10_scene2-770-801_camera1_aug_brightness_contrast.mp4,LIKE
LIKE/ASLLVD_LIKE__ASL_2008_06_10_scene2-770-801_camera1_aug_horizontal_flip.mp4,LIKE
LIKE/ASLLVD_LIKE__ASL_2008_06_10_scene2-770-801_camera1_aug_slight_rotation.mp4,LIKE
LIKE/ASLLVD_LIKE__ASL_2008_06_10_scene2-770-801_camera1_aug_temporal.mp4,LIKE
LIKE/ASLLVD_LIKE__ASL_2008_08_13_scene5-595-622_camera1.mov,LIKE
LIKE/ASLLVD_LIKE__ASL_2008_08_13_scene5-595-622_camera1_aug_brightness_contrast.mp4,LIKE
LIKE/ASLLVD_LIKE__ASL_2008_08_13_scene5-595-622_camera1_aug_horizontal_flip.mp4,LIKE
LIKE/ASLLVD_LIKE__ASL_2008_08_13_scene5-595-622_camera1_aug_slight_rotation.mp4,LIKE
LIKE/ASLLVD_LIKE__ASL_2008_08_13_scene5-595-622_camera1_aug_temporal.mp4,LIKE
LIKE/desktop.ini,LIKE
LIKE/desktop_aug_brightness_contrast.mp4,LIKE
LIKE/desktop_aug_horizontal_flip.mp4,LIKE
LIKE/desktop_aug_slight_rotation.mp4,LIKE
LIKE/desktop_aug_temporal.mp4,LIKE
LIKE/msasl_like_ASL1_Class_4_New_SIGNS_plus_Partner_Practice_QA_and_p29_Dialogue.mp4.mkv,LIKE
LIKE/msasl_like_ASL1_Class_4_New_SIGNS_plus_Partner_Practice_QA_and_p29_Dialogue.mp4_aug_brightness_contrast.mp4,LIKE
LIKE/msasl_like_ASL1_Class_4_New_SIGNS_plus_Partner_Practice_QA_and_p29_Dialogue.mp4_aug_horizontal_flip.mp4,LIKE
LIKE/msasl_like_ASL1_Class_4_New_SIGNS_plus_Partner_Practice_QA_and_p29_Dialogue.mp4_aug_slight_rotation.mp4,LIKE
LIKE/msasl_like_ASL1_Class_4_New_SIGNS_plus_Partner_Practice_QA_and_p29_Dialogue.mp4_aug_temporal.mp4,LIKE
LIKE/msasl_like_ASL1_Class_5_New_SIGNS.mp4.mkv,LIKE
LIKE/msasl_like_ASL1_Class_5_New_SIGNS.mp4_aug_brightness_contrast.mp4,LIKE
LIKE/msasl_like_ASL1_Class_5_New_SIGNS.mp4_aug_horizontal_flip.mp4,LIKE
LIKE/msasl_like_ASL1_Class_5_New_SIGNS.mp4_aug_slight_rotation.mp4,LIKE
LIKE/msasl_like_ASL1_Class_5_New_SIGNS.mp4_aug_temporal.mp4,LIKE
LIKE/msasl_like_ASL2_Class_51_SIGNS.mp4.mkv,LIKE
LIKE/msasl_like_ASL2_Class_51_SIGNS.mp4_aug_brightness_contrast.mp4,LIKE
LIKE/msasl_like_ASL2_Class_51_SIGNS.mp4_aug_horizontal_flip.mp4,LIKE
LIKE/msasl_like_ASL2_Class_51_SIGNS.mp4_aug_slight_rotation.mp4,LIKE
LIKE/msasl_like_ASL2_Class_51_SIGNS.mp4_aug_temporal.mp4,LIKE
LIKE/msasl_like_ASL_-_Like_and_Dislike.mp4.mkv,LIKE
LIKE/msasl_like_ASL_-_Like_and_Dislike.mp4_aug_brightness_contrast.mp4,LIKE
LIKE/msasl_like_ASL_-_Like_and_Dislike.mp4_aug_horizontal_flip.mp4,LIKE
LIKE/msasl_like_ASL_-_Like_and_Dislike.mp4_aug_slight_rotation.mp4,LIKE
LIKE/msasl_like_ASL_-_Like_and_Dislike.mp4_aug_temporal.mp4,LIKE
LIKE/msasl_like_ASL_1_Set_1_Supplemental_Vocabulary.mp4.mkv,LIKE
LIKE/msasl_like_ASL_1_Set_1_Supplemental_Vocabulary.mp4_aug_brightness_contrast.mp4,LIKE
LIKE/msasl_like_ASL_1_Set_1_Supplemental_Vocabulary.mp4_aug_horizontal_flip.mp4,LIKE
LIKE/msasl_like_ASL_1_Set_1_Supplemental_Vocabulary.mp4_aug_slight_rotation.mp4,LIKE
LIKE/msasl_like_ASL_1_Set_1_Supplemental_Vocabulary.mp4_aug_temporal.mp4,LIKE
LIKE/msasl_like_ASL_1_Set_5_Supplemental_Vocabulary.mp4.mkv,LIKE
LIKE/msasl_like_ASL_1_Set_5_Supplemental_Vocabulary.mp4_aug_brightness_contrast.mp4,LIKE
LIKE/msasl_like_ASL_1_Set_5_Supplemental_Vocabulary.mp4_aug_horizontal_flip.mp4,LIKE
LIKE/msasl_like_ASL_1_Set_5_Supplemental_Vocabulary.mp4_aug_slight_rotation.mp4,LIKE
LIKE/msasl_like_ASL_1_Set_5_Supplemental_Vocabulary.mp4_aug_temporal.mp4,LIKE
LIKE/msasl_like_ASL_1_Unit_3_Vocabulary.mp4.mkv,LIKE
LIKE/msasl_like_ASL_1_Unit_3_Vocabulary.mp4_aug_brightness_contrast.mp4,LIKE
LIKE/msasl_like_ASL_1_Unit_3_Vocabulary.mp4_aug_horizontal_flip.mp4,LIKE
LIKE/msasl_like_ASL_1_Unit_3_Vocabulary.mp4_aug_slight_rotation.mp4,LIKE
LIKE/msasl_like_ASL_1_Unit_3_Vocabulary.mp4_aug_temporal.mp4,LIKE
LIKE/msasl_like_ASL_1_Unit_4_Vocabulary(1).mp4.mkv,LIKE
LIKE/msasl_like_ASL_1_Unit_4_Vocabulary(1).mp4_aug_brightness_contrast.mp4,LIKE
LIKE/msasl_like_ASL_1_Unit_4_Vocabulary(1).mp4_aug_horizontal_flip.mp4,LIKE
LIKE/msasl_like_ASL_1_Unit_4_Vocabulary(1).mp4_aug_slight_rotation.mp4,LIKE
LIKE/msasl_like_ASL_1_Unit_4_Vocabulary(1).mp4_aug_temporal.mp4,LIKE
LIKE/msasl_like_ASL_1_Unit_4_Vocabulary.mp4.mkv,LIKE
LIKE/msasl_like_ASL_1_Unit_4_Vocabulary.mp4_aug_brightness_contrast.mp4,LIKE
LIKE/msasl_like_ASL_1_Unit_4_Vocabulary.mp4_aug_horizontal_flip.mp4,LIKE
LIKE/msasl_like_ASL_1_Unit_4_Vocabulary.mp4_aug_slight_rotation.mp4,LIKE
LIKE/msasl_like_ASL_1_Unit_4_Vocabulary.mp4_aug_temporal.mp4,LIKE
LIKE/msasl_like_ASL_I_-_Unit_6_Vocabulary_Review.mp4.mkv,LIKE
LIKE/msasl_like_ASL_I_-_Unit_6_Vocabulary_Review.mp4_aug_brightness_contrast.mp4,LIKE
LIKE/msasl_like_ASL_I_-_Unit_6_Vocabulary_Review.mp4_aug_horizontal_flip.mp4,LIKE
LIKE/msasl_like_ASL_I_-_Unit_6_Vocabulary_Review.mp4_aug_slight_rotation.mp4,LIKE
LIKE/msasl_like_ASL_I_-_Unit_6_Vocabulary_Review.mp4_aug_temporal.mp4,LIKE
LIKE/msasl_like_ASL_Level_1_Unit_6_Vocabulary.mp4.mkv,LIKE
LIKE/msasl_like_ASL_Level_1_Unit_6_Vocabulary.mp4_aug_brightness_contrast.mp4,LIKE
LIKE/msasl_like_ASL_Level_1_Unit_6_Vocabulary.mp4_aug_horizontal_flip.mp4,LIKE
LIKE/msasl_like_ASL_Level_1_Unit_6_Vocabulary.mp4_aug_slight_rotation.mp4,LIKE
LIKE/msasl_like_ASL_Level_1_Unit_6_Vocabulary.mp4_aug_temporal.mp4,LIKE
LIKE/msasl_like_ASL_Opposites.mp4.mkv,LIKE
LIKE/msasl_like_ASL_Opposites.mp4_aug_brightness_contrast.mp4,LIKE
LIKE/msasl_like_ASL_Opposites.mp4_aug_horizontal_flip.mp4,LIKE
LIKE/msasl_like_ASL_Opposites.mp4_aug_slight_rotation.mp4,LIKE
LIKE/msasl_like_ASL_Opposites.mp4_aug_temporal.mp4,LIKE
LIKE/msasl_like_ASL_Unit_One_Vocabulary.mp4,LIKE
LIKE/msasl_like_ASL_Unit_One_Vocabulary_aug_brightness_contrast.mp4,LIKE
LIKE/msasl_like_ASL_Unit_One_Vocabulary_aug_horizontal_flip.mp4,LIKE
LIKE/msasl_like_ASL_Unit_One_Vocabulary_aug_slight_rotation.mp4,LIKE
LIKE/msasl_like_ASL_Unit_One_Vocabulary_aug_temporal.mp4,LIKE
LIKE/msasl_like_ASL_Vocabulary_like.mp4.mkv,LIKE
LIKE/msasl_like_ASL_Vocabulary_like.mp4_aug_brightness_contrast.mp4,LIKE
LIKE/msasl_like_ASL_Vocabulary_like.mp4_aug_horizontal_flip.mp4,LIKE
LIKE/msasl_like_ASL_Vocabulary_like.mp4_aug_slight_rotation.mp4,LIKE
LIKE/msasl_like_ASL_Vocabulary_like.mp4_aug_temporal.mp4,LIKE
LIKE/msasl_like_ASL_conversational_signs.mp4,LIKE
LIKE/msasl_like_ASL_conversational_signs_aug_brightness_contrast.mp4,LIKE
LIKE/msasl_like_ASL_conversational_signs_aug_horizontal_flip.mp4,LIKE
LIKE/msasl_like_ASL_conversational_signs_aug_slight_rotation.mp4,LIKE
LIKE/msasl_like_ASL_conversational_signs_aug_temporal.mp4,LIKE
LIKE/msasl_like_Asl_vocab_2.mp4.mkv,LIKE
LIKE/msasl_like_Asl_vocab_2.mp4_aug_brightness_contrast.mp4,LIKE
LIKE/msasl_like_Asl_vocab_2.mp4_aug_horizontal_flip.mp4,LIKE
LIKE/msasl_like_Asl_vocab_2.mp4_aug_slight_rotation.mp4,LIKE
LIKE/msasl_like_Asl_vocab_2.mp4_aug_temporal.mp4,LIKE
LIKE/msasl_like_Basic_ASL_Vocabulary_for_Babies.mp4,LIKE
LIKE/msasl_like_Basic_ASL_Vocabulary_for_Babies_aug_brightness_contrast.mp4,LIKE
LIKE/msasl_like_Basic_ASL_Vocabulary_for_Babies_aug_horizontal_flip.mp4,LIKE
LIKE/msasl_like_Basic_ASL_Vocabulary_for_Babies_aug_slight_rotation.mp4,LIKE
LIKE/msasl_like_Basic_ASL_Vocabulary_for_Babies_aug_temporal.mp4,LIKE
LIKE/msasl_like_Beginner_Vocabulary.mp4.mkv,LIKE
LIKE/msasl_like_Beginner_Vocabulary.mp4_aug_brightness_contrast.mp4,LIKE
LIKE/msasl_like_Beginner_Vocabulary.mp4_aug_horizontal_flip.mp4,LIKE
LIKE/msasl_like_Beginner_Vocabulary.mp4_aug_slight_rotation.mp4,LIKE
LIKE/msasl_like_Beginner_Vocabulary.mp4_aug_temporal.mp4,LIKE
LIKE/msasl_like_Facial_Expressions_Vocabulary_Video_ASL_-_American_Sign_Language.mp4.mkv,LIKE
LIKE/msasl_like_Facial_Expressions_Vocabulary_Video_ASL_-_American_Sign_Language.mp4_aug_brightness_contrast.mp4,LIKE
LIKE/msasl_like_Facial_Expressions_Vocabulary_Video_ASL_-_American_Sign_Language.mp4_aug_horizontal_flip.mp4,LIKE
LIKE/msasl_like_Facial_Expressions_Vocabulary_Video_ASL_-_American_Sign_Language.mp4_aug_slight_rotation.mp4,LIKE
LIKE/msasl_like_Facial_Expressions_Vocabulary_Video_ASL_-_American_Sign_Language.mp4_aug_temporal.mp4,LIKE
LIKE/msasl_like_Introduction_to_American_Sign_Language_Questions_and_Small_Talk.mp4.mkv,LIKE
LIKE/msasl_like_Introduction_to_American_Sign_Language_Questions_and_Small_Talk.mp4_aug_brightness_contrast.mp4,LIKE
LIKE/msasl_like_Introduction_to_American_Sign_Language_Questions_and_Small_Talk.mp4_aug_horizontal_flip.mp4,LIKE
LIKE/msasl_like_Introduction_to_American_Sign_Language_Questions_and_Small_Talk.mp4_aug_slight_rotation.mp4,LIKE
LIKE/msasl_like_Introduction_to_American_Sign_Language_Questions_and_Small_Talk.mp4_aug_temporal.mp4,LIKE
LIKE/msasl_like_LIKE(1).mp4,LIKE
LIKE/msasl_like_LIKE(1)_aug_brightness_contrast.mp4,LIKE
LIKE/msasl_like_LIKE(1)_aug_horizontal_flip.mp4,LIKE
LIKE/msasl_like_LIKE(1)_aug_slight_rotation.mp4,LIKE
LIKE/msasl_like_LIKE(1)_aug_temporal.mp4,LIKE
LIKE/msasl_like_LIKE(2).mp4.webm,LIKE
LIKE/msasl_like_LIKE(2).mp4_aug_brightness_contrast.mp4,LIKE
LIKE/msasl_like_LIKE(2).mp4_aug_horizontal_flip.mp4,LIKE
LIKE/msasl_like_LIKE(2).mp4_aug_slight_rotation.mp4,LIKE
LIKE/msasl_like_LIKE(2).mp4_aug_temporal.mp4,LIKE
LIKE/msasl_like_LIKE(3).mp4.mkv,LIKE
LIKE/msasl_like_LIKE(3).mp4_aug_brightness_contrast.mp4,LIKE
LIKE/msasl_like_LIKE(3).mp4_aug_horizontal_flip.mp4,LIKE
LIKE/msasl_like_LIKE(3).mp4_aug_slight_rotation.mp4,LIKE
LIKE/msasl_like_LIKE(3).mp4_aug_temporal.mp4,LIKE
LIKE/msasl_like_LIKE-affection-for.mp4.mkv,LIKE
LIKE/msasl_like_LIKE-affection-for.mp4_aug_brightness_contrast.mp4,LIKE
LIKE/msasl_like_LIKE-affection-for.mp4_aug_horizontal_flip.mp4,LIKE
LIKE/msasl_like_LIKE-affection-for.mp4_aug_slight_rotation.mp4,LIKE
LIKE/msasl_like_LIKE-affection-for.mp4_aug_temporal.mp4,LIKE
LIKE/msasl_like_Learn_American_Sign_Language_Basic_Vocabulary.mp4,LIKE
LIKE/msasl_like_Learn_American_Sign_Language_Basic_Vocabulary_aug_brightness_contrast.mp4,LIKE
LIKE/msasl_like_Learn_American_Sign_Language_Basic_Vocabulary_aug_horizontal_flip.mp4,LIKE
LIKE/msasl_like_Learn_American_Sign_Language_Basic_Vocabulary_aug_slight_rotation.mp4,LIKE
LIKE/msasl_like_Learn_American_Sign_Language_Basic_Vocabulary_aug_temporal.mp4,LIKE
LIKE/msasl_like_Lesson_3_Vocabulary_-_A_Basic_Course_(ABC)_in_ASL.mp4.mkv,LIKE
LIKE/msasl_like_Lesson_3_Vocabulary_-_A_Basic_Course_(ABC)_in_ASL.mp4_aug_brightness_contrast.mp4,LIKE
LIKE/msasl_like_Lesson_3_Vocabulary_-_A_Basic_Course_(ABC)_in_ASL.mp4_aug_horizontal_flip.mp4,LIKE
LIKE/msasl_like_Lesson_3_Vocabulary_-_A_Basic_Course_(ABC)_in_ASL.mp4_aug_slight_rotation.mp4,LIKE
LIKE/msasl_like_Lesson_3_Vocabulary_-_A_Basic_Course_(ABC)_in_ASL.mp4_aug_temporal.mp4,LIKE
LIKE/msasl_like_Like.mp4,LIKE
LIKE/msasl_like_Like_aug_brightness_contrast.mp4,LIKE
LIKE/msasl_like_Like_aug_horizontal_flip.mp4,LIKE
LIKE/msasl_like_Like_aug_slight_rotation.mp4,LIKE
LIKE/msasl_like_Like_aug_temporal.mp4,LIKE
LIKE/msasl_like_Like.mp4.mkv,LIKE
LIKE/msasl_like_Like.mp4_aug_brightness_contrast.mp4,LIKE
LIKE/msasl_like_Like.mp4_aug_horizontal_flip.mp4,LIKE
LIKE/msasl_like_Like.mp4_aug_slight_rotation.mp4,LIKE
LIKE/msasl_like_Like.mp4_aug_temporal.mp4,LIKE
LIKE/msasl_like_Mr_Jensen_ASL_-_School.mp4,LIKE
LIKE/msasl_like_Mr_Jensen_ASL_-_School_aug_brightness_contrast.mp4,LIKE
LIKE/msasl_like_Mr_Jensen_ASL_-_School_aug_horizontal_flip.mp4,LIKE
LIKE/msasl_like_Mr_Jensen_ASL_-_School_aug_slight_rotation.mp4,LIKE
LIKE/msasl_like_Mr_Jensen_ASL_-_School_aug_temporal.mp4,LIKE
LIKE/msasl_like_Relationships_Vocabulary_-_ASL.mp4,LIKE
LIKE/msasl_like_Relationships_Vocabulary_-_ASL_aug_brightness_contrast.mp4,LIKE
LIKE/msasl_like_Relationships_Vocabulary_-_ASL_aug_horizontal_flip.mp4,LIKE
LIKE/msasl_like_Relationships_Vocabulary_-_ASL_aug_slight_rotation.mp4,LIKE
LIKE/msasl_like_Relationships_Vocabulary_-_ASL_aug_temporal.mp4,LIKE
LIKE/msasl_like_SWIC_Community_Ed_-_Class_One.mp4,LIKE
LIKE/msasl_like_SWIC_Community_Ed_-_Class_One_aug_brightness_contrast.mp4,LIKE
LIKE/msasl_like_SWIC_Community_Ed_-_Class_One_aug_horizontal_flip.mp4,LIKE
LIKE/msasl_like_SWIC_Community_Ed_-_Class_One_aug_slight_rotation.mp4,LIKE
LIKE/msasl_like_SWIC_Community_Ed_-_Class_One_aug_temporal.mp4,LIKE
LIKE/msasl_like_Signing_Naturally_Unit_2.mp4.mkv,LIKE
LIKE/msasl_like_Signing_Naturally_Unit_2.mp4_aug_brightness_contrast.mp4,LIKE
LIKE/msasl_like_Signing_Naturally_Unit_2.mp4_aug_horizontal_flip.mp4,LIKE
LIKE/msasl_like_Signing_Naturally_Unit_2.mp4_aug_slight_rotation.mp4,LIKE
LIKE/msasl_like_Signing_Naturally_Unit_2.mp4_aug_temporal.mp4,LIKE
LIKE/msasl_like_The_First_100_Signs_You_Need_to_Know.mp4.webm,LIKE
LIKE/msasl_like_The_First_100_Signs_You_Need_to_Know.mp4_aug_brightness_contrast.mp4,LIKE
LIKE/msasl_like_The_First_100_Signs_You_Need_to_Know.mp4_aug_horizontal_flip.mp4,LIKE
LIKE/msasl_like_The_First_100_Signs_You_Need_to_Know.mp4_aug_slight_rotation.mp4,LIKE
LIKE/msasl_like_The_First_100_Signs_You_Need_to_Know.mp4_aug_temporal.mp4,LIKE
LIKE/msasl_like_Unit_1(1).mp4.webm,LIKE
LIKE/msasl_like_Unit_1(1).mp4_aug_brightness_contrast.mp4,LIKE
LIKE/msasl_like_Unit_1(1).mp4_aug_horizontal_flip.mp4,LIKE
LIKE/msasl_like_Unit_1(1).mp4_aug_slight_rotation.mp4,LIKE
LIKE/msasl_like_Unit_1(1).mp4_aug_temporal.mp4,LIKE
LIKE/msasl_like_Unit_1_Vocabulary.mp4.mkv,LIKE
LIKE/msasl_like_Unit_1_Vocabulary.mp4_aug_brightness_contrast.mp4,LIKE
LIKE/msasl_like_Unit_1_Vocabulary.mp4_aug_horizontal_flip.mp4,LIKE
LIKE/msasl_like_Unit_1_Vocabulary.mp4_aug_slight_rotation.mp4,LIKE
LIKE/msasl_like_Unit_1_Vocabulary.mp4_aug_temporal.mp4,LIKE
LIKE/msasl_like_Unit_1_Vocabulary_ASL_Level_1_-_American_Sign_Language.mp4.webm,LIKE
LIKE/msasl_like_Unit_1_Vocabulary_ASL_Level_1_-_American_Sign_Language.mp4_aug_brightness_contrast.mp4,LIKE
LIKE/msasl_like_Unit_1_Vocabulary_ASL_Level_1_-_American_Sign_Language.mp4_aug_horizontal_flip.mp4,LIKE
LIKE/msasl_like_Unit_1_Vocabulary_ASL_Level_1_-_American_Sign_Language.mp4_aug_slight_rotation.mp4,LIKE
LIKE/msasl_like_Unit_1_Vocabulary_ASL_Level_1_-_American_Sign_Language.mp4_aug_temporal.mp4,LIKE
LIKE/msasl_like_Unit_2_Vocabulary_(Part_3)_(rev_2018).mp4,LIKE
LIKE/msasl_like_Unit_2_Vocabulary_(Part_3)_(rev_2018)_aug_brightness_contrast.mp4,LIKE
LIKE/msasl_like_Unit_2_Vocabulary_(Part_3)_(rev_2018)_aug_horizontal_flip.mp4,LIKE
LIKE/msasl_like_Unit_2_Vocabulary_(Part_3)_(rev_2018)_aug_slight_rotation.mp4,LIKE
LIKE/msasl_like_Unit_2_Vocabulary_(Part_3)_(rev_2018)_aug_temporal.mp4,LIKE
LIKE/msasl_like_Unit_6.mp4.mkv,LIKE
LIKE/msasl_like_Unit_6.mp4_aug_brightness_contrast.mp4,LIKE
LIKE/msasl_like_Unit_6.mp4_aug_horizontal_flip.mp4,LIKE
LIKE/msasl_like_Unit_6.mp4_aug_slight_rotation.mp4,LIKE
LIKE/msasl_like_Unit_6.mp4_aug_temporal.mp4,LIKE
LIKE/msasl_like_Unit_6_Vocabularymp4.mp4.mkv,LIKE
LIKE/msasl_like_Unit_6_Vocabularymp4.mp4_aug_brightness_contrast.mp4,LIKE
LIKE/msasl_like_Unit_6_Vocabularymp4.mp4_aug_horizontal_flip.mp4,LIKE
LIKE/msasl_like_Unit_6_Vocabularymp4.mp4_aug_slight_rotation.mp4,LIKE
LIKE/msasl_like_Unit_6_Vocabularymp4.mp4_aug_temporal.mp4,LIKE
LIKE/msasl_like_Useful_vocab.mp4,LIKE
LIKE/msasl_like_Useful_vocab_aug_brightness_contrast.mp4,LIKE
LIKE/msasl_like_Useful_vocab_aug_horizontal_flip.mp4,LIKE
LIKE/msasl_like_Useful_vocab_aug_slight_rotation.mp4,LIKE
LIKE/msasl_like_Useful_vocab_aug_temporal.mp4,LIKE
LIKE/msasl_like_Valentine_Vocabulary.mp4.mkv,LIKE
LIKE/msasl_like_Valentine_Vocabulary.mp4_aug_brightness_contrast.mp4,LIKE
LIKE/msasl_like_Valentine_Vocabulary.mp4_aug_horizontal_flip.mp4,LIKE
LIKE/msasl_like_Valentine_Vocabulary.mp4_aug_slight_rotation.mp4,LIKE
LIKE/msasl_like_Valentine_Vocabulary.mp4_aug_temporal.mp4,LIKE
LIKE/msasl_like_like_-_ASL_sign_for_like.mp4.webm,LIKE
LIKE/msasl_like_like_-_ASL_sign_for_like.mp4_aug_brightness_contrast.mp4,LIKE
LIKE/msasl_like_like_-_ASL_sign_for_like.mp4_aug_horizontal_flip.mp4,LIKE
LIKE/msasl_like_like_-_ASL_sign_for_like.mp4_aug_slight_rotation.mp4,LIKE
LIKE/msasl_like_like_-_ASL_sign_for_like.mp4_aug_temporal.mp4,LIKE
LIKE/msasl_like_like_in_American_Sign_Language.mp4,LIKE
LIKE/msasl_like_like_in_American_Sign_Language_aug_brightness_contrast.mp4,LIKE
LIKE/msasl_like_like_in_American_Sign_Language_aug_horizontal_flip.mp4,LIKE
LIKE/msasl_like_like_in_American_Sign_Language_aug_slight_rotation.mp4,LIKE
LIKE/msasl_like_like_in_American_Sign_Language_aug_temporal.mp4,LIKE
LIKE/wlasl_33266.mp4,LIKE
LIKE/wlasl_33266_aug_brightness_contrast.mp4,LIKE
LIKE/wlasl_33266_aug_horizontal_flip.mp4,LIKE
LIKE/wlasl_33266_aug_slight_rotation.mp4,LIKE
LIKE/wlasl_33266_aug_temporal.mp4,LIKE
LIKE/wlasl_33267.mp4,LIKE
LIKE/wlasl_33267_aug_brightness_contrast.mp4,LIKE
LIKE/wlasl_33267_aug_horizontal_flip.mp4,LIKE
LIKE/wlasl_33267_aug_slight_rotation.mp4,LIKE
LIKE/wlasl_33267_aug_temporal.mp4,LIKE
LIKE/wlasl_33268.mp4,LIKE
LIKE/wlasl_33268_aug_brightness_contrast.mp4,LIKE
LIKE/wlasl_33268_aug_horizontal_flip.mp4,LIKE
LIKE/wlasl_33268_aug_slight_rotation.mp4,LIKE
LIKE/wlasl_33268_aug_temporal.mp4,LIKE
LIKE/wlasl_33269.mp4,LIKE
LIKE/wlasl_33269_aug_brightness_contrast.mp4,LIKE
LIKE/wlasl_33269_aug_horizontal_flip.mp4,LIKE
LIKE/wlasl_33269_aug_slight_rotation.mp4,LIKE
LIKE/wlasl_33269_aug_temporal.mp4,LIKE
LIKE/wlasl_33270.mp4,LIKE
LIKE/wlasl_33270_aug_brightness_contrast.mp4,LIKE
LIKE/wlasl_33270_aug_horizontal_flip.mp4,LIKE
LIKE/wlasl_33270_aug_slight_rotation.mp4,LIKE
LIKE/wlasl_33270_aug_temporal.mp4,LIKE
LIKE/wlasl_33273.mp4,LIKE
LIKE/wlasl_33273_aug_brightness_contrast.mp4,LIKE
LIKE/wlasl_33273_aug_horizontal_flip.mp4,LIKE
LIKE/wlasl_33273_aug_slight_rotation.mp4,LIKE
LIKE/wlasl_33273_aug_temporal.mp4,LIKE
LIKE/wlasl_33274.mp4,LIKE
LIKE/wlasl_33274_aug_brightness_contrast.mp4,LIKE
LIKE/wlasl_33274_aug_horizontal_flip.mp4,LIKE
LIKE/wlasl_33274_aug_slight_rotation.mp4,LIKE
LIKE/wlasl_33274_aug_temporal.mp4,LIKE
LIKE/wlasl_69389.mp4,LIKE
LIKE/wlasl_69389_aug_brightness_contrast.mp4,LIKE
LIKE/wlasl_69389_aug_horizontal_flip.mp4,LIKE
LIKE/wlasl_69389_aug_slight_rotation.mp4,LIKE
LIKE/wlasl_69389_aug_temporal.mp4,LIKE
